time,FR_HIP_mode,FR_HIP_kp,FR_HIP_kd,FR_HIP_q_r,FR_HIP_dq_r,FR_HIP_tau,FR_HIP_q,FR_HIP_dq,FR_THIGH_mode,FR_THIGH_kp,FR_THIGH_kd,FR_THIGH_q_r,FR_THIGH_dq_r,FR_THIGH_tau,FR_THIGH_q,FR_THIGH_dq,FR_CALF_mode,FR_CALF_kp,FR_CALF_kd,FR_CALF_q_r,FR_CALF_dq_r,FR_CALF_tau,FR_CALF_q,FR_CALF_dq,FL_HIP_mode,FL_HIP_kp,FL_HIP_kd,FL_HIP_q_r,FL_HIP_dq_r,FL_HIP_tau,FL_HIP_q,FL_HIP_dq,FL_THIGH_mode,FL_THIGH_kp,FL_THIGH_kd,FL_THIGH_q_r,FL_THIGH_dq_r,FL_THIGH_tau,FL_THIGH_q,FL_THIGH_dq,FL_CALF_mode,FL_CALF_kp,FL_CALF_kd,FL_CALF_q_r,FL_CALF_dq_r,FL_CALF_tau,FL_CALF_q,FL_CALF_dq,BR_HIP_mode,BR_HIP_kp,BR_HIP_kd,BR_HIP_q_r,BR_HIP_dq_r,BR_HIP_tau,BR_HIP_q,BR_HIP_dq,BR_THIGH_mode,BR_THIGH_kp,BR_THIGH_kd,BR_THIGH_q_r,BR_THIGH_dq_r,BR_THIGH_tau,BR_THIGH_q,BR_THIGH_dq,BR_CALF_mode,BR_CALF_kp,BR_CALF_kd,BR_CALF_q_r,BR_CALF_dq_r,BR_CALF_tau,BR_CALF_q,BR_CALF_dq,BL_HIP_mode,BL_HIP_kp,BL_HIP_kd,BL_HIP_q_r,BL_HIP_dq_r,BL_HIP_tau,BL_HIP_q,BL_HIP_dq,BL_THIGH_mode,BL_THIGH_kp,BL_THIGH_kd,BL_THIGH_q_r,BL_THIGH_dq_r,BL_THIGH_tau,BL_THIGH_q,BL_THIGH_dq,BL_CALF_mode,BL_CALF_kp,BL_CALF_kd,BL_CALF_q_r,BL_CALF_dq_r,BL_CALF_tau,BL_CALF_q,BL_CALF_dq,
1,0,0,0,0,0,0,0,0,0,0,0,0,0,0,0,0,0,0,0,0,0,0,0,0,0,0,0,0,0,0,0,0,0,0,0,0,0,0,0,0,0,0,0,0,0,0,0,0,0,0,0,0,0,0,0,0,0,0,0,0,0,0,0,0,0,0,0,0,0,0,0,0,0,0,0,0,0,0,0,0,0,0,0,0,0,0,0,0,0,0,0,0,0,0,0,0,
2,0,0,0,0,0,0,0.107326,-0.0348797,0,0,0,0,0,0,1.32196,0,0,0,0,0,0,0,-2.83484,-0.0363962,0,0,0,0,0,0,-0.0580346,-0.081386,0,0,0,0,0,0,1.30255,-0.0542573,0,0,0,0,0,0,-2.80473,0.00202201,0,0,0,0,0,0,-0.296763,0.0387552,0,0,0,0,0,0,1.31639,0.0465063,0,0,0,0,0,0,-2.81375,0.00808805,0,0,0,0,0,0,0.31611,-0.00387552,0,0,0,0,0,0,1.309,0.00387552,0,0,0,0,0,0,-2.81089,0.00404402,
3,0,0,0,0,0,0,0.107326,-0.0310042,0,0,0,0,0,0,1.32196,0,0,0,0,0,0,0,-2.83484,-0.0465063,0,0,0,0,0,0,-0.0580346,-0.073635,0,0,0,0,0,0,1.30255,0.0116266,0,0,0,0,0,0,-2.80471,0.0202201,0,0,0,0,0,0,-0.296793,-0.0232531,0,0,0,0,0,0,1.31639,0.0348797,0,0,0,0,0,0,-2.81375,-0.0202201,0,0,0,0,0,0,0.31614,0.0310042,0,0,0,0,0,0,1.30897,-0.0581329,0,0,0,0,0,0,-2.81089,-0.00808805,
4,0,0,0,0,0,0,0.107357,0.0271287,0,0,0,0,0,0,1.32199,0.0581329,0,0,0,0,0,0,-2.83481,-0.00606604,0,0,0,0,0,0,-0.057974,0.0155021,0,0,0,0,0,0,1.30255,-0.0542573,0,0,0,0,0,0,-2.80473,0,0,0,0,0,0,0,-0.296793,0,0,0,0,0,0,0,1.31635,-0.0155021,0,0,0,0,0,0,-2.81375,-0.0181981,0,0,0,0,0,0,0.31611,-0.00775105,0,0,0,0,0,0,1.309,0.0155021,0,0,0,0,0,0,-2.81089,-0.0101101,
5,0,0,0,0,0,0,0.107326,-0.0116266,0,0,0,0,0,0,1.32196,-0.0155021,0,0,0,0,0,0,-2.83481,0.0202201,0,0,0,0,0,0,-0.057974,0.00775105,0,0,0,0,0,0,1.30255,-0.0465063,0,0,0,0,0,0,-2.80471,0.0202201,0,0,0,0,0,0,-0.296793,-0.0232531,0,0,0,0,0,0,1.31635,-0.0193776,0,0,0,0,0,0,-2.81373,0.0101101,0,0,0,0,0,0,0.31614,0.0348797,0,0,0,0,0,0,1.30897,-0.0426308,0,0,0,0,0,0,-2.81089,0,
6,0,0,0,0,0,0,0.107357,0.0348797,0,0,0,0,0,0,1.32199,0.0581329,0,0,0,0,0,0,-2.83481,0.0181981,0,0,0,0,0,0,-0.057974,0.00775105,0,0,0,0,0,0,1.30258,0.0193776,0,0,0,0,0,0,-2.8047,0.0485283,0,0,0,0,0,0,-0.296763,-0.0310042,0,0,0,0,0,0,1.31639,0.0426308,0,0,0,0,0,0,-2.81375,-0.0242641,0,0,0,0,0,0,0.31611,-0.0155021,0,0,0,0,0,0,1.309,0.0193776,0,0,0,0,0,0,-2.81089,0.0222421,
7,0,0,0,0,0,0,0.107357,0.0348797,0,0,0,0,0,0,1.32196,0,0,0,0,0,0,0,-2.83481,0.0181981,0,0,0,0,0,0,-0.057974,0.0193776,0,0,0,0,0,0,1.30255,-0.0581329,0,0,0,0,0,0,-2.8047,0.0485283,0,0,0,0,0,0,-0.296823,-0.0658839,0,0,0,0,0,0,1.31639,0.00775105,0,0,0,0,0,0,-2.81375,-0.0242641,0,0,0,0,0,0,0.31608,0.0387552,0,0,0,0,0,0,1.30897,-0.0310042,0,0,0,0,0,0,-2.81087,0.0262862,
8,0,0,0,0,0,0,0.107357,0.0271287,0,0,0,0,0,0,1.32199,0.0465063,0,0,0,0,0,0,-2.83484,-0.0485283,0,0,0,0,0,0,-0.0580346,-0.073635,0,0,0,0,0,0,1.30258,0.0155021,0,0,0,0,0,0,-2.80471,0.0202201,0,0,0,0,0,0,-0.296793,-0.0193776,0,0,0,0,0,0,1.31639,0.0387552,0,0,0,0,0,0,-2.81373,0.0101101,0,0,0,0,0,0,0.31614,0.0387552,0,0,0,0,0,0,1.309,0.0193776,0,0,0,0,0,0,-2.81087,0.0202201,
9,0,0,0,0,0,0,0.107296,-0.0852615,0,0,0,0,0,0,1.32196,-0.00775105,0,0,0,0,0,0,-2.83482,-0.0101101,0,0,0,0,0,0,-0.057974,0.0232531,0,0,0,0,0,0,1.30255,-0.0503818,0,0,0,0,0,0,-2.80471,0.0262862,0,0,0,0,0,0,-0.296763,0.0232531,0,0,0,0,0,0,1.31635,-0.00387552,0,0,0,0,0,0,-2.81375,-0.0202201,0,0,0,0,0,0,0.31614,0.0426308,0,0,0,0,0,0,1.30897,-0.0542573,0,0,0,0,0,0,-2.81087,0.0202201,
10,0,0,0,0,0,0,0.107296,-0.0852615,0,0,0,0,0,0,1.32199,0.0503818,0,0,0,0,0,0,-2.83482,-0.0121321,0,0,0,0,0,0,-0.057974,0.0232531,0,0,0,0,0,0,1.30255,-0.0426308,0,0,0,0,0,0,-2.80471,0.0222421,0,0,0,0,0,0,-0.296763,0.0232531,0,0,0,0,0,0,1.31639,0.0465063,0,0,0,0,0,0,-2.81375,-0.0303302,0,0,0,0,0,0,0.31614,0.0426308,0,0,0,0,0,0,1.309,-0.0542573,0,0,0,0,0,0,-2.81087,0.0202201,
11,0,0,0,0,0,0,0.107326,-0.0155021,0,0,0,0,0,0,1.32199,0.0465063,0,0,0,0,0,0,-2.83484,-0.0404403,0,0,0,0,0,0,-0.057974,0.00775105,0,0,0,0,0,0,1.30261,0.0620084,0,0,0,0,0,0,-2.80471,0.0262862,0,0,0,0,0,0,-0.296793,-0.0193776,0,0,0,0,0,0,1.31639,0.0542573,0,0,0,0,0,0,-2.81375,-0.0202201,0,0,0,0,0,0,0.31611,0,0,0,0,0,0,0,1.309,0.0155021,0,0,0,0,0,0,-2.81089,0.00202201,
12,0,0,0,0,0,0,0.107357,0.0232531,0,0,0,0,0,0,1.32199,0.0620084,0,0,0,0,0,0,-2.83484,-0.0384182,0,0,0,0,0,0,-0.0580346,-0.081386,0,0,0,0,0,0,1.30255,-0.0503818,0,0,0,0,0,0,-2.80473,-0.00404402,0,0,0,0,0,0,-0.296763,0.0387552,0,0,0,0,0,0,1.31635,-0.0155021,0,0,0,0,0,0,-2.81375,-0.0202201,0,0,0,0,0,0,0.31614,0.0503818,0,0,0,0,0,0,1.309,0.0155021,0,0,0,0,0,0,-2.81087,0.0202201,
13,0,0,0,0,0,0,0.107357,0.0232531,0,0,0,0,0,0,1.32199,0.0503818,0,0,0,0,0,0,-2.83482,-0.00606604,0,0,0,0,0,0,-0.0580346,-0.081386,0,0,0,0,0,0,1.30255,-0.0542573,0,0,0,0,0,0,-2.80473,-0.00404402,0,0,0,0,0,0,-0.296763,0.0348797,0,0,0,0,0,0,1.31635,-0.00387552,0,0,0,0,0,0,-2.81375,-0.0181981,0,0,0,0,0,0,0.31614,0.0387552,0,0,0,0,0,0,1.309,0.0155021,0,0,0,0,0,0,-2.81087,0.0181981,
14,0,0,0,0,0,0,0.107357,0.0426308,0,0,0,0,0,0,1.32196,-0.00387552,0,0,0,0,0,0,-2.83482,-0.0202201,0,0,0,0,0,0,-0.0580043,-0.0387552,0,0,0,0,0,0,1.30258,0,0,0,0,0,0,0,-2.80471,0.0222421,0,0,0,0,0,0,-0.296793,-0.0232531,0,0,0,0,0,0,1.31639,0.0620084,0,0,0,0,0,0,-2.81375,-0.0202201,0,0,0,0,0,0,0.31614,0,0,0,0,0,0,0,1.30897,-0.0542573,0,0,0,0,0,0,-2.81089,0.00404402,
15,0,0,0,0,0,0,0.107326,0.00775105,0,0,0,0,0,0,1.32196,0,0,0,0,0,0,0,-2.83484,-0.0242641,0,0,0,0,0,0,-0.0580043,-0.0310042,0,0,0,0,0,0,1.30255,-0.0503818,0,0,0,0,0,0,-2.80471,0.0181981,0,0,0,0,0,0,-0.296763,0.0387552,0,0,0,0,0,0,1.31642,0.100764,0,0,0,0,0,0,-2.81375,-0.0161761,0,0,0,0,0,0,0.31614,0.0465063,0,0,0,0,0,0,1.309,0.0155021,0,0,0,0,0,0,-2.81087,0.0222421,
16,0,0,0,0,0,0,0.107296,-0.0775105,0,0,0,0,0,0,1.32199,0.0465063,0,0,0,0,0,0,-2.83482,-0.0141541,0,0,0,0,0,0,-0.057974,0.0193776,0,0,0,0,0,0,1.30255,-0.0581329,0,0,0,0,0,0,-2.80471,-0.00808805,0,0,0,0,0,0,-0.296793,-0.0193776,0,0,0,0,0,0,1.31639,-0.00387552,0,0,0,0,0,0,-2.81375,-0.0202201,0,0,0,0,0,0,0.31614,0.0387552,0,0,0,0,0,0,1.309,-0.0310042,0,0,0,0,0,0,-2.81089,-0.00808805,
17,0,0,0,0,0,0,0.107296,-0.0775105,0,0,0,0,0,0,1.32199,0.0620084,0,0,0,0,0,0,-2.83481,0.0161761,0,0,0,0,0,0,-0.057974,0.0193776,0,0,0,0,0,0,1.30258,0.00775105,0,0,0,0,0,0,-2.80473,0,0,0,0,0,0,0,-0.296793,-0.0193776,0,0,0,0,0,0,1.31639,0.0542573,0,0,0,0,0,0,-2.81375,-0.0161761,0,0,0,0,0,0,0.31611,-0.0155021,0,0,0,0,0,0,1.309,0.0155021,0,0,0,0,0,0,-2.81091,-0.0384182,
18,0,0,0,0,0,0,0.107296,-0.0620084,0,0,0,0,0,0,1.32196,-0.0193776,0,0,0,0,0,0,-2.83484,-0.0343742,0,0,0,0,0,0,-0.057974,0,0,0,0,0,0,0,1.30255,-0.0503818,0,0,0,0,0,0,-2.80473,0,0,0,0,0,0,0,-0.296793,-0.0193776,0,0,0,0,0,0,1.31639,0.0387552,0,0,0,0,0,0,-2.81375,-0.0161761,0,0,0,0,0,0,0.31611,-0.0193776,0,0,0,0,0,0,1.309,0.0155021,0,0,0,0,0,0,-2.81089,-0.00808805,
19,0,0,0,0,0,0,0.107326,-0.0310042,0,0,0,0,0,0,1.32199,0,0,0,0,0,0,0,-2.83481,0.00808805,0,0,0,0,0,0,-0.057974,0.00775105,0,0,0,0,0,0,1.30255,-0.0387552,0,0,0,0,0,0,-2.80471,0.0242641,0,0,0,0,0,0,-0.296763,0.0348797,0,0,0,0,0,0,1.31642,-0.0155021,0,0,0,0,0,0,-2.81375,-0.0202201,0,0,0,0,0,0,0.31611,-0.0193776,0,0,0,0,0,0,1.309,0.0155021,0,0,0,0,0,0,-2.81089,-0.00808805,
20,0,0,0,0,0,0,0.107326,-0.0271287,0,0,0,0,0,0,1.32196,0,0,0,0,0,0,0,-2.83481,0.0222421,0,0,0,0,0,0,-0.057974,0.0193776,0,0,0,0,0,0,1.30258,0.00387552,0,0,0,0,0,0,-2.80475,-0.0222421,0,0,0,0,0,0,-0.296763,0.0387552,0,0,0,0,0,0,1.31639,0.0310042,0,0,0,0,0,0,-2.81373,0.00808805,0,0,0,0,0,0,0.31614,0.0426308,0,0,0,0,0,0,1.309,0.00775105,0,0,0,0,0,0,-2.81087,0.0202201,
21,0,0,0,0,0,0,0.107326,-0.0155021,0,0,0,0,0,0,1.32196,-0.00387552,0,0,0,0,0,0,-2.83482,-0.0181981,0,0,0,0,0,0,-0.0580346,-0.089137,0,0,0,0,0,0,1.30258,-0.0387552,0,0,0,0,0,0,-2.80471,0.0363962,0,0,0,0,0,0,-0.296763,0.0387552,0,0,0,0,0,0,1.31639,0,0,0,0,0,0,0,-2.81373,0.0101101,0,0,0,0,0,0,0.31614,0.0426308,0,0,0,0,0,0,1.309,0.0116266,0,0,0,0,0,0,-2.81087,0.0202201,
22,0,0,0,0,0,0,0.107296,-0.0775105,0,0,0,0,0,0,1.32196,-0.0116266,0,0,0,0,0,0,-2.83482,0.0181981,0,0,0,0,0,0,-0.0580043,-0.0232531,0,0,0,0,0,0,1.30258,0.0116266,0,0,0,0,0,0,-2.80473,-0.00202201,0,0,0,0,0,0,-0.296763,0.0387552,0,0,0,0,0,0,1.31639,0.0387552,0,0,0,0,0,0,-2.81375,-0.0181981,0,0,0,0,0,0,0.31611,-0.0193776,0,0,0,0,0,0,1.309,0.00775105,0,0,0,0,0,0,-2.81087,0.0202201,
23,0,0,0,0,0,0,0.107296,-0.0775105,0,0,0,0,0,0,1.32196,0,0,0,0,0,0,0,-2.83484,-0.0444843,0,0,0,0,0,0,-0.057974,-0.0968881,0,0,0,0,0,0,1.30258,0.0193776,0,0,0,0,0,0,-2.80471,0.0343742,0,0,0,0,0,0,-0.296793,-0.0193776,0,0,0,0,0,0,1.31635,-0.0193776,0,0,0,0,0,0,-2.81375,-0.0242641,0,0,0,0,0,0,0.31614,0.0465063,0,0,0,0,0,0,1.309,0.0155021,0,0,0,0,0,0,-2.81089,-0.00202201,
24,0,0,0,0,0,0,0.107296,-0.0775105,0,0,0,0,0,0,1.32196,-0.0116266,0,0,0,0,0,0,-2.83481,-0.00202201,0,0,0,0,0,0,-0.057974,-0.0968881,0,0,0,0,0,0,1.30261,0.0542573,0,0,0,0,0,0,-2.80473,0.00404402,0,0,0,0,0,0,-0.296793,-0.0193776,0,0,0,0,0,0,1.31635,-0.0193776,0,0,0,0,0,0,-2.81373,0.0101101,0,0,0,0,0,0,0.31614,0.0465063,0,0,0,0,0,0,1.309,0.0155021,0,0,0,0,0,0,-2.81089,-0.00202201,
25,0,0,0,0,0,0,0.107296,-0.100764,0,0,0,0,0,0,1.32196,0.00387552,0,0,0,0,0,0,-2.83481,0.0222421,0,0,0,0,0,0,-0.0580043,-0.0116266,0,0,0,0,0,0,1.30258,0.00775105,0,0,0,0,0,0,-2.80473,-0.00202201,0,0,0,0,0,0,-0.296763,0.0581329,0,0,0,0,0,0,1.31635,0.00775105,0,0,0,0,0,0,-2.81375,-0.0202201,0,0,0,0,0,0,0.31614,0.0387552,0,0,0,0,0,0,1.309,0.0193776,0,0,0,0,0,0,-2.81087,0.0202201,
26,0,0,0,0,0,0,0.107326,-0.0232531,0,0,0,0,0,0,1.32196,-0.00387552,0,0,0,0,0,0,-2.83484,-0.00606604,0,0,0,0,0,0,-0.0580346,0.0697594,0,0,0,0,0,0,1.30255,-0.0387552,0,0,0,0,0,0,-2.80473,0,0,0,0,0,0,0,-0.296763,0.0581329,0,0,0,0,0,0,1.31635,-0.00387552,0,0,0,0,0,0,-2.81375,-0.0202201,0,0,0,0,0,0,0.31614,0.0387552,0,0,0,0,0,0,1.309,0.0193776,0,0,0,0,0,0,-2.81087,0.0202201,
27,0,0,0,0,0,0,0.107387,0.0697594,0,0,0,0,0,0,1.32196,0,0,0,0,0,0,0,-2.83482,-0.0101101,0,0,0,0,0,0,-0.0580043,-0.0155021,0,0,0,0,0,0,1.30258,0,0,0,0,0,0,0,-2.80471,0.0343742,0,0,0,0,0,0,-0.296793,-0.0193776,0,0,0,0,0,0,1.31635,-0.0155021,0,0,0,0,0,0,-2.81373,0.0101101,0,0,0,0,0,0,0.31614,0.0426308,0,0,0,0,0,0,1.30897,-0.0387552,0,0,0,0,0,0,-2.81087,0.0202201,
28,0,0,0,0,0,0,0.107326,-0.0232531,0,0,0,0,0,0,1.32196,0,0,0,0,0,0,0,-2.83484,-0.0323522,0,0,0,0,0,0,-0.0580043,-0.0116266,0,0,0,0,0,0,1.30258,0.00387552,0,0,0,0,0,0,-2.80473,-0.00202201,0,0,0,0,0,0,-0.296763,0.0310042,0,0,0,0,0,0,1.31635,-0.00387552,0,0,0,0,0,0,-2.81373,0.00808805,0,0,0,0,0,0,0.31614,0.0387552,0,0,0,0,0,0,1.309,0,0,0,0,0,0,0,-2.81087,0.0303302,
29,0,0,0,0,0,0,0.107296,0,0,0,0,0,0,0,1.32199,0.0620084,0,0,0,0,0,0,-2.83481,0.0323522,0,0,0,0,0,0,-0.0580043,-0.0116266,0,0,0,0,0,0,1.30255,-0.0542573,0,0,0,0,0,0,-2.80473,-0.00202201,0,0,0,0,0,0,-0.296763,0.0387552,0,0,0,0,0,0,1.31635,0.0542573,0,0,0,0,0,0,-2.81373,0.0121321,0,0,0,0,0,0,0.31614,0.0387552,0,0,0,0,0,0,1.30897,-0.0465063,0,0,0,0,0,0,-2.81089,-0.0101101,
30,0,0,0,0,0,0,0.107357,0.0271287,0,0,0,0,0,0,1.32196,0.00387552,0,0,0,0,0,0,-2.83484,-0.0404403,0,0,0,0,0,0,-0.0580043,-0.0193776,0,0,0,0,0,0,1.30255,-0.0542573,0,0,0,0,0,0,-2.80473,0.00606604,0,0,0,0,0,0,-0.296732,0.0658839,0,0,0,0,0,0,1.31639,-0.00775105,0,0,0,0,0,0,-2.81375,-0.0202201,0,0,0,0,0,0,0.31611,0,0,0,0,0,0,0,1.30897,-0.0581329,0,0,0,0,0,0,-2.81087,0.0161761,
31,0,0,0,0,0,0,0.107357,0.0155021,0,0,0,0,0,0,1.32199,0.0387552,0,0,0,0,0,0,-2.83482,-0.0101101,0,0,0,0,0,0,-0.0580043,-0.0426308,0,0,0,0,0,0,1.30261,0.073635,0,0,0,0,0,0,-2.80473,0.00606604,0,0,0,0,0,0,-0.296763,0.0387552,0,0,0,0,0,0,1.31635,-0.0193776,0,0,0,0,0,0,-2.81373,0.0101101,0,0,0,0,0,0,0.31611,-0.0193776,0,0,0,0,0,0,1.30897,-0.0387552,0,0,0,0,0,0,-2.81089,0.00404402,
32,0,0,0,0,0,0,0.107296,-0.089137,0,0,0,0,0,0,1.32196,-0.0155021,0,0,0,0,0,0,-2.83484,-0.0404403,0,0,0,0,0,0,-0.0580043,-0.0271287,0,0,0,0,0,0,1.30258,0.0155021,0,0,0,0,0,0,-2.80473,-0.00202201,0,0,0,0,0,0,-0.296763,0.0387552,0,0,0,0,0,0,1.31639,0.0387552,0,0,0,0,0,0,-2.81373,-0.0202201,0,0,0,0,0,0,0.31611,-0.0155021,0,0,0,0,0,0,1.309,0.00387552,0,0,0,0,0,0,-2.81089,-0.00606604,
33,0,0,0,0,0,0,0.107357,0.0348797,0,0,0,0,0,0,1.32199,0.0503818,0,0,0,0,0,0,-2.83481,0.0181981,0,0,0,0,0,0,-0.0580043,-0.0387552,0,0,0,0,0,0,1.30255,-0.0542573,0,0,0,0,0,0,-2.80473,0.0161761,0,0,0,0,0,0,-0.296763,0.0116266,0,0,0,0,0,0,1.31635,-0.00387552,0,0,0,0,0,0,-2.81373,0.0101101,0,0,0,0,0,0,0.31614,0.0387552,0,0,0,0,0,0,1.309,0,0,0,0,0,0,0,-2.81089,0,
34,0,0,0,0,0,0,0.107326,0.0232531,0,0,0,0,0,0,1.32199,0.0503818,0,0,0,0,0,0,-2.83484,-0.0283082,0,0,0,0,0,0,-0.057974,0.0232531,0,0,0,0,0,0,1.30258,0.0116266,0,0,0,0,0,0,-2.80471,0.0303302,0,0,0,0,0,0,-0.296763,0.0193776,0,0,0,0,0,0,1.31639,0.0465063,0,0,0,0,0,0,-2.81373,0.00808805,0,0,0,0,0,0,0.31614,0.0387552,0,0,0,0,0,0,1.309,0.00387552,0,0,0,0,0,0,-2.81087,0.0202201,
35,0,0,0,0,0,0,0.107326,-0.0116266,0,0,0,0,0,0,1.32193,-0.0542573,0,0,0,0,0,0,-2.83481,0.00808805,0,0,0,0,0,0,-0.0580043,-0.0581329,0,0,0,0,0,0,1.30255,-0.0387552,0,0,0,0,0,0,-2.80471,0.0303302,0,0,0,0,0,0,-0.296763,0.0310042,0,0,0,0,0,0,1.31639,0.0465063,0,0,0,0,0,0,-2.81373,0.00808805,0,0,0,0,0,0,0.316171,0.0930126,0,0,0,0,0,0,1.309,0.00387552,0,0,0,0,0,0,-2.81089,-0.0101101,
36,0,0,0,0,0,0,0.107326,-0.0852615,0,0,0,0,0,0,1.32199,0.0348797,0,0,0,0,0,0,-2.83482,-0.00606604,0,0,0,0,0,0,-0.0580043,-0.081386,0,0,0,0,0,0,1.30255,-0.0426308,0,0,0,0,0,0,-2.80473,0.00404402,0,0,0,0,0,0,-0.296763,0.0387552,0,0,0,0,0,0,1.31639,0.0387552,0,0,0,0,0,0,-2.81375,-0.0202201,0,0,0,0,0,0,0.31608,-0.0620084,0,0,0,0,0,0,1.309,0.0155021,0,0,0,0,0,0,-2.81089,-0.0101101,
37,0,0,0,0,0,0,0.107326,-0.00775105,0,0,0,0,0,0,1.32196,0,0,0,0,0,0,0,-2.83482,-0.00606604,0,0,0,0,0,0,-0.0580043,-0.0426308,0,0,0,0,0,0,1.30261,0.0697594,0,0,0,0,0,0,-2.80473,-0.00202201,0,0,0,0,0,0,-0.296793,0.0387552,0,0,0,0,0,0,1.31635,-0.00387552,0,0,0,0,0,0,-2.81373,0.00404402,0,0,0,0,0,0,0.31614,0.0387552,0,0,0,0,0,0,1.30897,-0.0542573,0,0,0,0,0,0,-2.81087,-0.0101101,
38,0,0,0,0,0,0,0.107296,-0.0852615,0,0,0,0,0,0,1.32196,-0.00775105,0,0,0,0,0,0,-2.83482,-0.00606604,0,0,0,0,0,0,-0.0580043,-0.0193776,0,0,0,0,0,0,1.30255,-0.0542573,0,0,0,0,0,0,-2.80473,0,0,0,0,0,0,0,-0.296793,-0.0193776,0,0,0,0,0,0,1.31635,-0.00775105,0,0,0,0,0,0,-2.81375,-0.0202201,0,0,0,0,0,0,0.316171,0.104639,0,0,0,0,0,0,1.30897,-0.0542573,0,0,0,0,0,0,-2.81087,0.0242641,
39,0,0,0,0,0,0,0.107326,-0.0348797,0,0,0,0,0,0,1.32199,0.0387552,0,0,0,0,0,0,-2.83482,0,0,0,0,0,0,0,-0.0580043,-0.0387552,0,0,0,0,0,0,1.30255,-0.0387552,0,0,0,0,0,0,-2.80473,0,0,0,0,0,0,0,-0.296793,0.0387552,0,0,0,0,0,0,1.31639,0.0465063,0,0,0,0,0,0,-2.81373,0.00606604,0,0,0,0,0,0,0.31611,-0.0155021,0,0,0,0,0,0,1.309,0,0,0,0,0,0,0,-2.81087,0,
40,0,0,0,0,0,0,0.107296,-0.081386,0,0,0,0,0,0,1.32199,0.0542573,0,0,0,0,0,0,-2.83484,-0.0505503,0,0,0,0,0,0,-0.057974,0.0310042,0,0,0,0,0,0,1.30258,0.0155021,0,0,0,0,0,0,-2.80471,0.0202201,0,0,0,0,0,0,-0.296793,-0.0155021,0,0,0,0,0,0,1.31639,0.0542573,0,0,0,0,0,0,-2.81375,-0.0181981,0,0,0,0,0,0,0.31614,0.0387552,0,0,0,0,0,0,1.30897,-0.0387552,0,0,0,0,0,0,-2.81089,-0.00404402,
41,0,0,0,0,0,0,0.107296,-0.081386,0,0,0,0,0,0,1.32196,-0.00387552,0,0,0,0,0,0,-2.83482,-0.00808805,0,0,0,0,0,0,-0.0580043,-0.0271287,0,0,0,0,0,0,1.30258,0.00387552,0,0,0,0,0,0,-2.80473,0.00404402,0,0,0,0,0,0,-0.296763,0.0465063,0,0,0,0,0,0,1.31639,0.0542573,0,0,0,0,0,0,-2.81375,-0.0181981,0,0,0,0,0,0,0.31611,-0.0155021,0,0,0,0,0,0,1.309,0.00775105,0,0,0,0,0,0,-2.81089,-0.00404402,
42,0,0,0,0,0,0,0.107326,-0.0271287,0,0,0,0,0,0,1.32196,-0.00387552,0,0,0,0,0,0,-2.83482,-0.00808805,0,0,0,0,0,0,-0.057974,0.0426308,0,0,0,0,0,0,1.30258,0.00387552,0,0,0,0,0,0,-2.80473,0.00404402,0,0,0,0,0,0,-0.296793,-0.00387552,0,0,0,0,0,0,1.31639,0.0542573,0,0,0,0,0,0,-2.81375,-0.0202201,0,0,0,0,0,0,0.31611,-0.0155021,0,0,0,0,0,0,1.309,0.00775105,0,0,0,0,0,0,-2.81087,0.0242641,
43,0,0,0,0,0,0,0.107296,-0.081386,0,0,0,0,0,0,1.32196,-0.00387552,0,0,0,0,0,0,-2.83484,-0.0444843,0,0,0,0,0,0,-0.057974,0.0426308,0,0,0,0,0,0,1.30255,-0.0387552,0,0,0,0,0,0,-2.80473,-0.0101101,0,0,0,0,0,0,-0.296793,-0.00387552,0,0,0,0,0,0,1.31639,0.0503818,0,0,0,0,0,0,-2.81373,0.0121321,0,0,0,0,0,0,0.31614,0.0271287,0,0,0,0,0,0,1.30897,-0.0387552,0,0,0,0,0,0,-2.81087,0.0242641,
44,0,0,0,0,0,0,0.107296,-0.081386,0,0,0,0,0,0,1.32196,0,0,0,0,0,0,0,-2.83481,-0.0202201,0,0,0,0,0,0,-0.057974,0.0426308,0,0,0,0,0,0,1.30258,-0.0116266,0,0,0,0,0,0,-2.80475,-0.0242641,0,0,0,0,0,0,-0.296763,0.0387552,0,0,0,0,0,0,1.31635,-0.00775105,0,0,0,0,0,0,-2.81375,-0.0181981,0,0,0,0,0,0,0.316171,0.0387552,0,0,0,0,0,0,1.30897,-0.0387552,0,0,0,0,0,0,-2.81089,0,
45,0,0,0,0,0,0,0.107296,-0.073635,0,0,0,0,0,0,1.32196,0,0,0,0,0,0,0,-2.83481,-0.0202201,0,0,0,0,0,0,-0.057974,0.0155021,0,0,0,0,0,0,1.30258,-0.0116266,0,0,0,0,0,0,-2.80475,-0.0242641,0,0,0,0,0,0,-0.296793,-0.00387552,0,0,0,0,0,0,1.31635,-0.00775105,0,0,0,0,0,0,-2.81375,-0.0181981,0,0,0,0,0,0,0.316171,0.0387552,0,0,0,0,0,0,1.30897,-0.0465063,0,0,0,0,0,0,-2.81089,0,
46,0,0,0,0,0,0,0.107326,0,0,0,0,0,0,0,1.32196,-0.00387552,0,0,0,0,0,0,-2.83482,0.0121321,0,0,0,0,0,0,-0.0580043,0.0193776,0,0,0,0,0,0,1.30258,0.00775105,0,0,0,0,0,0,-2.8047,0.0606604,0,0,0,0,0,0,-0.296763,0.0232531,0,0,0,0,0,0,1.31642,0.089137,0,0,0,0,0,0,-2.81375,-0.0202201,0,0,0,0,0,0,0.31614,0.0310042,0,0,0,0,0,0,1.309,0.0155021,0,0,0,0,0,0,-2.81087,0.0222421,
47,0,0,0,0,0,0,0.107296,-0.0930126,0,0,0,0,0,0,1.32196,-0.0116266,0,0,0,0,0,0,-2.83484,-0.0384182,0,0,0,0,0,0,-0.057974,0,0,0,0,0,0,0,1.30258,-0.0193776,0,0,0,0,0,0,-2.80473,0,0,0,0,0,0,0,-0.296763,0.0310042,0,0,0,0,0,0,1.31642,0.0930126,0,0,0,0,0,0,-2.81373,0.0101101,0,0,0,0,0,0,0.31611,-0.0193776,0,0,0,0,0,0,1.309,0.00775105,0,0,0,0,0,0,-2.81087,-0.0121321,
48,0,0,0,0,0,0,0.107326,0.0387552,0,0,0,0,0,0,1.32196,-0.0155021,0,0,0,0,0,0,-2.83482,-0.00404402,0,0,0,0,0,0,-0.0580043,-0.0426308,0,0,0,0,0,0,1.30255,-0.0387552,0,0,0,0,0,0,-2.80473,0.00404402,0,0,0,0,0,0,-0.296763,0.0387552,0,0,0,0,0,0,1.31639,0.0310042,0,0,0,0,0,0,-2.81377,-0.0485283,0,0,0,0,0,0,0.31611,-0.00775105,0,0,0,0,0,0,1.309,0,0,0,0,0,0,0,-2.81087,0.0202201,
49,0,0,0,0,0,0,0.107357,0.0193776,0,0,0,0,0,0,1.32196,-0.00775105,0,0,0,0,0,0,-2.83482,-0.00404402,0,0,0,0,0,0,-0.0580346,-0.0852615,0,0,0,0,0,0,1.30258,0,0,0,0,0,0,0,-2.80473,0,0,0,0,0,0,0,-0.296763,0.0465063,0,0,0,0,0,0,1.31639,0.0426308,0,0,0,0,0,0,-2.81375,-0.0202201,0,0,0,0,0,0,0.31614,0.0387552,0,0,0,0,0,0,1.309,0,0,0,0,0,0,0,-2.81089,0.0262862,
50,0,0,0,0,0,0,0.107326,-0.0271287,0,0,0,0,0,0,1.32196,-0.00775105,0,0,0,0,0,0,-2.83482,-0.0141541,0,0,0,0,0,0,-0.057974,-0.00387552,0,0,0,0,0,0,1.30258,0,0,0,0,0,0,0,-2.80471,0.0202201,0,0,0,0,0,0,-0.296793,0.0310042,0,0,0,0,0,0,1.31639,0.0387552,0,0,0,0,0,0,-2.81375,-0.0444843,0,0,0,0,0,0,0.31614,0.0387552,0,0,0,0,0,0,1.309,-0.0155021,0,0,0,0,0,0,-2.81089,0.0262862,
51,0,0,0,0,0,0,0.107326,-0.0271287,0,0,0,0,0,0,1.32199,0.0387552,0,0,0,0,0,0,-2.83482,-0.0363962,0,0,0,0,0,0,-0.057974,-0.00387552,0,0,0,0,0,0,1.30258,0.0155021,0,0,0,0,0,0,-2.80471,0.0363962,0,0,0,0,0,0,-0.296793,0.0310042,0,0,0,0,0,0,1.31635,-0.0155021,0,0,0,0,0,0,-2.81373,0.00606604,0,0,0,0,0,0,0.31614,0.0348797,0,0,0,0,0,0,1.309,-0.0155021,0,0,0,0,0,0,-2.81087,0.0202201,
52,0,0,0,0,0,0,0.107326,-0.0387552,0,0,0,0,0,0,1.32196,0.0116266,0,0,0,0,0,0,-2.83484,-0.0404403,0,0,0,0,0,0,-0.057974,0.00387552,0,0,0,0,0,0,1.30258,0.00387552,0,0,0,0,0,0,-2.80475,-0.0343742,0,0,0,0,0,0,-0.296763,0.0387552,0,0,0,0,0,0,1.31639,0.0503818,0,0,0,0,0,0,-2.81375,-0.0202201,0,0,0,0,0,0,0.316171,0.0930126,0,0,0,0,0,0,1.309,0.0193776,0,0,0,0,0,0,-2.81087,0.0202201,
53,0,0,0,0,0,0,0.107326,-0.0310042,0,0,0,0,0,0,1.32199,0.0387552,0,0,0,0,0,0,-2.83482,0.00404402,0,0,0,0,0,0,-0.057974,0.00775105,0,0,0,0,0,0,1.30261,0.0697594,0,0,0,0,0,0,-2.80471,0.0242641,0,0,0,0,0,0,-0.296763,0.0310042,0,0,0,0,0,0,1.31635,-0.0193776,0,0,0,0,0,0,-2.81373,0.00808805,0,0,0,0,0,0,0.31608,-0.073635,0,0,0,0,0,0,1.30897,-0.0542573,0,0,0,0,0,0,-2.81087,0.0283082,
54,0,0,0,0,0,0,0.107326,-0.0310042,0,0,0,0,0,0,1.32199,0.0465063,0,0,0,0,0,0,-2.83484,-0.0444843,0,0,0,0,0,0,-0.057974,0.00775105,0,0,0,0,0,0,1.30255,-0.0465063,0,0,0,0,0,0,-2.80473,-0.00606604,0,0,0,0,0,0,-0.296732,0.0310042,0,0,0,0,0,0,1.31639,0.0503818,0,0,0,0,0,0,-2.81373,0.0101101,0,0,0,0,0,0,0.31614,0.0387552,0,0,0,0,0,0,1.309,0.0193776,0,0,0,0,0,0,-2.81087,0.0262862,
55,0,0,0,0,0,0,0.107357,0.0465063,0,0,0,0,0,0,1.32199,0.0581329,0,0,0,0,0,0,-2.83482,-0.00404402,0,0,0,0,0,0,-0.0580043,-0.0426308,0,0,0,0,0,0,1.30255,-0.0581329,0,0,0,0,0,0,-2.80471,0.0181981,0,0,0,0,0,0,-0.296763,0.0387552,0,0,0,0,0,0,1.31635,-0.0155021,0,0,0,0,0,0,-2.81372,0.0363962,0,0,0,0,0,0,0.31614,0.0348797,0,0,0,0,0,0,1.30897,-0.108515,0,0,0,0,0,0,-2.81087,0.0242641,
56,0,0,0,0,0,0,0.107326,-0.0310042,0,0,0,0,0,0,1.32202,0.0968881,0,0,0,0,0,0,-2.83484,-0.0242641,0,0,0,0,0,0,-0.057974,0.0116266,0,0,0,0,0,0,1.30255,-0.0542573,0,0,0,0,0,0,-2.80471,0.0323522,0,0,0,0,0,0,-0.296763,0.0387552,0,0,0,0,0,0,1.31635,-0.0116266,0,0,0,0,0,0,-2.81373,0.0101101,0,0,0,0,0,0,0.31611,-0.0116266,0,0,0,0,0,0,1.30897,-0.0465063,0,0,0,0,0,0,-2.81087,0.0202201,
57,0,0,0,0,0,0,0.107296,-0.0930126,0,0,0,0,0,0,1.32196,0,0,0,0,0,0,0,-2.83481,0.0343742,0,0,0,0,0,0,-0.0580346,-0.104639,0,0,0,0,0,0,1.30255,-0.0387552,0,0,0,0,0,0,-2.80471,0.0242641,0,0,0,0,0,0,-0.296793,-0.0193776,0,0,0,0,0,0,1.31639,0.0387552,0,0,0,0,0,0,-2.81375,-0.0202201,0,0,0,0,0,0,0.31614,0.0426308,0,0,0,0,0,0,1.309,-0.00775105,0,0,0,0,0,0,-2.81089,-0.00808805,
58,0,0,0,0,0,0,0.107296,-0.108515,0,0,0,0,0,0,1.32199,0.0387552,0,0,0,0,0,0,-2.83482,0.00808805,0,0,0,0,0,0,-0.057974,0.00387552,0,0,0,0,0,0,1.30258,-0.00387552,0,0,0,0,0,0,-2.80471,0.0262862,0,0,0,0,0,0,-0.296763,0.0387552,0,0,0,0,0,0,1.31639,0.0620084,0,0,0,0,0,0,-2.81373,0.0101101,0,0,0,0,0,0,0.31614,0.0387552,0,0,0,0,0,0,1.30897,-0.0387552,0,0,0,0,0,0,-2.81089,0.0202201,
59,0,0,0,0,0,0,0.107296,-0.108515,0,0,0,0,0,0,1.32196,-0.0116266,0,0,0,0,0,0,-2.83481,0.0384182,0,0,0,0,0,0,-0.057974,0.00387552,0,0,0,0,0,0,1.30258,0.0155021,0,0,0,0,0,0,-2.80471,0,0,0,0,0,0,0,-0.296763,0.0387552,0,0,0,0,0,0,1.31635,-0.0193776,0,0,0,0,0,0,-2.81375,-0.0202201,0,0,0,0,0,0,0.31614,0.0387552,0,0,0,0,0,0,1.30897,-0.0465063,0,0,0,0,0,0,-2.81087,0.0242641,
60,0,0,0,0,0,0,0.107326,-0.0387552,0,0,0,0,0,0,1.32196,-0.00775105,0,0,0,0,0,0,-2.83482,0.00808805,0,0,0,0,0,0,-0.057974,0.0271287,0,0,0,0,0,0,1.30258,0.00387552,0,0,0,0,0,0,-2.80471,0.0202201,0,0,0,0,0,0,-0.296763,0.0271287,0,0,0,0,0,0,1.31635,-0.00387552,0,0,0,0,0,0,-2.81375,-0.0222421,0,0,0,0,0,0,0.31614,0.0387552,0,0,0,0,0,0,1.30897,-0.0387552,0,0,0,0,0,0,-2.81087,0.0202201,
61,0,0,0,0,0,0,0.107357,0.0116266,0,0,0,0,0,0,1.32196,0,0,0,0,0,0,0,-2.83484,-0.0202201,0,0,0,0,0,0,-0.057974,0.00387552,0,0,0,0,0,0,1.30255,-0.0620084,0,0,0,0,0,0,-2.80473,-0.00808805,0,0,0,0,0,0,-0.296763,0.0310042,0,0,0,0,0,0,1.31635,-0.00775105,0,0,0,0,0,0,-2.81375,-0.0202201,0,0,0,0,0,0,0.31614,0.0387552,0,0,0,0,0,0,1.30897,-0.0426308,0,0,0,0,0,0,-2.81087,0.0202201,
62,0,0,0,0,0,0,0.107357,0.0193776,0,0,0,0,0,0,1.32196,0,0,0,0,0,0,0,-2.83484,-0.0404403,0,0,0,0,0,0,-0.057974,0.0193776,0,0,0,0,0,0,1.30258,0.0155021,0,0,0,0,0,0,-2.80473,0,0,0,0,0,0,0,-0.296793,-0.0193776,0,0,0,0,0,0,1.31635,-0.0193776,0,0,0,0,0,0,-2.81375,-0.0202201,0,0,0,0,0,0,0.31614,0.0465063,0,0,0,0,0,0,1.30903,0.073635,0,0,0,0,0,0,-2.81087,0.0586384,
63,0,0,0,0,0,0,0.107357,0.0193776,0,0,0,0,0,0,1.32196,0,0,0,0,0,0,0,-2.83484,-0.0222421,0,0,0,0,0,0,-0.057974,0.0193776,0,0,0,0,0,0,1.30258,0.00775105,0,0,0,0,0,0,-2.80473,-0.00808805,0,0,0,0,0,0,-0.296793,-0.0193776,0,0,0,0,0,0,1.31639,0,0,0,0,0,0,0,-2.81372,0.0384182,0,0,0,0,0,0,0.31614,0.0348797,0,0,0,0,0,0,1.30897,-0.0581329,0,0,0,0,0,0,-2.81089,0.00202201,
64,0,0,0,0,0,0,0.107357,0.0155021,0,0,0,0,0,0,1.32196,-0.00775105,0,0,0,0,0,0,-2.83482,-0.0323522,0,0,0,0,0,0,-0.057974,0,0,0,0,0,0,0,1.30261,0.0658839,0,0,0,0,0,0,-2.80471,0.0303302,0,0,0,0,0,0,-0.296732,0.0232531,0,0,0,0,0,0,1.31635,-0.0155021,0,0,0,0,0,0,-2.81372,0.0384182,0,0,0,0,0,0,0.31611,0.0387552,0,0,0,0,0,0,1.309,-0.100764,0,0,0,0,0,0,-2.81087,0.0202201,
65,0,0,0,0,0,0,0.107326,-0.0193776,0,0,0,0,0,0,1.32193,-0.0542573,0,0,0,0,0,0,-2.83482,-0.0141541,0,0,0,0,0,0,-0.0580043,-0.0271287,0,0,0,0,0,0,1.30255,0.0542573,0,0,0,0,0,0,-2.80471,0,0,0,0,0,0,0,-0.296763,0.0116266,0,0,0,0,0,0,1.31639,0.0387552,0,0,0,0,0,0,-2.81373,0.00606604,0,0,0,0,0,0,0.31614,0.0387552,0,0,0,0,0,0,1.309,0.0116266,0,0,0,0,0,0,-2.81087,0.0222421,
66,0,0,0,0,0,0,0.107326,-0.0193776,0,0,0,0,0,0,1.32196,-0.00775105,0,0,0,0,0,0,-2.83482,-0.00808805,0,0,0,0,0,0,-0.0580043,-0.0271287,0,0,0,0,0,0,1.30255,-0.0465063,0,0,0,0,0,0,-2.8047,0.0525723,0,0,0,0,0,0,-0.296763,0.0116266,0,0,0,0,0,0,1.31639,0.0581329,0,0,0,0,0,0,-2.81375,-0.0202201,0,0,0,0,0,0,0.31611,-0.0155021,0,0,0,0,0,0,1.30897,-0.0581329,0,0,0,0,0,0,-2.81091,-0.0384182,
67,0,0,0,0,0,0,0.107326,-0.0620084,0,0,0,0,0,0,1.32196,-0.00775105,0,0,0,0,0,0,-2.83481,0.0161761,0,0,0,0,0,0,-0.0580043,-0.0271287,0,0,0,0,0,0,1.30255,-0.0581329,0,0,0,0,0,0,-2.80471,0.0303302,0,0,0,0,0,0,-0.296732,0.0620084,0,0,0,0,0,0,1.31639,0.0503818,0,0,0,0,0,0,-2.81375,-0.0202201,0,0,0,0,0,0,0.31614,0.0348797,0,0,0,0,0,0,1.309,0,0,0,0,0,0,0,-2.81087,0.0262862,
68,0,0,0,0,0,0,0.107296,-0.0930126,0,0,0,0,0,0,1.32196,0.00387552,0,0,0,0,0,0,-2.83484,-0.0384182,0,0,0,0,0,0,-0.0580043,-0.0542573,0,0,0,0,0,0,1.30258,0,0,0,0,0,0,0,-2.80471,0.0283082,0,0,0,0,0,0,-0.296732,0,0,0,0,0,0,0,1.31635,-0.00775105,0,0,0,0,0,0,-2.81375,-0.0202201,0,0,0,0,0,0,0.31611,-0.0193776,0,0,0,0,0,0,1.30903,0.0542573,0,0,0,0,0,0,-2.81089,0.00202201,
69,0,0,0,0,0,0,0.107296,-0.0930126,0,0,0,0,0,0,1.32196,-0.0116266,0,0,0,0,0,0,-2.83482,-0.00606604,0,0,0,0,0,0,-0.0580043,-0.0232531,0,0,0,0,0,0,1.30258,0.0271287,0,0,0,0,0,0,-2.80473,0.0181981,0,0,0,0,0,0,-0.296763,0.0193776,0,0,0,0,0,0,1.31632,-0.0465063,0,0,0,0,0,0,-2.81375,-0.0202201,0,0,0,0,0,0,0.31611,-0.0193776,0,0,0,0,0,0,1.30897,-0.0581329,0,0,0,0,0,0,-2.81091,-0.0384182,
70,0,0,0,0,0,0,0.107326,-0.0581329,0,0,0,0,0,0,1.32196,0.00387552,0,0,0,0,0,0,-2.83482,-0.00404402,0,0,0,0,0,0,-0.0580043,-0.0581329,0,0,0,0,0,0,1.30255,-0.0620084,0,0,0,0,0,0,-2.80473,-0.00808805,0,0,0,0,0,0,-0.296763,0.00775105,0,0,0,0,0,0,1.31639,0.0271287,0,0,0,0,0,0,-2.81375,-0.0222421,0,0,0,0,0,0,0.31611,-0.0232531,0,0,0,0,0,0,1.30897,-0.0387552,0,0,0,0,0,0,-2.81087,0.0202201,
71,0,0,0,0,0,0,0.107326,0.0232531,0,0,0,0,0,0,1.32199,0.0503818,0,0,0,0,0,0,-2.83482,0.00202201,0,0,0,0,0,0,-0.0580346,-0.0697594,0,0,0,0,0,0,1.30252,-0.0930126,0,0,0,0,0,0,-2.80473,0,0,0,0,0,0,0,-0.296732,0.0658839,0,0,0,0,0,0,1.31639,0.0387552,0,0,0,0,0,0,-2.81373,0.00808805,0,0,0,0,0,0,0.31614,0.0581329,0,0,0,0,0,0,1.309,0.0155021,0,0,0,0,0,0,-2.81087,0.0242641,
72,0,0,0,0,0,0,0.107326,-0.0581329,0,0,0,0,0,0,1.32199,0.0465063,0,0,0,0,0,0,-2.83484,-0.0283082,0,0,0,0,0,0,-0.057974,0,0,0,0,0,0,0,1.30258,0,0,0,0,0,0,0,-2.80473,0,0,0,0,0,0,0,-0.296763,0.00387552,0,0,0,0,0,0,1.31635,0,0,0,0,0,0,0,-2.81373,0.0101101,0,0,0,0,0,0,0.31614,0.0387552,0,0,0,0,0,0,1.30897,-0.0426308,0,0,0,0,0,0,-2.81089,0.00202201,
73,0,0,0,0,0,0,0.107357,0,0,0,0,0,0,0,1.32199,0.0465063,0,0,0,0,0,0,-2.83484,-0.0444843,0,0,0,0,0,0,-0.0580346,-0.0658839,0,0,0,0,0,0,1.30255,-0.0542573,0,0,0,0,0,0,-2.80471,0.0121321,0,0,0,0,0,0,-0.296732,0.073635,0,0,0,0,0,0,1.31635,-0.0193776,0,0,0,0,0,0,-2.81375,-0.0202201,0,0,0,0,0,0,0.31614,0.0426308,0,0,0,0,0,0,1.309,0.00387552,0,0,0,0,0,0,-2.81087,0.0242641,
74,0,0,0,0,0,0,0.107357,0,0,0,0,0,0,0,1.32199,0.0387552,0,0,0,0,0,0,-2.83482,-0.00404402,0,0,0,0,0,0,-0.0580346,-0.073635,0,0,0,0,0,0,1.30255,-0.0387552,0,0,0,0,0,0,-2.80471,0.0303302,0,0,0,0,0,0,-0.296763,0.0310042,0,0,0,0,0,0,1.31635,-0.00775105,0,0,0,0,0,0,-2.81375,-0.0202201,0,0,0,0,0,0,0.31614,0.0387552,0,0,0,0,0,0,1.309,0.00775105,0,0,0,0,0,0,-2.81087,0.0202201,
75,0,0,0,0,0,0,0.107357,0.0310042,0,0,0,0,0,0,1.32196,0,0,0,0,0,0,0,-2.83481,0.0323522,0,0,0,0,0,0,-0.0580649,-0.135643,0,0,0,0,0,0,1.30255,-0.0426308,0,0,0,0,0,0,-2.80471,0.0242641,0,0,0,0,0,0,-0.296793,-0.0232531,0,0,0,0,0,0,1.31639,0.0387552,0,0,0,0,0,0,-2.81375,-0.0202201,0,0,0,0,0,0,0.31614,0.0387552,0,0,0,0,0,0,1.30897,-0.0503818,0,0,0,0,0,0,-2.81089,0,
76,0,0,0,0,0,0,0.107357,0.0310042,0,0,0,0,0,0,1.32199,0.0581329,0,0,0,0,0,0,-2.83482,-0.00404402,0,0,0,0,0,0,-0.0580649,-0.135643,0,0,0,0,0,0,1.30258,0.0155021,0,0,0,0,0,0,-2.80473,-0.00606604,0,0,0,0,0,0,-0.296793,-0.0232531,0,0,0,0,0,0,1.31639,0.0542573,0,0,0,0,0,0,-2.81375,-0.0202201,0,0,0,0,0,0,0.31611,0,0,0,0,0,0,0,1.309,0,0,0,0,0,0,0,-2.81089,0,
77,0,0,0,0,0,0,0.107296,-0.0620084,0,0,0,0,0,0,1.32196,-0.0271287,0,0,0,0,0,0,-2.83482,0.00404402,0,0,0,0,0,0,-0.0580043,-0.0348797,0,0,0,0,0,0,1.30255,-0.0387552,0,0,0,0,0,0,-2.80471,0.0242641,0,0,0,0,0,0,-0.296763,0.0193776,0,0,0,0,0,0,1.31635,-0.0193776,0,0,0,0,0,0,-2.81375,-0.0202201,0,0,0,0,0,0,0.31611,-0.0155021,0,0,0,0,0,0,1.309,0,0,0,0,0,0,0,-2.81087,0.0202201,
78,0,0,0,0,0,0,0.107296,-0.089137,0,0,0,0,0,0,1.32193,-0.0465063,0,0,0,0,0,0,-2.83484,-0.00202201,0,0,0,0,0,0,-0.057974,0.0503818,0,0,0,0,0,0,1.30258,0,0,0,0,0,0,0,-2.80473,-0.00404402,0,0,0,0,0,0,-0.296763,0,0,0,0,0,0,0,1.31635,-0.0193776,0,0,0,0,0,0,-2.81373,0.00808805,0,0,0,0,0,0,0.31614,0.0387552,0,0,0,0,0,0,1.30897,-0.0348797,0,0,0,0,0,0,-2.81089,-0.00202201,
79,0,0,0,0,0,0,0.107296,-0.073635,0,0,0,0,0,0,1.32196,-0.0193776,0,0,0,0,0,0,-2.83481,0.0303302,0,0,0,0,0,0,-0.0580346,-0.0620084,0,0,0,0,0,0,1.30255,-0.0503818,0,0,0,0,0,0,-2.80471,0.0161761,0,0,0,0,0,0,-0.296793,-0.0426308,0,0,0,0,0,0,1.31639,0.0503818,0,0,0,0,0,0,-2.81375,-0.0202201,0,0,0,0,0,0,0.31614,0.0271287,0,0,0,0,0,0,1.309,0.00387552,0,0,0,0,0,0,-2.81091,-0.0384182,
80,0,0,0,0,0,0,0.107357,0.0310042,0,0,0,0,0,0,1.32199,0.0542573,0,0,0,0,0,0,-2.83482,0.00808805,0,0,0,0,0,0,-0.057974,0.0348797,0,0,0,0,0,0,1.30255,-0.0426308,0,0,0,0,0,0,-2.80473,-0.00808805,0,0,0,0,0,0,-0.296732,0.0697594,0,0,0,0,0,0,1.31639,0.0503818,0,0,0,0,0,0,-2.81373,0.0101101,0,0,0,0,0,0,0.31614,0.0581329,0,0,0,0,0,0,1.30897,-0.0581329,0,0,0,0,0,0,-2.81087,-0.0101101,
81,0,0,0,0,0,0,0.107296,-0.089137,0,0,0,0,0,0,1.32196,-0.0193776,0,0,0,0,0,0,-2.83482,0,0,0,0,0,0,0,-0.0580346,-0.0930126,0,0,0,0,0,0,1.30255,-0.0581329,0,0,0,0,0,0,-2.80473,0.00202201,0,0,0,0,0,0,-0.296732,0.0658839,0,0,0,0,0,0,1.31635,0,0,0,0,0,0,0,-2.81375,-0.0202201,0,0,0,0,0,0,0.31614,0.0581329,0,0,0,0,0,0,1.309,0,0,0,0,0,0,0,-2.81089,0.00404402,
82,0,0,0,0,0,0,0.107296,-0.081386,0,0,0,0,0,0,1.32196,-0.00775105,0,0,0,0,0,0,-2.83482,0,0,0,0,0,0,0,-0.057974,0.0193776,0,0,0,0,0,0,1.30255,-0.0581329,0,0,0,0,0,0,-2.80471,0.0242641,0,0,0,0,0,0,-0.296763,0,0,0,0,0,0,0,1.31639,0.0542573,0,0,0,0,0,0,-2.81375,-0.0161761,0,0,0,0,0,0,0.316171,0.0968881,0,0,0,0,0,0,1.309,0,0,0,0,0,0,0,-2.81087,0.0222421,
83,0,0,0,0,0,0,0.107326,-0.0387552,0,0,0,0,0,0,1.32196,-0.00775105,0,0,0,0,0,0,-2.83482,-0.0141541,0,0,0,0,0,0,-0.057974,0.00387552,0,0,0,0,0,0,1.30255,-0.0426308,0,0,0,0,0,0,-2.80471,0.00202201,0,0,0,0,0,0,-0.296763,0.00387552,0,0,0,0,0,0,1.31639,0.0542573,0,0,0,0,0,0,-2.81373,0.00808805,0,0,0,0,0,0,0.316171,0.0852615,0,0,0,0,0,0,1.309,0.0116266,0,0,0,0,0,0,-2.81087,0.0202201,
84,0,0,0,0,0,0,0.107326,-0.0155021,0,0,0,0,0,0,1.32202,0.100764,0,0,0,0,0,0,-2.83482,-0.00606604,0,0,0,0,0,0,-0.057974,0.0387552,0,0,0,0,0,0,1.30258,-0.00387552,0,0,0,0,0,0,-2.80471,0.0303302,0,0,0,0,0,0,-0.296763,0.0348797,0,0,0,0,0,0,1.31635,-0.0155021,0,0,0,0,0,0,-2.81373,0.0121321,0,0,0,0,0,0,0.316171,0.0852615,0,0,0,0,0,0,1.30897,-0.0503818,0,0,0,0,0,0,-2.81087,0.0202201,
85,0,0,0,0,0,0,0.107357,0.00387552,0,0,0,0,0,0,1.32199,0.0387552,0,0,0,0,0,0,-2.83484,0.0181981,0,0,0,0,0,0,-0.057974,0.0193776,0,0,0,0,0,0,1.30258,0.00775105,0,0,0,0,0,0,-2.80473,0.0202201,0,0,0,0,0,0,-0.296732,0.0775105,0,0,0,0,0,0,1.31635,0.00387552,0,0,0,0,0,0,-2.81373,0.00606604,0,0,0,0,0,0,0.31614,0.0465063,0,0,0,0,0,0,1.309,0,0,0,0,0,0,0,-2.81089,-0.00404402,
86,0,0,0,0,0,0,0.107357,0.00387552,0,0,0,0,0,0,1.32196,0,0,0,0,0,0,0,-2.83484,0.00404402,0,0,0,0,0,0,-0.057974,0.0193776,0,0,0,0,0,0,1.30255,-0.0348797,0,0,0,0,0,0,-2.80473,0,0,0,0,0,0,0,-0.296732,0.0775105,0,0,0,0,0,0,1.31635,0.0387552,0,0,0,0,0,0,-2.81373,0.00606604,0,0,0,0,0,0,0.31614,0.0426308,0,0,0,0,0,0,1.309,0,0,0,0,0,0,0,-2.81087,0.0202201,
87,0,0,0,0,0,0,0.107326,-0.0348797,0,0,0,0,0,0,1.32199,0.0465063,0,0,0,0,0,0,-2.83484,-0.0444843,0,0,0,0,0,0,-0.0580043,-0.0387552,0,0,0,0,0,0,1.30255,-0.0542573,0,0,0,0,0,0,-2.80471,0.0202201,0,0,0,0,0,0,-0.296763,0.0193776,0,0,0,0,0,0,1.31639,0.0426308,0,0,0,0,0,0,-2.81373,0.0121321,0,0,0,0,0,0,0.31611,-0.0193776,0,0,0,0,0,0,1.30897,-0.0426308,0,0,0,0,0,0,-2.81089,-0.00808805,
88,0,0,0,0,0,0,0.107326,-0.0348797,0,0,0,0,0,0,1.32199,0.0387552,0,0,0,0,0,0,-2.83484,-0.0343742,0,0,0,0,0,0,-0.0580043,-0.0387552,0,0,0,0,0,0,1.30258,0.00387552,0,0,0,0,0,0,-2.80471,0.0141541,0,0,0,0,0,0,-0.296763,0.0193776,0,0,0,0,0,0,1.31639,0.0465063,0,0,0,0,0,0,-2.81373,0.00808805,0,0,0,0,0,0,0.31614,0.0503818,0,0,0,0,0,0,1.30897,-0.0426308,0,0,0,0,0,0,-2.81089,-0.00808805,
89,0,0,0,0,0,0,0.107357,0.0465063,0,0,0,0,0,0,1.32196,0,0,0,0,0,0,0,-2.83484,-0.0283082,0,0,0,0,0,0,-0.0580346,-0.0852615,0,0,0,0,0,0,1.30258,0.0193776,0,0,0,0,0,0,-2.80473,-0.0101101,0,0,0,0,0,0,-0.296732,0.0620084,0,0,0,0,0,0,1.31635,-0.0193776,0,0,0,0,0,0,-2.81373,0.00606604,0,0,0,0,0,0,0.316171,0.0930126,0,0,0,0,0,0,1.309,0.00775105,0,0,0,0,0,0,-2.81087,0.0202201,
90,0,0,0,0,0,0,0.107326,-0.0271287,0,0,0,0,0,0,1.32199,0.0426308,0,0,0,0,0,0,-2.83482,-0.00202201,0,0,0,0,0,0,-0.057974,0.0271287,0,0,0,0,0,0,1.30258,0.0116266,0,0,0,0,0,0,-2.80471,0.0202201,0,0,0,0,0,0,-0.296763,0,0,0,0,0,0,0,1.31639,0.0387552,0,0,0,0,0,0,-2.81375,-0.0283082,0,0,0,0,0,0,0.31614,0.0426308,0,0,0,0,0,0,1.309,0.0116266,0,0,0,0,0,0,-2.81089,-0.0101101,
91,0,0,0,0,0,0,0.107326,-0.00775105,0,0,0,0,0,0,1.32196,-0.00775105,0,0,0,0,0,0,-2.83481,0.00808805,0,0,0,0,0,0,-0.0580346,-0.073635,0,0,0,0,0,0,1.30258,0.0116266,0,0,0,0,0,0,-2.80471,0.0283082,0,0,0,0,0,0,-0.296763,0,0,0,0,0,0,0,1.31639,0.0155021,0,0,0,0,0,0,-2.81375,-0.0202201,0,0,0,0,0,0,0.31614,0.0581329,0,0,0,0,0,0,1.309,0.0155021,0,0,0,0,0,0,-2.81089,-0.0101101,
92,0,0,0,0,0,0,0.107296,-0.0503818,0,0,0,0,0,0,1.32196,-0.00775105,0,0,0,0,0,0,-2.83482,0,0,0,0,0,0,0,-0.0580346,-0.073635,0,0,0,0,0,0,1.30258,0.0116266,0,0,0,0,0,0,-2.80471,0.0222421,0,0,0,0,0,0,-0.296763,0,0,0,0,0,0,0,1.31639,0.0155021,0,0,0,0,0,0,-2.81375,-0.0202201,0,0,0,0,0,0,0.31614,0.0581329,0,0,0,0,0,0,1.309,0.0193776,0,0,0,0,0,0,-2.81089,-0.0101101,
93,0,0,0,0,0,0,0.107296,-0.0503818,0,0,0,0,0,0,1.32199,0.0581329,0,0,0,0,0,0,-2.83484,-0.0343742,0,0,0,0,0,0,-0.0580043,-0.0387552,0,0,0,0,0,0,1.30255,-0.0581329,0,0,0,0,0,0,-2.80473,-0.00202201,0,0,0,0,0,0,-0.296763,0.0232531,0,0,0,0,0,0,1.31635,-0.0193776,0,0,0,0,0,0,-2.81375,-0.0202201,0,0,0,0,0,0,0.31614,0.0310042,0,0,0,0,0,0,1.30897,-0.0581329,0,0,0,0,0,0,-2.81086,0.0505503,
94,0,0,0,0,0,0,0.107296,-0.0930126,0,0,0,0,0,0,1.32199,0.0503818,0,0,0,0,0,0,-2.83484,-0.0343742,0,0,0,0,0,0,-0.057974,0.0232531,0,0,0,0,0,0,1.30255,-0.0387552,0,0,0,0,0,0,-2.80473,-0.00202201,0,0,0,0,0,0,-0.296732,0.0930126,0,0,0,0,0,0,1.31639,0.0387552,0,0,0,0,0,0,-2.81375,-0.0202201,0,0,0,0,0,0,0.31611,-0.0193776,0,0,0,0,0,0,1.30897,-0.0581329,0,0,0,0,0,0,-2.81091,-0.0384182,
95,0,0,0,0,0,0,0.107326,-0.0930126,0,0,0,0,0,0,1.32199,0.0581329,0,0,0,0,0,0,-2.83482,-0.00404402,0,0,0,0,0,0,-0.0580043,-0.0193776,0,0,0,0,0,0,1.30255,-0.0387552,0,0,0,0,0,0,-2.80471,0.0202201,0,0,0,0,0,0,-0.296793,-0.0193776,0,0,0,0,0,0,1.31639,0.0387552,0,0,0,0,0,0,-2.81375,-0.0202201,0,0,0,0,0,0,0.31611,-0.0193776,0,0,0,0,0,0,1.30897,-0.0387552,0,0,0,0,0,0,-2.81087,0.0202201,
96,0,0,0,0,0,0,0.107326,-0.0930126,0,0,0,0,0,0,1.32199,0.0581329,0,0,0,0,0,0,-2.83482,0,0,0,0,0,0,0,-0.0580043,-0.0193776,0,0,0,0,0,0,1.30255,-0.0542573,0,0,0,0,0,0,-2.80475,-0.0303302,0,0,0,0,0,0,-0.296793,-0.0193776,0,0,0,0,0,0,1.31635,-0.0271287,0,0,0,0,0,0,-2.81375,-0.0222421,0,0,0,0,0,0,0.31614,0.0387552,0,0,0,0,0,0,1.309,0,0,0,0,0,0,0,-2.81087,0.0202201,
97,0,0,0,0,0,0,0.107296,-0.089137,0,0,0,0,0,0,1.32199,0.0581329,0,0,0,0,0,0,-2.83484,-0.0141541,0,0,0,0,0,0,-0.057974,0.0155021,0,0,0,0,0,0,1.30255,-0.0465063,0,0,0,0,0,0,-2.80471,0.0303302,0,0,0,0,0,0,-0.296793,-0.0116266,0,0,0,0,0,0,1.31642,0.0775105,0,0,0,0,0,0,-2.81373,0,0,0,0,0,0,0,0.31614,0.0387552,0,0,0,0,0,0,1.309,0,0,0,0,0,0,0,-2.81087,0.0242641,
98,0,0,0,0,0,0,0.107357,0.0155021,0,0,0,0,0,0,1.32199,0.0465063,0,0,0,0,0,0,-2.83485,-0.0566163,0,0,0,0,0,0,-0.057974,0.0193776,0,0,0,0,0,0,1.30258,0,0,0,0,0,0,0,-2.80473,0,0,0,0,0,0,0,-0.296763,0.0465063,0,0,0,0,0,0,1.31639,0.0387552,0,0,0,0,0,0,-2.81373,0.00808805,0,0,0,0,0,0,0.31611,-0.00387552,0,0,0,0,0,0,1.309,0,0,0,0,0,0,0,-2.81087,0.0161761,
99,0,0,0,0,0,0,0.107357,0.0426308,0,0,0,0,0,0,1.32199,0.0503818,0,0,0,0,0,0,-2.83484,-0.0303302,0,0,0,0,0,0,-0.0580043,-0.0310042,0,0,0,0,0,0,1.30255,-0.0387552,0,0,0,0,0,0,-2.80471,0.0303302,0,0,0,0,0,0,-0.296763,0.0426308,0,0,0,0,0,0,1.31639,0.0310042,0,0,0,0,0,0,-2.81375,-0.0202201,0,0,0,0,0,0,0.31614,0.0387552,0,0,0,0,0,0,1.309,0.00775105,0,0,0,0,0,0,-2.81087,0.0202201,
100,0,0,0,0,0,0,0.107326,-0.0387552,0,0,0,0,0,0,1.32199,0.0387552,0,0,0,0,0,0,-2.83482,-0.00808805,0,0,0,0,0,0,-0.057974,0,0,0,0,0,0,0,1.30258,-0.0155021,0,0,0,0,0,0,-2.80471,0.0283082,0,0,0,0,0,0,-0.296793,-0.0232531,0,0,0,0,0,0,1.31635,-0.0193776,0,0,0,0,0,0,-2.81375,-0.0202201,0,0,0,0,0,0,0.31611,-0.0193776,0,0,0,0,0,0,1.309,0.00775105,0,0,0,0,0,0,-2.81089,-0.00606604,
101,0,0,0,0,0,0,0.107326,-0.0155021,0,0,0,0,0,0,1.32199,0.0387552,0,0,0,0,0,0,-2.83484,-0.0303302,0,0,0,0,0,0,-0.0580043,-0.0387552,0,0,0,0,0,0,1.30258,0.0116266,0,0,0,0,0,0,-2.80471,0.0262862,0,0,0,0,0,0,-0.296763,0,0,0,0,0,0,0,1.31635,-0.0155021,0,0,0,0,0,0,-2.81375,-0.0202201,0,0,0,0,0,0,0.31611,-0.0155021,0,0,0,0,0,0,1.309,0,0,0,0,0,0,0,-2.81087,-0.00606604,
102,0,0,0,0,0,0,0.107357,0.0155021,0,0,0,0,0,0,1.32196,-0.0193776,0,0,0,0,0,0,-2.83485,-0.0647044,0,0,0,0,0,0,-0.0580043,-0.0426308,0,0,0,0,0,0,1.30255,-0.0387552,0,0,0,0,0,0,-2.80473,0.0303302,0,0,0,0,0,0,-0.296732,0.081386,0,0,0,0,0,0,1.31635,0.0387552,0,0,0,0,0,0,-2.81375,-0.0303302,0,0,0,0,0,0,0.31611,-0.00775105,0,0,0,0,0,0,1.30897,-0.0581329,0,0,0,0,0,0,-2.81087,0.0202201,
103,0,0,0,0,0,0,0.107296,-0.0658839,0,0,0,0,0,0,1.32196,0.0155021,0,0,0,0,0,0,-2.83485,-0.0647044,0,0,0,0,0,0,-0.057974,0.0155021,0,0,0,0,0,0,1.30258,-0.00387552,0,0,0,0,0,0,-2.80473,-0.00202201,0,0,0,0,0,0,-0.296763,0.0387552,0,0,0,0,0,0,1.31639,0.0387552,0,0,0,0,0,0,-2.81375,-0.0202201,0,0,0,0,0,0,0.31611,-0.0155021,0,0,0,0,0,0,1.309,0.0193776,0,0,0,0,0,0,-2.81087,-0.0101101,
104,0,0,0,0,0,0,0.107357,0.0271287,0,0,0,0,0,0,1.32199,0.0387552,0,0,0,0,0,0,-2.83482,-0.0101101,0,0,0,0,0,0,-0.057974,0,0,0,0,0,0,0,1.30258,0.0193776,0,0,0,0,0,0,-2.80471,0.0222421,0,0,0,0,0,0,-0.296793,-0.0387552,0,0,0,0,0,0,1.31635,-0.0232531,0,0,0,0,0,0,-2.81375,-0.0202201,0,0,0,0,0,0,0.31611,-0.0155021,0,0,0,0,0,0,1.30897,-0.0581329,0,0,0,0,0,0,-2.81087,0.0222421,
105,0,0,0,0,0,0,0.107296,-0.0852615,0,0,0,0,0,0,1.32199,0.0387552,0,0,0,0,0,0,-2.83484,-0.0363962,0,0,0,0,0,0,-0.057974,0,0,0,0,0,0,0,1.30258,-0.00387552,0,0,0,0,0,0,-2.80471,-0.00808805,0,0,0,0,0,0,-0.296793,-0.0387552,0,0,0,0,0,0,1.31639,0.0426308,0,0,0,0,0,0,-2.81375,-0.0303302,0,0,0,0,0,0,0.31614,0.0271287,0,0,0,0,0,0,1.30897,-0.0581329,0,0,0,0,0,0,-2.81087,0.0222421,
106,0,0,0,0,0,0,0.107326,-0.0426308,0,0,0,0,0,0,1.32199,0.0542573,0,0,0,0,0,0,-2.83482,-0.00606604,0,0,0,0,0,0,-0.0580043,-0.0581329,0,0,0,0,0,0,1.30258,0.0155021,0,0,0,0,0,0,-2.80473,-0.0101101,0,0,0,0,0,0,-0.296763,0.0232531,0,0,0,0,0,0,1.31639,0.0387552,0,0,0,0,0,0,-2.81375,-0.0202201,0,0,0,0,0,0,0.31611,-0.0155021,0,0,0,0,0,0,1.309,0,0,0,0,0,0,0,-2.81087,0.0202201,
107,0,0,0,0,0,0,0.107357,0.0193776,0,0,0,0,0,0,1.32199,0.0387552,0,0,0,0,0,0,-2.83481,0.0242641,0,0,0,0,0,0,-0.057974,0.00775105,0,0,0,0,0,0,1.30255,-0.0387552,0,0,0,0,0,0,-2.80473,-0.00404402,0,0,0,0,0,0,-0.296793,0.00775105,0,0,0,0,0,0,1.31639,0.0503818,0,0,0,0,0,0,-2.81373,0.00808805,0,0,0,0,0,0,0.31614,0.0465063,0,0,0,0,0,0,1.30897,-0.0387552,0,0,0,0,0,0,-2.81087,0.0283082,
108,0,0,0,0,0,0,0.107296,-0.073635,0,0,0,0,0,0,1.32196,0,0,0,0,0,0,0,-2.83481,0.0202201,0,0,0,0,0,0,-0.057974,0.0116266,0,0,0,0,0,0,1.30255,-0.0465063,0,0,0,0,0,0,-2.80471,0.0222421,0,0,0,0,0,0,-0.296732,0.100764,0,0,0,0,0,0,1.31642,0.0968881,0,0,0,0,0,0,-2.81375,-0.0222421,0,0,0,0,0,0,0.31614,0.0465063,0,0,0,0,0,0,1.30897,-0.0581329,0,0,0,0,0,0,-2.81089,-0.0101101,
109,0,0,0,0,0,0,0.107296,-0.073635,0,0,0,0,0,0,1.32196,0,0,0,0,0,0,0,-2.83482,-0.00404402,0,0,0,0,0,0,-0.057974,0.0116266,0,0,0,0,0,0,1.30255,-0.0387552,0,0,0,0,0,0,-2.8047,0.00202201,0,0,0,0,0,0,-0.296732,0.100764,0,0,0,0,0,0,1.31639,-0.0271287,0,0,0,0,0,0,-2.81375,-0.0202201,0,0,0,0,0,0,0.31614,0.089137,0,0,0,0,0,0,1.309,-0.00387552,0,0,0,0,0,0,-2.81089,-0.0101101,
110,0,0,0,0,0,0,0.107326,-0.0155021,0,0,0,0,0,0,1.32196,-0.0310042,0,0,0,0,0,0,-2.83481,0.0202201,0,0,0,0,0,0,-0.0580043,-0.0387552,0,0,0,0,0,0,1.30258,0.00387552,0,0,0,0,0,0,-2.80473,-0.0141541,0,0,0,0,0,0,-0.296763,0.0426308,0,0,0,0,0,0,1.31635,0,0,0,0,0,0,0,-2.81373,0.0101101,0,0,0,0,0,0,0.31611,-0.00387552,0,0,0,0,0,0,1.30897,-0.0387552,0,0,0,0,0,0,-2.81089,-0.00808805,
111,0,0,0,0,0,0,0.107326,-0.0155021,0,0,0,0,0,0,1.32196,0,0,0,0,0,0,0,-2.83484,-0.0384182,0,0,0,0,0,0,-0.0580043,-0.0387552,0,0,0,0,0,0,1.30255,-0.0426308,0,0,0,0,0,0,-2.80473,-0.00202201,0,0,0,0,0,0,-0.296793,-0.00775105,0,0,0,0,0,0,1.31635,-0.00775105,0,0,0,0,0,0,-2.81373,0.00404402,0,0,0,0,0,0,0.31611,0,0,0,0,0,0,0,1.309,-0.00387552,0,0,0,0,0,0,-2.81087,0.0242641,
112,0,0,0,0,0,0,0.107296,-0.0697594,0,0,0,0,0,0,1.32199,0.0503818,0,0,0,0,0,0,-2.83484,-0.0303302,0,0,0,0,0,0,-0.0580043,-0.0542573,0,0,0,0,0,0,1.30252,-0.0930126,0,0,0,0,0,0,-2.80473,0,0,0,0,0,0,0,-0.296763,0.0387552,0,0,0,0,0,0,1.31635,0,0,0,0,0,0,0,-2.81375,-0.0242641,0,0,0,0,0,0,0.31614,0.0503818,0,0,0,0,0,0,1.309,-0.00387552,0,0,0,0,0,0,-2.81087,0.0202201,
113,0,0,0,0,0,0,0.107296,-0.0697594,0,0,0,0,0,0,1.32199,0.0503818,0,0,0,0,0,0,-2.83482,0,0,0,0,0,0,0,-0.0580043,-0.0542573,0,0,0,0,0,0,1.30258,0,0,0,0,0,0,0,-2.80473,-0.00202201,0,0,0,0,0,0,-0.296763,0.0387552,0,0,0,0,0,0,1.31635,-0.0155021,0,0,0,0,0,0,-2.81375,-0.0202201,0,0,0,0,0,0,0.31614,0.0426308,0,0,0,0,0,0,1.309,-0.00387552,0,0,0,0,0,0,-2.81087,0.0202201,
114,0,0,0,0,0,0,0.107357,0.0348797,0,0,0,0,0,0,1.32196,-0.00387552,0,0,0,0,0,0,-2.83482,-0.00808805,0,0,0,0,0,0,-0.057974,0.0348797,0,0,0,0,0,0,1.30255,-0.0387552,0,0,0,0,0,0,-2.80471,0.0283082,0,0,0,0,0,0,-0.296793,-0.0193776,0,0,0,0,0,0,1.31635,-0.0193776,0,0,0,0,0,0,-2.81375,-0.0202201,0,0,0,0,0,0,0.31614,0.0503818,0,0,0,0,0,0,1.30897,-0.0542573,0,0,0,0,0,0,-2.81089,-0.0101101,
115,0,0,0,0,0,0,0.107357,0.0116266,0,0,0,0,0,0,1.32196,-0.0116266,0,0,0,0,0,0,-2.83484,-0.0323522,0,0,0,0,0,0,-0.0580043,-0.0581329,0,0,0,0,0,0,1.30255,-0.0542573,0,0,0,0,0,0,-2.80471,0.0242641,0,0,0,0,0,0,-0.296793,-0.0232531,0,0,0,0,0,0,1.31642,0.11239,0,0,0,0,0,0,-2.81375,-0.0283082,0,0,0,0,0,0,0.31611,-0.0116266,0,0,0,0,0,0,1.309,0,0,0,0,0,0,0,-2.81087,0.0262862,
116,0,0,0,0,0,0,0.107326,-0.0581329,0,0,0,0,0,0,1.32196,-0.0116266,0,0,0,0,0,0,-2.83484,-0.0323522,0,0,0,0,0,0,-0.057974,0,0,0,0,0,0,0,1.30255,-0.0542573,0,0,0,0,0,0,-2.80473,0.00202201,0,0,0,0,0,0,-0.296763,0.0387552,0,0,0,0,0,0,1.31639,0.0426308,0,0,0,0,0,0,-2.81375,-0.0181981,0,0,0,0,0,0,0.31611,-0.0116266,0,0,0,0,0,0,1.30897,-0.0542573,0,0,0,0,0,0,-2.81087,0.0262862,
117,0,0,0,0,0,0,0.107326,-0.0271287,0,0,0,0,0,0,1.32199,0.0465063,0,0,0,0,0,0,-2.83482,-0.0505503,0,0,0,0,0,0,-0.057974,0.0116266,0,0,0,0,0,0,1.30255,-0.0542573,0,0,0,0,0,0,-2.80471,0.0222421,0,0,0,0,0,0,-0.296763,0.0271287,0,0,0,0,0,0,1.31639,0.0503818,0,0,0,0,0,0,-2.81375,-0.0202201,0,0,0,0,0,0,0.316171,0.081386,0,0,0,0,0,0,1.309,0,0,0,0,0,0,0,-2.81089,0.0202201,
118,0,0,0,0,0,0,0.107387,-0.00775105,0,0,0,0,0,0,1.32199,0.0387552,0,0,0,0,0,0,-2.83482,-0.0101101,0,0,0,0,0,0,-0.0580346,-0.0930126,0,0,0,0,0,0,1.30255,-0.0387552,0,0,0,0,0,0,-2.80471,0.0262862,0,0,0,0,0,0,-0.296763,0.0232531,0,0,0,0,0,0,1.31639,0.0658839,0,0,0,0,0,0,-2.81375,-0.0222421,0,0,0,0,0,0,0.31614,0.0503818,0,0,0,0,0,0,1.30897,-0.0503818,0,0,0,0,0,0,-2.81087,0.0202201,
119,0,0,0,0,0,0,0.107357,0.0155021,0,0,0,0,0,0,1.32199,0.0387552,0,0,0,0,0,0,-2.83484,-0.0222421,0,0,0,0,0,0,-0.0580043,-0.0581329,0,0,0,0,0,0,1.30255,-0.0387552,0,0,0,0,0,0,-2.80471,0.0161761,0,0,0,0,0,0,-0.296763,0.0348797,0,0,0,0,0,0,1.31642,0.104639,0,0,0,0,0,0,-2.81375,-0.0283082,0,0,0,0,0,0,0.31614,0.0465063,0,0,0,0,0,0,1.309,0,0,0,0,0,0,0,-2.81087,0.0181981,
120,0,0,0,0,0,0,0.107357,0.0271287,0,0,0,0,0,0,1.32196,-0.0155021,0,0,0,0,0,0,-2.83482,-0.00202201,0,0,0,0,0,0,-0.0580346,-0.081386,0,0,0,0,0,0,1.30255,-0.0426308,0,0,0,0,0,0,-2.80471,0.0303302,0,0,0,0,0,0,-0.296763,0.0232531,0,0,0,0,0,0,1.31639,0.0387552,0,0,0,0,0,0,-2.81375,-0.0262862,0,0,0,0,0,0,0.31611,-0.0116266,0,0,0,0,0,0,1.309,0.0116266,0,0,0,0,0,0,-2.81087,0.0242641,
121,0,0,0,0,0,0,0.107357,0.0193776,0,0,0,0,0,0,1.32196,0,0,0,0,0,0,0,-2.83484,-0.0181981,0,0,0,0,0,0,-0.0580346,-0.0968881,0,0,0,0,0,0,1.30255,-0.0426308,0,0,0,0,0,0,-2.80473,0.00404402,0,0,0,0,0,0,-0.296763,0.0387552,0,0,0,0,0,0,1.31639,0.0387552,0,0,0,0,0,0,-2.81375,-0.0303302,0,0,0,0,0,0,0.31614,0.0542573,0,0,0,0,0,0,1.30894,-0.104639,0,0,0,0,0,0,-2.81089,-0.00606604,
122,0,0,0,0,0,0,0.107357,0.0232531,0,0,0,0,0,0,1.32196,-0.00387552,0,0,0,0,0,0,-2.83484,-0.0222421,0,0,0,0,0,0,-0.057974,0.0271287,0,0,0,0,0,0,1.30255,-0.0542573,0,0,0,0,0,0,-2.80473,0,0,0,0,0,0,0,-0.296763,0.0310042,0,0,0,0,0,0,1.31639,-0.0193776,0,0,0,0,0,0,-2.81373,0.0101101,0,0,0,0,0,0,0.31611,-0.00775105,0,0,0,0,0,0,1.309,0.00387552,0,0,0,0,0,0,-2.81089,-0.0101101,
123,0,0,0,0,0,0,0.107326,-0.0271287,0,0,0,0,0,0,1.32196,-0.0116266,0,0,0,0,0,0,-2.83482,-0.00202201,0,0,0,0,0,0,-0.0580346,-0.089137,0,0,0,0,0,0,1.30258,0,0,0,0,0,0,0,-2.80473,0.00404402,0,0,0,0,0,0,-0.296793,-0.0193776,0,0,0,0,0,0,1.31639,0.0542573,0,0,0,0,0,0,-2.81375,-0.0202201,0,0,0,0,0,0,0.31614,0.0387552,0,0,0,0,0,0,1.309,0.0155021,0,0,0,0,0,0,-2.81089,-0.00404402,
124,0,0,0,0,0,0,0.107357,0.0155021,0,0,0,0,0,0,1.32199,0.0581329,0,0,0,0,0,0,-2.83484,-0.0424623,0,0,0,0,0,0,-0.0580043,-0.0271287,0,0,0,0,0,0,1.30255,-0.0387552,0,0,0,0,0,0,-2.80473,0,0,0,0,0,0,0,-0.296793,-0.0193776,0,0,0,0,0,0,1.31639,0.0387552,0,0,0,0,0,0,-2.81373,0.00808805,0,0,0,0,0,0,0.31611,-0.00775105,0,0,0,0,0,0,1.30897,-0.0426308,0,0,0,0,0,0,-2.81086,0.0626824,
125,0,0,0,0,0,0,0.107326,-0.0775105,0,0,0,0,0,0,1.32199,0.0387552,0,0,0,0,0,0,-2.83482,0,0,0,0,0,0,0,-0.0580346,-0.104639,0,0,0,0,0,0,1.30255,-0.0581329,0,0,0,0,0,0,-2.80473,-0.00808805,0,0,0,0,0,0,-0.296793,-0.0155021,0,0,0,0,0,0,1.31635,-0.00387552,0,0,0,0,0,0,-2.81375,0.00808805,0,0,0,0,0,0,0.31611,0.0503818,0,0,0,0,0,0,1.30897,-0.0426308,0,0,0,0,0,0,-2.81087,0.0222421,
126,0,0,0,0,0,0,0.107326,-0.0465063,0,0,0,0,0,0,1.32199,0.0581329,0,0,0,0,0,0,-2.83484,-0.00202201,0,0,0,0,0,0,-0.057974,0.0193776,0,0,0,0,0,0,1.30255,-0.0542573,0,0,0,0,0,0,-2.80473,-0.0101101,0,0,0,0,0,0,-0.296793,-0.0193776,0,0,0,0,0,0,1.31635,0,0,0,0,0,0,0,-2.81373,0.00808805,0,0,0,0,0,0,0.31614,0.0387552,0,0,0,0,0,0,1.309,0.0155021,0,0,0,0,0,0,-2.81089,-0.00808805,
127,0,0,0,0,0,0,0.107326,-0.0155021,0,0,0,0,0,0,1.32199,0.0465063,0,0,0,0,0,0,-2.83481,0.00808805,0,0,0,0,0,0,-0.0580043,-0.0155021,0,0,0,0,0,0,1.30258,0.0116266,0,0,0,0,0,0,-2.80473,0,0,0,0,0,0,0,-0.296763,0.0387552,0,0,0,0,0,0,1.31635,-0.0155021,0,0,0,0,0,0,-2.81375,-0.0181981,0,0,0,0,0,0,0.31614,0.0426308,0,0,0,0,0,0,1.30897,0,0,0,0,0,0,0,-2.81089,-0.00808805,
128,0,0,0,0,0,0,0.107326,-0.0271287,0,0,0,0,0,0,1.32196,0,0,0,0,0,0,0,-2.83482,-0.0101101,0,0,0,0,0,0,-0.057974,0.0426308,0,0,0,0,0,0,1.30255,-0.0387552,0,0,0,0,0,0,-2.80473,-0.00404402,0,0,0,0,0,0,-0.296763,0.0271287,0,0,0,0,0,0,1.31639,0.0542573,0,0,0,0,0,0,-2.81375,-0.0262862,0,0,0,0,0,0,0.31614,0.0387552,0,0,0,0,0,0,1.30897,-0.0581329,0,0,0,0,0,0,-2.81089,-0.0101101,
129,0,0,0,0,0,0,0.107357,0.0465063,0,0,0,0,0,0,1.32199,0.0387552,0,0,0,0,0,0,-2.83484,-0.0363962,0,0,0,0,0,0,-0.0580043,-0.00387552,0,0,0,0,0,0,1.30255,-0.0387552,0,0,0,0,0,0,-2.80473,-0.00606604,0,0,0,0,0,0,-0.296763,0.0310042,0,0,0,0,0,0,1.31639,0.0310042,0,0,0,0,0,0,-2.81375,-0.0242641,0,0,0,0,0,0,0.31611,-0.00775105,0,0,0,0,0,0,1.30897,-0.0426308,0,0,0,0,0,0,-2.81087,0.0262862,
130,0,0,0,0,0,0,0.107357,0.0348797,0,0,0,0,0,0,1.32196,0.0155021,0,0,0,0,0,0,-2.83484,-0.0384182,0,0,0,0,0,0,-0.0580346,-0.089137,0,0,0,0,0,0,1.30261,0.0542573,0,0,0,0,0,0,-2.80473,0,0,0,0,0,0,0,-0.296763,0.0232531,0,0,0,0,0,0,1.31635,0,0,0,0,0,0,0,-2.81375,-0.0161761,0,0,0,0,0,0,0.31614,0.0465063,0,0,0,0,0,0,1.309,0.00387552,0,0,0,0,0,0,-2.81089,0.0323522,
131,0,0,0,0,0,0,0.107296,-0.073635,0,0,0,0,0,0,1.32199,0.0387552,0,0,0,0,0,0,-2.83481,0.0242641,0,0,0,0,0,0,-0.0580043,0.0193776,0,0,0,0,0,0,1.30255,-0.0387552,0,0,0,0,0,0,-2.80471,0.0202201,0,0,0,0,0,0,-0.296763,0.0116266,0,0,0,0,0,0,1.31635,-0.0155021,0,0,0,0,0,0,-2.81373,0.0101101,0,0,0,0,0,0,0.31614,0.0387552,0,0,0,0,0,0,1.30897,0.0155021,0,0,0,0,0,0,-2.81089,0.0181981,
132,0,0,0,0,0,0,0.107296,-0.0620084,0,0,0,0,0,0,1.32196,0,0,0,0,0,0,0,-2.83481,0.0222421,0,0,0,0,0,0,-0.0580043,-0.0155021,0,0,0,0,0,0,1.30258,0.0193776,0,0,0,0,0,0,-2.80473,-0.0101101,0,0,0,0,0,0,-0.296763,0.00387552,0,0,0,0,0,0,1.31635,-0.00775105,0,0,0,0,0,0,-2.81373,0.00606604,0,0,0,0,0,0,0.31614,0.0581329,0,0,0,0,0,0,1.30897,-0.0387552,0,0,0,0,0,0,-2.81087,0.0222421,
133,0,0,0,0,0,0,0.107296,-0.104639,0,0,0,0,0,0,1.32199,0.0387552,0,0,0,0,0,0,-2.83481,0.0141541,0,0,0,0,0,0,-0.0580346,-0.0620084,0,0,0,0,0,0,1.30255,0,0,0,0,0,0,0,-2.80473,-0.0101101,0,0,0,0,0,0,-0.296732,0.0620084,0,0,0,0,0,0,1.31639,0.0426308,0,0,0,0,0,0,-2.81375,-0.0202201,0,0,0,0,0,0,0.31614,0.0310042,0,0,0,0,0,0,1.30897,0,0,0,0,0,0,0,-2.81087,0.0202201,
134,0,0,0,0,0,0,0.107326,-0.0310042,0,0,0,0,0,0,1.32199,0.0581329,0,0,0,0,0,0,-2.83484,-0.0303302,0,0,0,0,0,0,-0.0580346,-0.0387552,0,0,0,0,0,0,1.30258,0.0193776,0,0,0,0,0,0,-2.80471,0.0202201,0,0,0,0,0,0,-0.296763,0.00387552,0,0,0,0,0,0,1.31639,0.0542573,0,0,0,0,0,0,-2.81373,0.0101101,0,0,0,0,0,0,0.31614,0.0387552,0,0,0,0,0,0,1.30897,-0.0581329,0,0,0,0,0,0,-2.81087,0.0202201,
135,0,0,0,0,0,0,0.107326,-0.0348797,0,0,0,0,0,0,1.32199,0.0310042,0,0,0,0,0,0,-2.83484,-0.0384182,0,0,0,0,0,0,-0.0580346,-0.0387552,0,0,0,0,0,0,1.30258,0.00387552,0,0,0,0,0,0,-2.80471,0.0283082,0,0,0,0,0,0,-0.296763,0.0232531,0,0,0,0,0,0,1.31635,0,0,0,0,0,0,0,-2.81373,0.00808805,0,0,0,0,0,0,0.31611,-0.0155021,0,0,0,0,0,0,1.30897,-0.0581329,0,0,0,0,0,0,-2.81087,0.0202201,
136,0,0,0,0,0,0,0.107357,0.0155021,0,0,0,0,0,0,1.32196,-0.0155021,0,0,0,0,0,0,-2.83481,0.00808805,0,0,0,0,0,0,-0.057974,0.0155021,0,0,0,0,0,0,1.30258,0.0116266,0,0,0,0,0,0,-2.80471,0.0121321,0,0,0,0,0,0,-0.296763,0.0155021,0,0,0,0,0,0,1.31635,0,0,0,0,0,0,0,-2.81375,-0.0262862,0,0,0,0,0,0,0.31611,-0.0116266,0,0,0,0,0,0,1.309,0.00387552,0,0,0,0,0,0,-2.81089,-0.0101101,
137,0,0,0,0,0,0,0.107357,0.0193776,0,0,0,0,0,0,1.32199,0.0426308,0,0,0,0,0,0,-2.83484,-0.0363962,0,0,0,0,0,0,-0.0580346,-0.073635,0,0,0,0,0,0,1.30255,-0.0387552,0,0,0,0,0,0,-2.80473,-0.0101101,0,0,0,0,0,0,-0.296763,0.00387552,0,0,0,0,0,0,1.31635,0.00387552,0,0,0,0,0,0,-2.81377,-0.0485283,0,0,0,0,0,0,0.31611,-0.0155021,0,0,0,0,0,0,1.309,0.0155021,0,0,0,0,0,0,-2.81087,0.0202201,
138,0,0,0,0,0,0,0.107326,-0.0271287,0,0,0,0,0,0,1.32199,0.0387552,0,0,0,0,0,0,-2.83482,-0.00202201,0,0,0,0,0,0,-0.057974,0.0155021,0,0,0,0,0,0,1.30258,-0.0232531,0,0,0,0,0,0,-2.80473,0.0323522,0,0,0,0,0,0,-0.296732,0.081386,0,0,0,0,0,0,1.31635,0.00387552,0,0,0,0,0,0,-2.81375,-0.0202201,0,0,0,0,0,0,0.31614,0.0387552,0,0,0,0,0,0,1.309,0.00775105,0,0,0,0,0,0,-2.81087,0.0283082,
139,0,0,0,0,0,0,0.107326,-0.0271287,0,0,0,0,0,0,1.32199,0.0581329,0,0,0,0,0,0,-2.83484,-0.0202201,0,0,0,0,0,0,-0.0580043,-0.0426308,0,0,0,0,0,0,1.30258,0.0155021,0,0,0,0,0,0,-2.80471,0.0242641,0,0,0,0,0,0,-0.296763,0.0232531,0,0,0,0,0,0,1.31639,0.0542573,0,0,0,0,0,0,-2.81375,-0.0202201,0,0,0,0,0,0,0.31614,0.0426308,0,0,0,0,0,0,1.309,0,0,0,0,0,0,0,-2.81089,0.0202201,
140,0,0,0,0,0,0,0.107357,0.0271287,0,0,0,0,0,0,1.32199,0.0387552,0,0,0,0,0,0,-2.83484,-0.0202201,0,0,0,0,0,0,-0.057974,0.0348797,0,0,0,0,0,0,1.30258,0,0,0,0,0,0,0,-2.80473,-0.00808805,0,0,0,0,0,0,-0.296763,0.0387552,0,0,0,0,0,0,1.31635,0.00387552,0,0,0,0,0,0,-2.81375,-0.0202201,0,0,0,0,0,0,0.31614,-0.0581329,0,0,0,0,0,0,1.309,0,0,0,0,0,0,0,-2.81087,0.0202201,
141,0,0,0,0,0,0,0.107357,0.0348797,0,0,0,0,0,0,1.32196,0,0,0,0,0,0,0,-2.83484,-0.0202201,0,0,0,0,0,0,-0.057974,0.0193776,0,0,0,0,0,0,1.30258,0.00775105,0,0,0,0,0,0,-2.80471,0.0242641,0,0,0,0,0,0,-0.296763,0.0155021,0,0,0,0,0,0,1.31635,0,0,0,0,0,0,0,-2.81375,-0.0181981,0,0,0,0,0,0,0.31611,-0.0193776,0,0,0,0,0,0,1.309,0.0155021,0,0,0,0,0,0,-2.81087,0.0202201,
142,0,0,0,0,0,0,0.107357,0.0232531,0,0,0,0,0,0,1.32196,0,0,0,0,0,0,0,-2.83482,0.00606604,0,0,0,0,0,0,-0.0580346,-0.0930126,0,0,0,0,0,0,1.30255,-0.0387552,0,0,0,0,0,0,-2.80471,0.0283082,0,0,0,0,0,0,-0.296763,0.0387552,0,0,0,0,0,0,1.31639,0.0542573,0,0,0,0,0,0,-2.81373,0.0101101,0,0,0,0,0,0,0.31614,0.0348797,0,0,0,0,0,0,1.309,0,0,0,0,0,0,0,-2.81087,0.0202201,
143,0,0,0,0,0,0,0.107326,-0.00775105,0,0,0,0,0,0,1.32196,0,0,0,0,0,0,0,-2.83482,-0.00404402,0,0,0,0,0,0,-0.057974,0.00775105,0,0,0,0,0,0,1.30258,0,0,0,0,0,0,0,-2.80473,-0.00808805,0,0,0,0,0,0,-0.296793,-0.0271287,0,0,0,0,0,0,1.31639,0.0581329,0,0,0,0,0,0,-2.81373,0.00808805,0,0,0,0,0,0,0.31614,0.0581329,0,0,0,0,0,0,1.309,0.0155021,0,0,0,0,0,0,-2.81087,0.0202201,
144,0,0,0,0,0,0,0.107326,-0.0271287,0,0,0,0,0,0,1.32196,-0.0155021,0,0,0,0,0,0,-2.83482,0,0,0,0,0,0,0,-0.057974,0.0348797,0,0,0,0,0,0,1.30258,0.0193776,0,0,0,0,0,0,-2.80473,-0.00404402,0,0,0,0,0,0,-0.296793,-0.0387552,0,0,0,0,0,0,1.31642,0.0968881,0,0,0,0,0,0,-2.81375,-0.0202201,0,0,0,0,0,0,0.31614,0.0426308,0,0,0,0,0,0,1.30897,-0.0348797,0,0,0,0,0,0,-2.81087,0.0222421,
145,0,0,0,0,0,0,0.107296,-0.073635,0,0,0,0,0,0,1.32196,-0.00387552,0,0,0,0,0,0,-2.83482,0.00404402,0,0,0,0,0,0,-0.057974,0.0348797,0,0,0,0,0,0,1.30255,-0.0426308,0,0,0,0,0,0,-2.80473,-0.00404402,0,0,0,0,0,0,-0.296763,0.0348797,0,0,0,0,0,0,1.31639,0.0581329,0,0,0,0,0,0,-2.81375,-0.0202201,0,0,0,0,0,0,0.31614,0.0387552,0,0,0,0,0,0,1.30897,-0.0387552,0,0,0,0,0,0,-2.81089,0.0202201,
146,0,0,0,0,0,0,0.107357,0.0503818,0,0,0,0,0,0,1.32196,-0.0232531,0,0,0,0,0,0,-2.83482,-0.0161761,0,0,0,0,0,0,-0.0580043,-0.0155021,0,0,0,0,0,0,1.30255,-0.0465063,0,0,0,0,0,0,-2.80471,0.0202201,0,0,0,0,0,0,-0.296763,0.0271287,0,0,0,0,0,0,1.31639,0.0503818,0,0,0,0,0,0,-2.81373,0.00808805,0,0,0,0,0,0,0.31614,0.0387552,0,0,0,0,0,0,1.30897,-0.0503818,0,0,0,0,0,0,-2.81087,0.0202201,
147,0,0,0,0,0,0,0.107326,-0.0310042,0,0,0,0,0,0,1.32196,0,0,0,0,0,0,0,-2.83481,0.0363962,0,0,0,0,0,0,-0.057974,0.0271287,0,0,0,0,0,0,1.30258,0,0,0,0,0,0,0,-2.80471,0.0242641,0,0,0,0,0,0,-0.296732,0.073635,0,0,0,0,0,0,1.31639,0.0542573,0,0,0,0,0,0,-2.81373,0.0101101,0,0,0,0,0,0,0.31611,-0.0193776,0,0,0,0,0,0,1.30897,-0.0581329,0,0,0,0,0,0,-2.81087,0.0303302,
148,0,0,0,0,0,0,0.107326,-0.0387552,0,0,0,0,0,0,1.32196,-0.00775105,0,0,0,0,0,0,-2.83482,-0.00404402,0,0,0,0,0,0,-0.057974,0.0310042,0,0,0,0,0,0,1.30258,0.00775105,0,0,0,0,0,0,-2.80473,0,0,0,0,0,0,0,-0.296763,0.00387552,0,0,0,0,0,0,1.31635,-0.0116266,0,0,0,0,0,0,-2.81375,-0.0202201,0,0,0,0,0,0,0.31614,0.0387552,0,0,0,0,0,0,1.30897,-0.0465063,0,0,0,0,0,0,-2.81087,0.0202201,
149,0,0,0,0,0,0,0.107357,0.0310042,0,0,0,0,0,0,1.32196,-0.00387552,0,0,0,0,0,0,-2.83484,-0.0384182,0,0,0,0,0,0,-0.057974,0.00387552,0,0,0,0,0,0,1.30255,-0.0387552,0,0,0,0,0,0,-2.80473,-0.0141541,0,0,0,0,0,0,-0.296763,0.0232531,0,0,0,0,0,0,1.31635,-0.00387552,0,0,0,0,0,0,-2.81373,0.00808805,0,0,0,0,0,0,0.31614,0.0387552,0,0,0,0,0,0,1.309,-0.0581329,0,0,0,0,0,0,-2.81089,0,
150,0,0,0,0,0,0,0.107296,-0.073635,0,0,0,0,0,0,1.32199,0.0581329,0,0,0,0,0,0,-2.83482,0,0,0,0,0,0,0,-0.0580043,-0.0581329,0,0,0,0,0,0,1.30258,0.00387552,0,0,0,0,0,0,-2.80473,0,0,0,0,0,0,0,-0.296732,0.0620084,0,0,0,0,0,0,1.31639,0.0387552,0,0,0,0,0,0,-2.81375,-0.0222421,0,0,0,0,0,0,0.31614,0.0310042,0,0,0,0,0,0,1.309,0.00387552,0,0,0,0,0,0,-2.81087,0.0101101,
151,0,0,0,0,0,0,0.107326,-0.0271287,0,0,0,0,0,0,1.32199,0.0387552,0,0,0,0,0,0,-2.83482,0,0,0,0,0,0,0,-0.0580346,-0.0930126,0,0,0,0,0,0,1.30258,0.00387552,0,0,0,0,0,0,-2.80471,0.0242641,0,0,0,0,0,0,-0.296793,-0.0348797,0,0,0,0,0,0,1.31639,0.0387552,0,0,0,0,0,0,-2.81373,0.00404402,0,0,0,0,0,0,0.31614,0.0310042,0,0,0,0,0,0,1.30897,-0.0542573,0,0,0,0,0,0,-2.81087,0.0202201,
152,0,0,0,0,0,0,0.107326,-0.0310042,0,0,0,0,0,0,1.32196,-0.0116266,0,0,0,0,0,0,-2.83482,0.00808805,0,0,0,0,0,0,-0.057974,0.00387552,0,0,0,0,0,0,1.30258,0.00775105,0,0,0,0,0,0,-2.80473,-0.00404402,0,0,0,0,0,0,-0.296763,0.0310042,0,0,0,0,0,0,1.31642,0.0852615,0,0,0,0,0,0,-2.81373,0.0101101,0,0,0,0,0,0,0.31614,0.0465063,0,0,0,0,0,0,1.309,0,0,0,0,0,0,0,-2.81089,-0.0101101,
153,0,0,0,0,0,0,0.107296,-0.0775105,0,0,0,0,0,0,1.32196,-0.00387552,0,0,0,0,0,0,-2.83481,0.0262862,0,0,0,0,0,0,-0.0580346,-0.081386,0,0,0,0,0,0,1.30258,0.00775105,0,0,0,0,0,0,-2.80471,0.0242641,0,0,0,0,0,0,-0.296793,0,0,0,0,0,0,0,1.31635,0.00387552,0,0,0,0,0,0,-2.81377,-0.0485283,0,0,0,0,0,0,0.31611,-0.00775105,0,0,0,0,0,0,1.30903,0.0503818,0,0,0,0,0,0,-2.81089,-0.0101101,
154,0,0,0,0,0,0,0.107296,-0.0775105,0,0,0,0,0,0,1.32196,-0.0155021,0,0,0,0,0,0,-2.83484,-0.0202201,0,0,0,0,0,0,-0.057974,0.0193776,0,0,0,0,0,0,1.30255,-0.0387552,0,0,0,0,0,0,-2.8047,0.0566163,0,0,0,0,0,0,-0.296763,0.0387552,0,0,0,0,0,0,1.31639,0.0193776,0,0,0,0,0,0,-2.81373,0.00808805,0,0,0,0,0,0,0.31614,0.0581329,0,0,0,0,0,0,1.30897,-0.0658839,0,0,0,0,0,0,-2.81087,0.0181981,
155,0,0,0,0,0,0,0.107357,0.0310042,0,0,0,0,0,0,1.32196,0,0,0,0,0,0,0,-2.83482,-0.00404402,0,0,0,0,0,0,-0.057974,0.0310042,0,0,0,0,0,0,1.30258,0.0193776,0,0,0,0,0,0,-2.80473,-0.00202201,0,0,0,0,0,0,-0.296763,0.0348797,0,0,0,0,0,0,1.31635,-0.00775105,0,0,0,0,0,0,-2.81373,0.00808805,0,0,0,0,0,0,0.31611,-0.00387552,0,0,0,0,0,0,1.30897,-0.0542573,0,0,0,0,0,0,-2.81089,-0.0101101,
156,0,0,0,0,0,0,0.107357,0.0232531,0,0,0,0,0,0,1.32199,0.0465063,0,0,0,0,0,0,-2.83482,-0.0101101,0,0,0,0,0,0,-0.057974,0.0193776,0,0,0,0,0,0,1.30255,-0.0697594,0,0,0,0,0,0,-2.80473,0.00606604,0,0,0,0,0,0,-0.296763,0.0310042,0,0,0,0,0,0,1.31639,0.0387552,0,0,0,0,0,0,-2.81373,0.0101101,0,0,0,0,0,0,0.31611,0,0,0,0,0,0,0,1.309,-0.0232531,0,0,0,0,0,0,-2.81087,0.0283082,
157,0,0,0,0,0,0,0.107296,-0.00387552,0,0,0,0,0,0,1.32196,-0.0155021,0,0,0,0,0,0,-2.83484,-0.0384182,0,0,0,0,0,0,-0.057974,0,0,0,0,0,0,0,1.30255,-0.0426308,0,0,0,0,0,0,-2.80471,0.0202201,0,0,0,0,0,0,-0.296732,0.089137,0,0,0,0,0,0,1.31639,0.0387552,0,0,0,0,0,0,-2.81375,-0.0202201,0,0,0,0,0,0,0.31611,-0.0116266,0,0,0,0,0,0,1.309,-0.0155021,0,0,0,0,0,0,-2.81087,0.0161761,
158,0,0,0,0,0,0,0.107326,-0.0348797,0,0,0,0,0,0,1.32199,0.0465063,0,0,0,0,0,0,-2.83484,-0.0202201,0,0,0,0,0,0,-0.057974,-0.0658839,0,0,0,0,0,0,1.30258,0.0155021,0,0,0,0,0,0,-2.80473,0,0,0,0,0,0,0,-0.296763,0.0310042,0,0,0,0,0,0,1.31635,0,0,0,0,0,0,0,-2.81373,0.0101101,0,0,0,0,0,0,0.31614,0.0620084,0,0,0,0,0,0,1.30897,-0.0542573,0,0,0,0,0,0,-2.81089,0,
159,0,0,0,0,0,0,0.107326,-0.00387552,0,0,0,0,0,0,1.32196,0,0,0,0,0,0,0,-2.83482,-0.0101101,0,0,0,0,0,0,-0.057974,-0.00775105,0,0,0,0,0,0,1.30255,-0.0387552,0,0,0,0,0,0,-2.80473,0.00404402,0,0,0,0,0,0,-0.296732,0.0775105,0,0,0,0,0,0,1.31635,-0.0193776,0,0,0,0,0,0,-2.81375,-0.0202201,0,0,0,0,0,0,0.31611,-0.00775105,0,0,0,0,0,0,1.30897,-0.0581329,0,0,0,0,0,0,-2.81089,0.00606604,
160,0,0,0,0,0,0,0.107326,-0.0232531,0,0,0,0,0,0,1.32199,0.0348797,0,0,0,0,0,0,-2.83484,-0.0363962,0,0,0,0,0,0,-0.057974,0.0155021,0,0,0,0,0,0,1.30255,-0.0581329,0,0,0,0,0,0,-2.80473,-0.00606604,0,0,0,0,0,0,-0.296763,0.0232531,0,0,0,0,0,0,1.31639,0.0426308,0,0,0,0,0,0,-2.81375,-0.0202201,0,0,0,0,0,0,0.31614,0.0503818,0,0,0,0,0,0,1.30897,-0.0581329,0,0,0,0,0,0,-2.81087,0.0262862,
161,0,0,0,0,0,0,0.107357,0.0271287,0,0,0,0,0,0,1.32196,0,0,0,0,0,0,0,-2.83484,-0.0303302,0,0,0,0,0,0,-0.057974,0,0,0,0,0,0,0,1.30258,0.00387552,0,0,0,0,0,0,-2.80473,-0.00606604,0,0,0,0,0,0,-0.296732,0.0930126,0,0,0,0,0,0,1.31639,0.0348797,0,0,0,0,0,0,-2.81373,0,0,0,0,0,0,0,0.31611,-0.0193776,0,0,0,0,0,0,1.309,0.00387552,0,0,0,0,0,0,-2.81087,0.0202201,
162,0,0,0,0,0,0,0.107326,-0.0387552,0,0,0,0,0,0,1.32196,-0.0116266,0,0,0,0,0,0,-2.83484,-0.0283082,0,0,0,0,0,0,-0.0580043,-0.0155021,0,0,0,0,0,0,1.30255,-0.0581329,0,0,0,0,0,0,-2.80473,-0.00404402,0,0,0,0,0,0,-0.296732,0.0620084,0,0,0,0,0,0,1.31635,-0.0193776,0,0,0,0,0,0,-2.81375,-0.0222421,0,0,0,0,0,0,0.31611,-0.0193776,0,0,0,0,0,0,1.30897,-0.0426308,0,0,0,0,0,0,-2.81087,0.0202201,
163,0,0,0,0,0,0,0.107326,-0.0387552,0,0,0,0,0,0,1.32196,-0.0116266,0,0,0,0,0,0,-2.83482,0.00808805,0,0,0,0,0,0,-0.0580043,-0.0155021,0,0,0,0,0,0,1.30255,-0.0581329,0,0,0,0,0,0,-2.8047,0.0363962,0,0,0,0,0,0,-0.296732,0.0620084,0,0,0,0,0,0,1.31635,0,0,0,0,0,0,0,-2.81373,0.0101101,0,0,0,0,0,0,0.31611,-0.0232531,0,0,0,0,0,0,1.309,0.00775105,0,0,0,0,0,0,-2.81087,0.0202201,
164,0,0,0,0,0,0,0.107357,0.0155021,0,0,0,0,0,0,1.32196,-0.0155021,0,0,0,0,0,0,-2.83484,-0.0343742,0,0,0,0,0,0,-0.0580043,-0.0387552,0,0,0,0,0,0,1.30255,-0.0542573,0,0,0,0,0,0,-2.80471,0.0181981,0,0,0,0,0,0,-0.296763,0.0271287,0,0,0,0,0,0,1.31635,-0.0116266,0,0,0,0,0,0,-2.81375,-0.0202201,0,0,0,0,0,0,0.31611,-0.0193776,0,0,0,0,0,0,1.309,-0.00775105,0,0,0,0,0,0,-2.81089,-0.0101101,
165,0,0,0,0,0,0,0.107326,-0.0310042,0,0,0,0,0,0,1.32196,-0.00387552,0,0,0,0,0,0,-2.83481,0.0343742,0,0,0,0,0,0,-0.0580346,-0.0852615,0,0,0,0,0,0,1.30255,-0.0387552,0,0,0,0,0,0,-2.80475,0.0303302,0,0,0,0,0,0,-0.296763,0.0271287,0,0,0,0,0,0,1.31639,0.0465063,0,0,0,0,0,0,-2.81373,0.00404402,0,0,0,0,0,0,0.31614,0.00775105,0,0,0,0,0,0,1.309,0.00387552,0,0,0,0,0,0,-2.81086,0.0202201,
166,0,0,0,0,0,0,0.107296,-0.089137,0,0,0,0,0,0,1.32196,-0.0193776,0,0,0,0,0,0,-2.83484,-0.0303302,0,0,0,0,0,0,-0.057974,0.0116266,0,0,0,0,0,0,1.30255,-0.0581329,0,0,0,0,0,0,-2.80471,0.0202201,0,0,0,0,0,0,-0.296732,0.0581329,0,0,0,0,0,0,1.31635,-0.00775105,0,0,0,0,0,0,-2.81375,-0.0283082,0,0,0,0,0,0,0.31611,0.00387552,0,0,0,0,0,0,1.309,0.0193776,0,0,0,0,0,0,-2.81089,-0.00808805,
167,0,0,0,0,0,0,0.107326,-0.0387552,0,0,0,0,0,0,1.32199,-0.0116266,0,0,0,0,0,0,-2.83484,-0.0283082,0,0,0,0,0,0,-0.0580346,-0.0852615,0,0,0,0,0,0,1.30258,-0.0620084,0,0,0,0,0,0,-2.80473,-0.00202201,0,0,0,0,0,0,-0.296793,-0.0542573,0,0,0,0,0,0,1.31639,0.0426308,0,0,0,0,0,0,-2.81373,0.0101101,0,0,0,0,0,0,0.31611,-0.0155021,0,0,0,0,0,0,1.30897,0.0116266,0,0,0,0,0,0,-2.81087,0.0202201,
168,0,0,0,0,0,0,0.107326,-0.0310042,0,0,0,0,0,0,1.32196,0.0465063,0,0,0,0,0,0,-2.83484,-0.0303302,0,0,0,0,0,0,-0.0580346,-0.0968881,0,0,0,0,0,0,1.30255,-0.0503818,0,0,0,0,0,0,-2.80471,0.0303302,0,0,0,0,0,0,-0.296793,-0.0426308,0,0,0,0,0,0,1.31635,-0.00387552,0,0,0,0,0,0,-2.81375,-0.0202201,0,0,0,0,0,0,0.31614,0.0426308,0,0,0,0,0,0,1.30897,-0.0581329,0,0,0,0,0,0,-2.81087,0.0202201,
169,0,0,0,0,0,0,0.107326,-0.0310042,0,0,0,0,0,0,1.32196,-0.0116266,0,0,0,0,0,0,-2.83484,0,0,0,0,0,0,0,-0.0580346,-0.0968881,0,0,0,0,0,0,1.30255,-0.0542573,0,0,0,0,0,0,-2.80471,0.0202201,0,0,0,0,0,0,-0.296763,0.0232531,0,0,0,0,0,0,1.31635,0,0,0,0,0,0,0,-2.81373,0.00808805,0,0,0,0,0,0,0.31611,-0.00775105,0,0,0,0,0,0,1.309,0.0155021,0,0,0,0,0,0,-2.81087,0.0202201,
170,0,0,0,0,0,0,0.107326,-0.0271287,0,0,0,0,0,0,1.32199,0.0503818,0,0,0,0,0,0,-2.83482,0.00202201,0,0,0,0,0,0,-0.0580346,-0.0852615,0,0,0,0,0,0,1.30261,0.0620084,0,0,0,0,0,0,-2.80475,-0.0283082,0,0,0,0,0,0,-0.296763,0.00775105,0,0,0,0,0,0,1.31642,0.108515,0,0,0,0,0,0,-2.81375,-0.0202201,0,0,0,0,0,0,0.31614,0.0465063,0,0,0,0,0,0,1.309,0.00775105,0,0,0,0,0,0,-2.81087,0.0202201,
171,0,0,0,0,0,0,0.107326,-0.0193776,0,0,0,0,0,0,1.32196,-0.0193776,0,0,0,0,0,0,-2.83484,-0.0444843,0,0,0,0,0,0,-0.057974,0,0,0,0,0,0,0,1.30258,0.0193776,0,0,0,0,0,0,-2.80471,0.0323522,0,0,0,0,0,0,-0.296763,0.0271287,0,0,0,0,0,0,1.31642,0.0387552,0,0,0,0,0,0,-2.81375,-0.0202201,0,0,0,0,0,0,0.31614,0.0503818,0,0,0,0,0,0,1.30897,-0.0620084,0,0,0,0,0,0,-2.81087,0.0202201,
172,0,0,0,0,0,0,0.107357,0.0155021,0,0,0,0,0,0,1.32199,0.0465063,0,0,0,0,0,0,-2.83481,0.0242641,0,0,0,0,0,0,-0.057974,0.0193776,0,0,0,0,0,0,1.30255,-0.0465063,0,0,0,0,0,0,-2.80471,0.0262862,0,0,0,0,0,0,-0.296732,0.0775105,0,0,0,0,0,0,1.31635,-0.0193776,0,0,0,0,0,0,-2.81375,-0.0181981,0,0,0,0,0,0,0.31614,0.0387552,0,0,0,0,0,0,1.309,0.0116266,0,0,0,0,0,0,-2.81089,-0.00202201,
173,0,0,0,0,0,0,0.107326,-0.00387552,0,0,0,0,0,0,1.32199,0.0426308,0,0,0,0,0,0,-2.83484,-0.0202201,0,0,0,0,0,0,-0.0580346,-0.0697594,0,0,0,0,0,0,1.30258,-0.00387552,0,0,0,0,0,0,-2.80471,0.0262862,0,0,0,0,0,0,-0.296763,-0.0155021,0,0,0,0,0,0,1.31635,0.00387552,0,0,0,0,0,0,-2.81373,0.00808805,0,0,0,0,0,0,0.31614,0.0581329,0,0,0,0,0,0,1.30897,-0.0542573,0,0,0,0,0,0,-2.81089,-0.00808805,
174,0,0,0,0,0,0,0.107357,0.0426308,0,0,0,0,0,0,1.32196,0.0542573,0,0,0,0,0,0,-2.83484,-0.0384182,0,0,0,0,0,0,-0.057974,0.0232531,0,0,0,0,0,0,1.30255,-0.0503818,0,0,0,0,0,0,-2.80473,-0.00606604,0,0,0,0,0,0,-0.296763,0.00775105,0,0,0,0,0,0,1.31639,0.0503818,0,0,0,0,0,0,-2.81373,0.0101101,0,0,0,0,0,0,0.31614,0.0387552,0,0,0,0,0,0,1.309,-0.00387552,0,0,0,0,0,0,-2.81091,-0.0363962,
175,0,0,0,0,0,0,0.107357,0.0116266,0,0,0,0,0,0,1.32196,0,0,0,0,0,0,0,-2.83482,0.00404402,0,0,0,0,0,0,-0.057974,0.0310042,0,0,0,0,0,0,1.30255,-0.0542573,0,0,0,0,0,0,-2.80471,0.0262862,0,0,0,0,0,0,-0.296793,-0.0232531,0,0,0,0,0,0,1.31635,-0.0116266,0,0,0,0,0,0,-2.81373,0.00808805,0,0,0,0,0,0,0.31611,0,0,0,0,0,0,0,1.30897,-0.0465063,0,0,0,0,0,0,-2.81087,-0.00606604,
176,0,0,0,0,0,0,0.107326,-0.0232531,0,0,0,0,0,0,1.32199,0.0581329,0,0,0,0,0,0,-2.83482,-0.00606604,0,0,0,0,0,0,-0.057974,0.0193776,0,0,0,0,0,0,1.30255,-0.0503818,0,0,0,0,0,0,-2.80475,-0.0343742,0,0,0,0,0,0,-0.296793,-0.0232531,0,0,0,0,0,0,1.31639,0.0465063,0,0,0,0,0,0,-2.81373,0.00808805,0,0,0,0,0,0,0.31614,0.0465063,0,0,0,0,0,0,1.30897,-0.0542573,0,0,0,0,0,0,-2.81089,-0.00606604,
177,0,0,0,0,0,0,0.107296,-0.0775105,0,0,0,0,0,0,1.32199,0.0581329,0,0,0,0,0,0,-2.83482,-0.00404402,0,0,0,0,0,0,-0.0580346,-0.0930126,0,0,0,0,0,0,1.30258,0,0,0,0,0,0,0,-2.80471,0.0283082,0,0,0,0,0,0,-0.296763,0.0271287,0,0,0,0,0,0,1.31639,0.0542573,0,0,0,0,0,0,-2.81375,-0.0262862,0,0,0,0,0,0,0.31611,-0.0193776,0,0,0,0,0,0,1.30897,-0.0465063,0,0,0,0,0,0,-2.81091,-0.0343742,
178,0,0,0,0,0,0,0.107326,-0.0348797,0,0,0,0,0,0,1.32196,-0.0193776,0,0,0,0,0,0,-2.83484,-0.0303302,0,0,0,0,0,0,-0.057974,0.0155021,0,0,0,0,0,0,1.30255,-0.0465063,0,0,0,0,0,0,-2.80471,0.0303302,0,0,0,0,0,0,-0.296793,-0.0155021,0,0,0,0,0,0,1.31642,0.0968881,0,0,0,0,0,0,-2.81373,0,0,0,0,0,0,0,0.31611,-0.0116266,0,0,0,0,0,0,1.309,0,0,0,0,0,0,0,-2.81087,0.0303302,
179,0,0,0,0,0,0,0.107357,0.0271287,0,0,0,0,0,0,1.32199,0.0581329,0,0,0,0,0,0,-2.83481,0.0283082,0,0,0,0,0,0,-0.0580346,-0.0387552,0,0,0,0,0,0,1.30252,-0.0930126,0,0,0,0,0,0,-2.80473,-0.00808805,0,0,0,0,0,0,-0.296763,0.0155021,0,0,0,0,0,0,1.31635,0,0,0,0,0,0,0,-2.81375,-0.0222421,0,0,0,0,0,0,0.31614,0.0581329,0,0,0,0,0,0,1.309,0,0,0,0,0,0,0,-2.81089,-0.00808805,
180,0,0,0,0,0,0,0.107357,0.0193776,0,0,0,0,0,0,1.32199,0.0581329,0,0,0,0,0,0,-2.83482,0,0,0,0,0,0,0,-0.0580043,-0.0503818,0,0,0,0,0,0,1.30252,-0.0930126,0,0,0,0,0,0,-2.80473,0.0141541,0,0,0,0,0,0,-0.296732,0.0620084,0,0,0,0,0,0,1.31635,-0.00387552,0,0,0,0,0,0,-2.81375,-0.0202201,0,0,0,0,0,0,0.316171,0.0852615,0,0,0,0,0,0,1.30897,-0.0387552,0,0,0,0,0,0,-2.81087,0.0202201,
181,0,0,0,0,0,0,0.107357,0,0,0,0,0,0,0,1.32196,-0.0155021,0,0,0,0,0,0,-2.83484,-0.0262862,0,0,0,0,0,0,-0.0580346,-0.0348797,0,0,0,0,0,0,1.30255,-0.0426308,0,0,0,0,0,0,-2.80471,0.0202201,0,0,0,0,0,0,-0.296793,-0.0503818,0,0,0,0,0,0,1.31639,0.0581329,0,0,0,0,0,0,-2.81375,-0.0202201,0,0,0,0,0,0,0.316171,0.0852615,0,0,0,0,0,0,1.30897,-0.0658839,0,0,0,0,0,0,-2.81091,-0.0363962,
182,0,0,0,0,0,0,0.107296,-0.0658839,0,0,0,0,0,0,1.32196,-0.0155021,0,0,0,0,0,0,-2.83481,-0.00202201,0,0,0,0,0,0,-0.0580346,-0.0348797,0,0,0,0,0,0,1.30258,0.0193776,0,0,0,0,0,0,-2.80471,0.0202201,0,0,0,0,0,0,-0.296793,-0.0503818,0,0,0,0,0,0,1.31635,0,0,0,0,0,0,0,-2.81375,-0.0202201,0,0,0,0,0,0,0.31608,-0.0658839,0,0,0,0,0,0,1.30897,-0.0542573,0,0,0,0,0,0,-2.81091,-0.0363962,
183,0,0,0,0,0,0,0.107357,0.0232531,0,0,0,0,0,0,1.32199,0.0542573,0,0,0,0,0,0,-2.83482,-0.00202201,0,0,0,0,0,0,-0.0580346,-0.0697594,0,0,0,0,0,0,1.30258,0.00387552,0,0,0,0,0,0,-2.80473,0.00202201,0,0,0,0,0,0,-0.296763,0,0,0,0,0,0,0,1.31639,0.0465063,0,0,0,0,0,0,-2.81375,-0.0202201,0,0,0,0,0,0,0.31611,0.0581329,0,0,0,0,0,0,1.309,0.00775105,0,0,0,0,0,0,-2.81087,0.0242641,
184,0,0,0,0,0,0,0.107296,-0.0775105,0,0,0,0,0,0,1.32199,0.0387552,0,0,0,0,0,0,-2.83482,0.00606604,0,0,0,0,0,0,-0.057974,0.0348797,0,0,0,0,0,0,1.30255,-0.0348797,0,0,0,0,0,0,-2.80471,0.0181981,0,0,0,0,0,0,-0.296763,0.00387552,0,0,0,0,0,0,1.31639,0.0542573,0,0,0,0,0,0,-2.81375,-0.0222421,0,0,0,0,0,0,0.31611,0,0,0,0,0,0,0,1.30897,-0.0581329,0,0,0,0,0,0,-2.81087,0.0202201,
185,0,0,0,0,0,0,0.107326,-0.0387552,0,0,0,0,0,0,1.32196,0,0,0,0,0,0,0,-2.83484,-0.0222421,0,0,0,0,0,0,-0.0580043,0.0116266,0,0,0,0,0,0,1.30255,-0.0542573,0,0,0,0,0,0,-2.80473,0.0181981,0,0,0,0,0,0,-0.296732,0.0697594,0,0,0,0,0,0,1.31639,0.0542573,0,0,0,0,0,0,-2.81375,-0.0202201,0,0,0,0,0,0,0.31614,0.0387552,0,0,0,0,0,0,1.309,-0.0155021,0,0,0,0,0,0,-2.81087,0.0222421,
186,0,0,0,0,0,0,0.107326,-0.0387552,0,0,0,0,0,0,1.32196,-0.00775105,0,0,0,0,0,0,-2.83484,-0.0343742,0,0,0,0,0,0,-0.0580043,0.0116266,0,0,0,0,0,0,1.30255,-0.0581329,0,0,0,0,0,0,-2.80471,0.0202201,0,0,0,0,0,0,-0.296763,0.0348797,0,0,0,0,0,0,1.31635,0,0,0,0,0,0,0,-2.81375,-0.0202201,0,0,0,0,0,0,0.31614,0.0387552,0,0,0,0,0,0,1.30897,-0.0465063,0,0,0,0,0,0,-2.81089,-0.00404402,
187,0,0,0,0,0,0,0.107357,0.0155021,0,0,0,0,0,0,1.32196,-0.0193776,0,0,0,0,0,0,-2.83482,0.00404402,0,0,0,0,0,0,-0.0580346,-0.073635,0,0,0,0,0,0,1.30255,-0.0620084,0,0,0,0,0,0,-2.80473,0,0,0,0,0,0,0,-0.296732,0.0620084,0,0,0,0,0,0,1.31635,0.00387552,0,0,0,0,0,0,-2.81375,-0.0202201,0,0,0,0,0,0,0.31614,0.0387552,0,0,0,0,0,0,1.309,0.0155021,0,0,0,0,0,0,-2.81087,0.0222421,
188,0,0,0,0,0,0,0.107296,-0.081386,0,0,0,0,0,0,1.32196,-0.0193776,0,0,0,0,0,0,-2.83482,0.00404402,0,0,0,0,0,0,-0.0580346,-0.0503818,0,0,0,0,0,0,1.30255,-0.0620084,0,0,0,0,0,0,-2.80473,-0.00404402,0,0,0,0,0,0,-0.296732,0.0697594,0,0,0,0,0,0,1.31635,0.00387552,0,0,0,0,0,0,-2.81375,-0.0242641,0,0,0,0,0,0,0.31614,0.0387552,0,0,0,0,0,0,1.309,0,0,0,0,0,0,0,-2.81087,0.0222421,
189,0,0,0,0,0,0,0.107357,0.0155021,0,0,0,0,0,0,1.32199,0.0387552,0,0,0,0,0,0,-2.83484,-0.0262862,0,0,0,0,0,0,-0.057974,0.00775105,0,0,0,0,0,0,1.30255,-0.0387552,0,0,0,0,0,0,-2.80473,-0.0121321,0,0,0,0,0,0,-0.296763,0.0271287,0,0,0,0,0,0,1.31639,0.0542573,0,0,0,0,0,0,-2.81373,0.00808805,0,0,0,0,0,0,0.31611,-0.0232531,0,0,0,0,0,0,1.309,0,0,0,0,0,0,0,-2.81087,0.0202201,
190,0,0,0,0,0,0,0.107326,-0.0348797,0,0,0,0,0,0,1.32196,-0.00387552,0,0,0,0,0,0,-2.83482,-0.00404402,0,0,0,0,0,0,-0.0580043,-0.0387552,0,0,0,0,0,0,1.30258,-0.00775105,0,0,0,0,0,0,-2.80471,0.0303302,0,0,0,0,0,0,-0.296732,0.0697594,0,0,0,0,0,0,1.31639,0.0503818,0,0,0,0,0,0,-2.81375,-0.0202201,0,0,0,0,0,0,0.31614,0.0426308,0,0,0,0,0,0,1.309,0.00775105,0,0,0,0,0,0,-2.81089,0,
191,0,0,0,0,0,0,0.107326,-0.0348797,0,0,0,0,0,0,1.32196,-0.0193776,0,0,0,0,0,0,-2.83484,-0.0404403,0,0,0,0,0,0,-0.057974,0.0155021,0,0,0,0,0,0,1.30255,-0.0465063,0,0,0,0,0,0,-2.80471,0.0303302,0,0,0,0,0,0,-0.296763,0.0271287,0,0,0,0,0,0,1.31635,0.0542573,0,0,0,0,0,0,-2.81373,0.00808805,0,0,0,0,0,0,0.31611,-0.0193776,0,0,0,0,0,0,1.30897,-0.0542573,0,0,0,0,0,0,-2.81087,0.0202201,
192,0,0,0,0,0,0,0.107357,0.0193776,0,0,0,0,0,0,1.32199,0.0426308,0,0,0,0,0,0,-2.83482,0.00404402,0,0,0,0,0,0,-0.057974,0.00387552,0,0,0,0,0,0,1.30255,-0.0542573,0,0,0,0,0,0,-2.80471,0.0262862,0,0,0,0,0,0,-0.296763,0.0271287,0,0,0,0,0,0,1.31639,0.0542573,0,0,0,0,0,0,-2.81375,-0.0202201,0,0,0,0,0,0,0.31611,0,0,0,0,0,0,0,1.30903,0.0581329,0,0,0,0,0,0,-2.81087,0.0262862,
193,0,0,0,0,0,0,0.107357,-0.0310042,0,0,0,0,0,0,1.32196,-0.00775105,0,0,0,0,0,0,-2.83481,0.0242641,0,0,0,0,0,0,-0.0580346,-0.089137,0,0,0,0,0,0,1.30255,-0.0387552,0,0,0,0,0,0,-2.80471,0.0181981,0,0,0,0,0,0,-0.296732,0.0697594,0,0,0,0,0,0,1.31639,0.0387552,0,0,0,0,0,0,-2.81375,-0.0202201,0,0,0,0,0,0,0.31614,0.0387552,0,0,0,0,0,0,1.30897,-0.0465063,0,0,0,0,0,0,-2.81089,-0.0101101,
194,0,0,0,0,0,0,0.107296,-0.0697594,0,0,0,0,0,0,1.32196,0,0,0,0,0,0,0,-2.83482,-0.00606604,0,0,0,0,0,0,-0.0580043,-0.0581329,0,0,0,0,0,0,1.30255,-0.0387552,0,0,0,0,0,0,-2.80471,0.0242641,0,0,0,0,0,0,-0.296793,-0.0426308,0,0,0,0,0,0,1.31632,-0.0542573,0,0,0,0,0,0,-2.81375,-0.0202201,0,0,0,0,0,0,0.31614,0.0426308,0,0,0,0,0,0,1.309,0,0,0,0,0,0,0,-2.81087,0.0262862,
195,0,0,0,0,0,0,0.107357,0,0,0,0,0,0,0,1.32196,-0.00387552,0,0,0,0,0,0,-2.83484,-0.0384182,0,0,0,0,0,0,-0.057974,0,0,0,0,0,0,0,1.30258,-0.0542573,0,0,0,0,0,0,-2.80473,-0.00202201,0,0,0,0,0,0,-0.296763,0.0232531,0,0,0,0,0,0,1.31639,0.0426308,0,0,0,0,0,0,-2.81375,-0.0202201,0,0,0,0,0,0,0.31614,0.0581329,0,0,0,0,0,0,1.309,0,0,0,0,0,0,0,-2.81089,-0.00404402,
196,0,0,0,0,0,0,0.107357,0.0232531,0,0,0,0,0,0,1.32196,0.00387552,0,0,0,0,0,0,-2.83481,0.0141541,0,0,0,0,0,0,-0.057974,0,0,0,0,0,0,0,1.30258,-0.0503818,0,0,0,0,0,0,-2.80471,0.0181981,0,0,0,0,0,0,-0.296732,0.0581329,0,0,0,0,0,0,1.31635,0,0,0,0,0,0,0,-2.81375,0.00808805,0,0,0,0,0,0,0.31611,-0.00387552,0,0,0,0,0,0,1.309,0.0155021,0,0,0,0,0,0,-2.81087,0.0283082,
197,0,0,0,0,0,0,0.107326,-0.0542573,0,0,0,0,0,0,1.32199,0.0542573,0,0,0,0,0,0,-2.83484,-0.0262862,0,0,0,0,0,0,-0.057974,0.0271287,0,0,0,0,0,0,1.30255,-0.0581329,0,0,0,0,0,0,-2.80473,-0.00808805,0,0,0,0,0,0,-0.296793,-0.0193776,0,0,0,0,0,0,1.31639,0.0387552,0,0,0,0,0,0,-2.81375,-0.0202201,0,0,0,0,0,0,0.31611,-0.0193776,0,0,0,0,0,0,1.309,0.0116266,0,0,0,0,0,0,-2.81087,0.0283082,
198,0,0,0,0,0,0,0.107326,-0.0348797,0,0,0,0,0,0,1.32199,0.0426308,0,0,0,0,0,0,-2.83484,-0.00808805,0,0,0,0,0,0,-0.0580043,-0.0193776,0,0,0,0,0,0,1.30255,-0.0310042,0,0,0,0,0,0,-2.80473,-0.0303302,0,0,0,0,0,0,-0.296732,0.0620084,0,0,0,0,0,0,1.31635,0.00775105,0,0,0,0,0,0,-2.81375,-0.0222421,0,0,0,0,0,0,0.31614,0.0387552,0,0,0,0,0,0,1.309,0.00387552,0,0,0,0,0,0,-2.81089,0,
199,0,0,0,0,0,0,0.107326,-0.0348797,0,0,0,0,0,0,1.32196,0,0,0,0,0,0,0,-2.83481,0.0283082,0,0,0,0,0,0,-0.057974,0.0193776,0,0,0,0,0,0,1.30258,0.0155021,0,0,0,0,0,0,-2.80471,0.0283082,0,0,0,0,0,0,-0.296793,0.00387552,0,0,0,0,0,0,1.31635,0.00775105,0,0,0,0,0,0,-2.81375,-0.0222421,0,0,0,0,0,0,0.31611,-0.00775105,0,0,0,0,0,0,1.309,0,0,0,0,0,0,0,-2.81087,0.0202201,
200,0,0,0,0,0,0,0.107296,-0.089137,0,0,0,0,0,0,1.32199,0.0387552,0,0,0,0,0,0,-2.83484,-0.0121321,0,0,0,0,0,0,-0.0580346,-0.0542573,0,0,0,0,0,0,1.30255,-0.0503818,0,0,0,0,0,0,-2.80471,0.0242641,0,0,0,0,0,0,-0.296793,-0.0387552,0,0,0,0,0,0,1.31639,0.0426308,0,0,0,0,0,0,-2.81375,-0.0202201,0,0,0,0,0,0,0.31614,0.0387552,0,0,0,0,0,0,1.309,0,0,0,0,0,0,0,-2.81087,0.0323522,
201,0,0,0,0,0,0,0.107357,0.0271287,0,0,0,0,0,0,1.32199,0.0465063,0,0,0,0,0,0,-2.83484,-0.0303302,0,0,0,0,0,0,-0.057974,0.0193776,0,0,0,0,0,0,1.30255,-0.0426308,0,0,0,0,0,0,-2.80473,0,0,0,0,0,0,0,-0.296763,-0.0310042,0,0,0,0,0,0,1.31639,0.0542573,0,0,0,0,0,0,-2.81375,-0.0202201,0,0,0,0,0,0,0.31614,0.00387552,0,0,0,0,0,0,1.309,0.0116266,0,0,0,0,0,0,-2.81087,0.0181981,
202,0,0,0,0,0,0,0.107326,-0.0310042,0,0,0,0,0,0,1.32199,0.0387552,0,0,0,0,0,0,-2.83481,0.0181981,0,0,0,0,0,0,-0.0580346,-0.0620084,0,0,0,0,0,0,1.30258,0.0155021,0,0,0,0,0,0,-2.80471,0.0343742,0,0,0,0,0,0,-0.296732,0.0775105,0,0,0,0,0,0,1.31635,0,0,0,0,0,0,0,-2.81373,0.00606604,0,0,0,0,0,0,0.31611,-0.00775105,0,0,0,0,0,0,1.30897,-0.0426308,0,0,0,0,0,0,-2.81087,0.0222421,
203,0,0,0,0,0,0,0.107296,-0.0775105,0,0,0,0,0,0,1.32199,0.0542573,0,0,0,0,0,0,-2.83484,-0.0323522,0,0,0,0,0,0,-0.0580346,-0.073635,0,0,0,0,0,0,1.30255,-0.0310042,0,0,0,0,0,0,-2.8047,0.0485283,0,0,0,0,0,0,-0.296763,0.0193776,0,0,0,0,0,0,1.31639,0.0348797,0,0,0,0,0,0,-2.81375,-0.0202201,0,0,0,0,0,0,0.31614,0.0387552,0,0,0,0,0,0,1.30897,-0.0503818,0,0,0,0,0,0,-2.81087,0.0242641,
204,0,0,0,0,0,0,0.107326,-0.0232531,0,0,0,0,0,0,1.32199,0.0348797,0,0,0,0,0,0,-2.83481,-0.0222421,0,0,0,0,0,0,-0.057974,0.0581329,0,0,0,0,0,0,1.30258,0.0193776,0,0,0,0,0,0,-2.80475,-0.0202201,0,0,0,0,0,0,-0.296763,0.0155021,0,0,0,0,0,0,1.31635,-0.0193776,0,0,0,0,0,0,-2.81375,-0.0222421,0,0,0,0,0,0,0.31614,0.0426308,0,0,0,0,0,0,1.309,0,0,0,0,0,0,0,-2.81087,0.0202201,
205,0,0,0,0,0,0,0.107357,0.0310042,0,0,0,0,0,0,1.32199,0.0426308,0,0,0,0,0,0,-2.83484,-0.0384182,0,0,0,0,0,0,-0.057974,0.0426308,0,0,0,0,0,0,1.30258,0.0116266,0,0,0,0,0,0,-2.80471,0.0202201,0,0,0,0,0,0,-0.296763,0.0116266,0,0,0,0,0,0,1.31639,0.0426308,0,0,0,0,0,0,-2.81375,-0.0202201,0,0,0,0,0,0,0.31614,0.0426308,0,0,0,0,0,0,1.309,0,0,0,0,0,0,0,-2.81087,0.0141541,
206,0,0,0,0,0,0,0.107357,0.0116266,0,0,0,0,0,0,1.32199,0.0465063,0,0,0,0,0,0,-2.83482,-0.0121321,0,0,0,0,0,0,-0.0580346,-0.0581329,0,0,0,0,0,0,1.30255,-0.0426308,0,0,0,0,0,0,-2.80473,-0.00404402,0,0,0,0,0,0,-0.296732,0.0620084,0,0,0,0,0,0,1.31639,0.0387552,0,0,0,0,0,0,-2.81375,-0.0202201,0,0,0,0,0,0,0.31614,0.0387552,0,0,0,0,0,0,1.309,-0.0116266,0,0,0,0,0,0,-2.81087,0.0202201,
207,0,0,0,0,0,0,0.107326,-0.0310042,0,0,0,0,0,0,1.32196,0,0,0,0,0,0,0,-2.83484,-0.0303302,0,0,0,0,0,0,-0.057974,0.0310042,0,0,0,0,0,0,1.30255,-0.0542573,0,0,0,0,0,0,-2.80473,-0.00202201,0,0,0,0,0,0,-0.296732,0.0620084,0,0,0,0,0,0,1.31635,-0.0232531,0,0,0,0,0,0,-2.81375,-0.0202201,0,0,0,0,0,0,0.31614,0.0387552,0,0,0,0,0,0,1.30894,-0.116266,0,0,0,0,0,0,-2.81089,-0.00606604,
208,0,0,0,0,0,0,0.107357,0.0310042,0,0,0,0,0,0,1.32199,0.0503818,0,0,0,0,0,0,-2.83481,0.0181981,0,0,0,0,0,0,-0.0580043,0.00387552,0,0,0,0,0,0,1.30255,-0.0387552,0,0,0,0,0,0,-2.8047,0.0444843,0,0,0,0,0,0,-0.296732,0.0503818,0,0,0,0,0,0,1.31642,0.0968881,0,0,0,0,0,0,-2.81375,-0.0202201,0,0,0,0,0,0,0.31614,0.0426308,0,0,0,0,0,0,1.309,-0.00387552,0,0,0,0,0,0,-2.81089,-0.0101101,
209,0,0,0,0,0,0,0.107326,-0.0155021,0,0,0,0,0,0,1.32196,-0.00387552,0,0,0,0,0,0,-2.83484,-0.0404403,0,0,0,0,0,0,-0.057974,0.0271287,0,0,0,0,0,0,1.30255,-0.0465063,0,0,0,0,0,0,-2.80471,0.0121321,0,0,0,0,0,0,-0.296763,0.0193776,0,0,0,0,0,0,1.31639,0.0310042,0,0,0,0,0,0,-2.81375,-0.0202201,0,0,0,0,0,0,0.31611,-0.0116266,0,0,0,0,0,0,1.309,0.00387552,0,0,0,0,0,0,-2.81089,-0.00606604,
210,0,0,0,0,0,0,0.107357,0.0155021,0,0,0,0,0,0,1.32199,0.0426308,0,0,0,0,0,0,-2.83481,0.0384182,0,0,0,0,0,0,-0.057974,0.0232531,0,0,0,0,0,0,1.30255,-0.0503818,0,0,0,0,0,0,-2.80471,0.0303302,0,0,0,0,0,0,-0.296763,0.0193776,0,0,0,0,0,0,1.31635,-0.0232531,0,0,0,0,0,0,-2.81375,-0.0242641,0,0,0,0,0,0,0.31611,-0.00387552,0,0,0,0,0,0,1.309,-0.00387552,0,0,0,0,0,0,-2.81089,-0.00404402,
211,0,0,0,0,0,0,0.107326,-0.0271287,0,0,0,0,0,0,1.32196,0.00775105,0,0,0,0,0,0,-2.83482,-0.00202201,0,0,0,0,0,0,-0.0580043,-0.0348797,0,0,0,0,0,0,1.30261,0.0581329,0,0,0,0,0,0,-2.80471,0.0141541,0,0,0,0,0,0,-0.296763,0.00775105,0,0,0,0,0,0,1.31639,0.0542573,0,0,0,0,0,0,-2.81373,0.0101101,0,0,0,0,0,0,0.316171,0.0930126,0,0,0,0,0,0,1.309,0.00387552,0,0,0,0,0,0,-2.81087,0.0202201,
212,0,0,0,0,0,0,0.107357,0,0,0,0,0,0,0,1.32196,-0.00387552,0,0,0,0,0,0,-2.83481,0,0,0,0,0,0,0,-0.057974,0.00387552,0,0,0,0,0,0,1.30255,-0.0542573,0,0,0,0,0,0,-2.80471,0.00202201,0,0,0,0,0,0,-0.296763,0,0,0,0,0,0,0,1.31635,-0.0193776,0,0,0,0,0,0,-2.81373,0.0101101,0,0,0,0,0,0,0.31611,-0.0193776,0,0,0,0,0,0,1.30897,-0.0620084,0,0,0,0,0,0,-2.81087,0.0323522,
213,0,0,0,0,0,0,0.107357,0,0,0,0,0,0,0,1.32199,0.0387552,0,0,0,0,0,0,-2.83484,-0.0262862,0,0,0,0,0,0,-0.057974,0.00387552,0,0,0,0,0,0,1.30255,-0.0503818,0,0,0,0,0,0,-2.80471,0.0181981,0,0,0,0,0,0,-0.296763,0,0,0,0,0,0,0,1.31635,-0.0155021,0,0,0,0,0,0,-2.81373,0.00606604,0,0,0,0,0,0,0.31614,0.0581329,0,0,0,0,0,0,1.30897,-0.0581329,0,0,0,0,0,0,-2.81087,0.0323522,
214,0,0,0,0,0,0,0.107357,0.0193776,0,0,0,0,0,0,1.32196,0,0,0,0,0,0,0,-2.83484,-0.0303302,0,0,0,0,0,0,-0.0580043,-0.0426308,0,0,0,0,0,0,1.30255,-0.0581329,0,0,0,0,0,0,-2.80473,-0.0222421,0,0,0,0,0,0,-0.296793,0.0232531,0,0,0,0,0,0,1.31635,-0.0155021,0,0,0,0,0,0,-2.81375,-0.0202201,0,0,0,0,0,0,0.31611,-0.0193776,0,0,0,0,0,0,1.30897,-0.0658839,0,0,0,0,0,0,-2.81087,0.0303302,
215,0,0,0,0,0,0,0.107357,0.0193776,0,0,0,0,0,0,1.32196,-0.0232531,0,0,0,0,0,0,-2.83482,0,0,0,0,0,0,0,-0.057974,0.00775105,0,0,0,0,0,0,1.30255,-0.0387552,0,0,0,0,0,0,-2.8047,0.0465063,0,0,0,0,0,0,-0.296763,0.0116266,0,0,0,0,0,0,1.31635,-0.00775105,0,0,0,0,0,0,-2.81375,-0.0202201,0,0,0,0,0,0,0.31611,0.00775105,0,0,0,0,0,0,1.30897,-0.0581329,0,0,0,0,0,0,-2.81089,-0.00808805,
216,0,0,0,0,0,0,0.107326,-0.0155021,0,0,0,0,0,0,1.32196,-0.00387552,0,0,0,0,0,0,-2.83482,0.00606604,0,0,0,0,0,0,-0.0580043,-0.0503818,0,0,0,0,0,0,1.30258,0.00775105,0,0,0,0,0,0,-2.80473,0,0,0,0,0,0,0,-0.296763,0.00387552,0,0,0,0,0,0,1.31635,0.00775105,0,0,0,0,0,0,-2.81373,0.0101101,0,0,0,0,0,0,0.31611,0.0387552,0,0,0,0,0,0,1.309,0,0,0,0,0,0,0,-2.81087,0.0202201,
217,0,0,0,0,0,0,0.107296,-0.0930126,0,0,0,0,0,0,1.32196,-0.0116266,0,0,0,0,0,0,-2.83484,-0.0222421,0,0,0,0,0,0,-0.057974,0.0542573,0,0,0,0,0,0,1.30261,0.073635,0,0,0,0,0,0,-2.80473,0,0,0,0,0,0,0,-0.296763,0,0,0,0,0,0,0,1.31639,0.0387552,0,0,0,0,0,0,-2.81377,-0.0485283,0,0,0,0,0,0,0.31614,0.0465063,0,0,0,0,0,0,1.309,0,0,0,0,0,0,0,-2.81087,0.0202201,
218,0,0,0,0,0,0,0.107326,-0.0465063,0,0,0,0,0,0,1.32199,0.0387552,0,0,0,0,0,0,-2.83482,-0.0121321,0,0,0,0,0,0,-0.057974,0.0271287,0,0,0,0,0,0,1.30258,0,0,0,0,0,0,0,-2.80473,-0.00808805,0,0,0,0,0,0,-0.296763,0.0271287,0,0,0,0,0,0,1.31635,-0.00775105,0,0,0,0,0,0,-2.81375,-0.0242641,0,0,0,0,0,0,0.31614,0.0387552,0,0,0,0,0,0,1.309,0.0193776,0,0,0,0,0,0,-2.81087,0.0242641,
219,0,0,0,0,0,0,0.107357,0.0387552,0,0,0,0,0,0,1.32196,0,0,0,0,0,0,0,-2.83484,-0.0101101,0,0,0,0,0,0,-0.057974,0.0193776,0,0,0,0,0,0,1.30255,-0.0426308,0,0,0,0,0,0,-2.80471,0.0121321,0,0,0,0,0,0,-0.296763,0.0193776,0,0,0,0,0,0,1.31635,-0.0155021,0,0,0,0,0,0,-2.81375,-0.0202201,0,0,0,0,0,0,0.31614,0.0503818,0,0,0,0,0,0,1.309,0,0,0,0,0,0,0,-2.81091,-0.0384182,
220,0,0,0,0,0,0,0.107326,-0.00775105,0,0,0,0,0,0,1.32199,0.0581329,0,0,0,0,0,0,-2.83481,0.0303302,0,0,0,0,0,0,-0.057974,0.0193776,0,0,0,0,0,0,1.30258,0.0155021,0,0,0,0,0,0,-2.80473,0,0,0,0,0,0,0,-0.296763,0.0193776,0,0,0,0,0,0,1.31635,-0.00775105,0,0,0,0,0,0,-2.81373,0.0121321,0,0,0,0,0,0,0.31611,-0.0193776,0,0,0,0,0,0,1.309,0.0116266,0,0,0,0,0,0,-2.81087,0.0222421,
221,0,0,0,0,0,0,0.107296,-0.0658839,0,0,0,0,0,0,1.32199,0.0426308,0,0,0,0,0,0,-2.83485,-0.0707704,0,0,0,0,0,0,-0.057974,0.0193776,0,0,0,0,0,0,1.30255,-0.0426308,0,0,0,0,0,0,-2.80471,0.0283082,0,0,0,0,0,0,-0.296763,0.0193776,0,0,0,0,0,0,1.31639,0.0465063,0,0,0,0,0,0,-2.81375,-0.0202201,0,0,0,0,0,0,0.31614,0.0387552,0,0,0,0,0,0,1.30897,-0.0620084,0,0,0,0,0,0,-2.81087,0.0222421,
222,0,0,0,0,0,0,0.107326,-0.0465063,0,0,0,0,0,0,1.32196,-0.00387552,0,0,0,0,0,0,-2.83482,-0.0121321,0,0,0,0,0,0,-0.0580043,-0.0310042,0,0,0,0,0,0,1.30258,0.0155021,0,0,0,0,0,0,-2.80473,-0.00808805,0,0,0,0,0,0,-0.296793,-0.0348797,0,0,0,0,0,0,1.31639,0.0465063,0,0,0,0,0,0,-2.81375,-0.0202201,0,0,0,0,0,0,0.31611,-0.0193776,0,0,0,0,0,0,1.309,0.00775105,0,0,0,0,0,0,-2.81087,0.0202201,
223,0,0,0,0,0,0,0.107296,-0.073635,0,0,0,0,0,0,1.32199,0.0387552,0,0,0,0,0,0,-2.83481,-0.0384182,0,0,0,0,0,0,-0.0580346,-0.081386,0,0,0,0,0,0,1.30258,0,0,0,0,0,0,0,-2.80471,0.0242641,0,0,0,0,0,0,-0.296732,0.089137,0,0,0,0,0,0,1.31639,0.0465063,0,0,0,0,0,0,-2.81375,-0.0161761,0,0,0,0,0,0,0.31614,0.0426308,0,0,0,0,0,0,1.30897,-0.0387552,0,0,0,0,0,0,-2.81091,-0.0384182,
224,0,0,0,0,0,0,0.107357,0.0193776,0,0,0,0,0,0,1.32196,0,0,0,0,0,0,0,-2.83482,0.0101101,0,0,0,0,0,0,-0.0580346,-0.0620084,0,0,0,0,0,0,1.30255,-0.0542573,0,0,0,0,0,0,-2.80471,0.0202201,0,0,0,0,0,0,-0.296732,0.0620084,0,0,0,0,0,0,1.31639,0.0426308,0,0,0,0,0,0,-2.81375,-0.0181981,0,0,0,0,0,0,0.31611,-0.0193776,0,0,0,0,0,0,1.30897,-0.0581329,0,0,0,0,0,0,-2.81089,-0.0101101,
225,0,0,0,0,0,0,0.107296,-0.100764,0,0,0,0,0,0,1.32193,-0.0503818,0,0,0,0,0,0,-2.83484,-0.0283082,0,0,0,0,0,0,-0.0580043,-0.0232531,0,0,0,0,0,0,1.30258,0.00775105,0,0,0,0,0,0,-2.80473,0,0,0,0,0,0,0,-0.296793,-0.0426308,0,0,0,0,0,0,1.31639,0.0426308,0,0,0,0,0,0,-2.81375,-0.0161761,0,0,0,0,0,0,0.316171,0.0930126,0,0,0,0,0,0,1.30897,-0.0503818,0,0,0,0,0,0,-2.81087,0.0202201,
226,0,0,0,0,0,0,0.107326,-0.0193776,0,0,0,0,0,0,1.32199,0.0465063,0,0,0,0,0,0,-2.83481,0.0323522,0,0,0,0,0,0,-0.057974,0.0116266,0,0,0,0,0,0,1.30258,0.00775105,0,0,0,0,0,0,-2.80475,-0.0262862,0,0,0,0,0,0,-0.296763,0.0387552,0,0,0,0,0,0,1.31632,-0.073635,0,0,0,0,0,0,-2.81375,-0.0202201,0,0,0,0,0,0,0.31614,0.0387552,0,0,0,0,0,0,1.309,-0.0116266,0,0,0,0,0,0,-2.81087,-0.00606604,
227,0,0,0,0,0,0,0.107326,-0.0232531,0,0,0,0,0,0,1.32199,0.0542573,0,0,0,0,0,0,-2.83482,-0.00202201,0,0,0,0,0,0,-0.057974,0.00775105,0,0,0,0,0,0,1.30255,-0.0581329,0,0,0,0,0,0,-2.80473,-0.0101101,0,0,0,0,0,0,-0.296763,0.0387552,0,0,0,0,0,0,1.31639,0.0387552,0,0,0,0,0,0,-2.81375,-0.0121321,0,0,0,0,0,0,0.31611,-0.00775105,0,0,0,0,0,0,1.30897,-0.0465063,0,0,0,0,0,0,-2.81087,0.0262862,
228,0,0,0,0,0,0,0.107357,0.0310042,0,0,0,0,0,0,1.32199,0.0426308,0,0,0,0,0,0,-2.83481,0.0222421,0,0,0,0,0,0,-0.057974,0.0310042,0,0,0,0,0,0,1.30258,0,0,0,0,0,0,0,-2.80471,0.0161761,0,0,0,0,0,0,-0.296793,-0.0426308,0,0,0,0,0,0,1.31639,0.0387552,0,0,0,0,0,0,-2.81373,0.00808805,0,0,0,0,0,0,0.31614,0.0542573,0,0,0,0,0,0,1.309,0.00387552,0,0,0,0,0,0,-2.81087,0.0202201,
229,0,0,0,0,0,0,0.107326,-0.0348797,0,0,0,0,0,0,1.32199,0.0426308,0,0,0,0,0,0,-2.83481,0.0141541,0,0,0,0,0,0,-0.0580043,-0.0193776,0,0,0,0,0,0,1.30255,-0.0387552,0,0,0,0,0,0,-2.80473,0,0,0,0,0,0,0,-0.296763,0.0193776,0,0,0,0,0,0,1.31642,0.0968881,0,0,0,0,0,0,-2.81375,-0.0202201,0,0,0,0,0,0,0.31614,0.0581329,0,0,0,0,0,0,1.309,-0.0116266,0,0,0,0,0,0,-2.81091,-0.0384182,
230,0,0,0,0,0,0,0.107357,0.0426308,0,0,0,0,0,0,1.32199,0.0542573,0,0,0,0,0,0,-2.83484,-0.0283082,0,0,0,0,0,0,-0.057974,0.0193776,0,0,0,0,0,0,1.30252,-0.0968881,0,0,0,0,0,0,-2.80473,0,0,0,0,0,0,0,-0.296763,0.0310042,0,0,0,0,0,0,1.31635,-0.0232531,0,0,0,0,0,0,-2.81375,-0.0202201,0,0,0,0,0,0,0.31611,-0.0116266,0,0,0,0,0,0,1.30897,-0.0658839,0,0,0,0,0,0,-2.81087,0.0303302,
231,0,0,0,0,0,0,0.107326,-0.0155021,0,0,0,0,0,0,1.32199,0.0581329,0,0,0,0,0,0,-2.83481,0.0202201,0,0,0,0,0,0,-0.057974,0.0542573,0,0,0,0,0,0,1.30261,0.0542573,0,0,0,0,0,0,-2.80471,0.0222421,0,0,0,0,0,0,-0.296763,0.0155021,0,0,0,0,0,0,1.31632,-0.0697594,0,0,0,0,0,0,-2.81375,-0.0181981,0,0,0,0,0,0,0.31614,0.0387552,0,0,0,0,0,0,1.30897,-0.0542573,0,0,0,0,0,0,-2.81087,0.0202201,
232,0,0,0,0,0,0,0.107296,-0.0775105,0,0,0,0,0,0,1.32196,-0.0116266,0,0,0,0,0,0,-2.83484,-0.0363962,0,0,0,0,0,0,-0.057974,0.0542573,0,0,0,0,0,0,1.30255,-0.0387552,0,0,0,0,0,0,-2.80473,-0.0101101,0,0,0,0,0,0,-0.296763,0.0155021,0,0,0,0,0,0,1.31635,-0.0155021,0,0,0,0,0,0,-2.81375,-0.0141541,0,0,0,0,0,0,0.31611,-0.0116266,0,0,0,0,0,0,1.30897,-0.0542573,0,0,0,0,0,0,-2.81087,0.0202201,
233,0,0,0,0,0,0,0.107357,0.0387552,0,0,0,0,0,0,1.32196,-0.0155021,0,0,0,0,0,0,-2.83484,-0.0303302,0,0,0,0,0,0,-0.057974,0,0,0,0,0,0,0,1.30255,-0.0426308,0,0,0,0,0,0,-2.80473,-0.00606604,0,0,0,0,0,0,-0.296763,0.0348797,0,0,0,0,0,0,1.31635,-0.0193776,0,0,0,0,0,0,-2.81373,0.00808805,0,0,0,0,0,0,0.31614,0.0426308,0,0,0,0,0,0,1.309,0,0,0,0,0,0,0,-2.81087,0.0202201,
234,0,0,0,0,0,0,0.107326,-0.0155021,0,0,0,0,0,0,1.32196,-0.00387552,0,0,0,0,0,0,-2.83481,0.0283082,0,0,0,0,0,0,-0.0580043,-0.0155021,0,0,0,0,0,0,1.30255,-0.0387552,0,0,0,0,0,0,-2.80471,0.0202201,0,0,0,0,0,0,-0.296732,0.0581329,0,0,0,0,0,0,1.31635,-0.0116266,0,0,0,0,0,0,-2.81375,-0.0161761,0,0,0,0,0,0,0.31614,0.0465063,0,0,0,0,0,0,1.309,0,0,0,0,0,0,0,-2.81087,0.0222421,
235,0,0,0,0,0,0,0.107326,-0.0155021,0,0,0,0,0,0,1.32199,0.0503818,0,0,0,0,0,0,-2.83482,-0.0101101,0,0,0,0,0,0,-0.0580043,-0.0310042,0,0,0,0,0,0,1.30255,-0.0620084,0,0,0,0,0,0,-2.80473,-0.0141541,0,0,0,0,0,0,-0.296732,0.073635,0,0,0,0,0,0,1.31639,0.0426308,0,0,0,0,0,0,-2.81373,0.0121321,0,0,0,0,0,0,0.31614,0.0387552,0,0,0,0,0,0,1.30903,0.0465063,0,0,0,0,0,0,-2.81087,0.0303302,
236,0,0,0,0,0,0,0.107326,-0.0271287,0,0,0,0,0,0,1.32196,0,0,0,0,0,0,0,-2.83482,0.00404402,0,0,0,0,0,0,-0.0580346,-0.0387552,0,0,0,0,0,0,1.30258,-0.00775105,0,0,0,0,0,0,-2.80473,-0.00808805,0,0,0,0,0,0,-0.296763,0.00775105,0,0,0,0,0,0,1.31639,0.0503818,0,0,0,0,0,0,-2.81375,-0.0202201,0,0,0,0,0,0,0.31614,0.0542573,0,0,0,0,0,0,1.309,-0.00387552,0,0,0,0,0,0,-2.81087,0.0181981,
237,0,0,0,0,0,0,0.107326,-0.00775105,0,0,0,0,0,0,1.32196,0,0,0,0,0,0,0,-2.83482,-0.0141541,0,0,0,0,0,0,-0.057974,0.0465063,0,0,0,0,0,0,1.30255,-0.0620084,0,0,0,0,0,0,-2.80471,0.0242641,0,0,0,0,0,0,-0.296763,0.0387552,0,0,0,0,0,0,1.31642,0.0852615,0,0,0,0,0,0,-2.81375,-0.0202201,0,0,0,0,0,0,0.31614,0.0542573,0,0,0,0,0,0,1.309,-0.00775105,0,0,0,0,0,0,-2.81089,-0.00808805,
238,0,0,0,0,0,0,0.107357,0.0232531,0,0,0,0,0,0,1.32196,-0.00775105,0,0,0,0,0,0,-2.83484,-0.0323522,0,0,0,0,0,0,-0.057974,0.0310042,0,0,0,0,0,0,1.30255,-0.0620084,0,0,0,0,0,0,-2.80471,0.0303302,0,0,0,0,0,0,-0.296763,0.00775105,0,0,0,0,0,0,1.31642,0.0852615,0,0,0,0,0,0,-2.81373,0.0101101,0,0,0,0,0,0,0.31611,0,0,0,0,0,0,0,1.309,0,0,0,0,0,0,0,-2.81087,0.0262862,
239,0,0,0,0,0,0,0.107296,-0.0620084,0,0,0,0,0,0,1.32199,0.0581329,0,0,0,0,0,0,-2.83481,0.0262862,0,0,0,0,0,0,-0.0580346,-0.0581329,0,0,0,0,0,0,1.30258,0.00775105,0,0,0,0,0,0,-2.80471,0.0202201,0,0,0,0,0,0,-0.296732,0.0542573,0,0,0,0,0,0,1.31639,0.0387552,0,0,0,0,0,0,-2.81373,0.0121321,0,0,0,0,0,0,0.31611,-0.0116266,0,0,0,0,0,0,1.309,-0.00775105,0,0,0,0,0,0,-2.81087,-0.0101101,
240,0,0,0,0,0,0,0.107326,-0.0155021,0,0,0,0,0,0,1.32199,0.0542573,0,0,0,0,0,0,-2.83484,0.0262862,0,0,0,0,0,0,-0.057974,0.0310042,0,0,0,0,0,0,1.30258,0.00387552,0,0,0,0,0,0,-2.80473,-0.00404402,0,0,0,0,0,0,-0.296763,0.0232531,0,0,0,0,0,0,1.31632,-0.073635,0,0,0,0,0,0,-2.81375,-0.0222421,0,0,0,0,0,0,0.31611,-0.00775105,0,0,0,0,0,0,1.309,-0.00387552,0,0,0,0,0,0,-2.81087,0.0222421,
241,0,0,0,0,0,0,0.107326,-0.0193776,0,0,0,0,0,0,1.32196,-0.00387552,0,0,0,0,0,0,-2.83484,-0.0323522,0,0,0,0,0,0,-0.0580043,-0.0271287,0,0,0,0,0,0,1.30258,0.00387552,0,0,0,0,0,0,-2.80471,0.0222421,0,0,0,0,0,0,-0.296763,0.0193776,0,0,0,0,0,0,1.31635,-0.00387552,0,0,0,0,0,0,-2.81373,0.00808805,0,0,0,0,0,0,0.31614,0.0542573,0,0,0,0,0,0,1.309,0,0,0,0,0,0,0,-2.81087,0.0283082,
242,0,0,0,0,0,0,0.107296,-0.0581329,0,0,0,0,0,0,1.32199,0.0503818,0,0,0,0,0,0,-2.83482,0.00404402,0,0,0,0,0,0,-0.0580346,-0.0387552,0,0,0,0,0,0,1.30255,-0.0620084,0,0,0,0,0,0,-2.80471,0.0161761,0,0,0,0,0,0,-0.296763,0.0310042,0,0,0,0,0,0,1.31639,0.0426308,0,0,0,0,0,0,-2.81375,-0.0202201,0,0,0,0,0,0,0.31614,0.0387552,0,0,0,0,0,0,1.309,-0.0116266,0,0,0,0,0,0,-2.81089,-0.0101101,
243,0,0,0,0,0,0,0.107357,0.0271287,0,0,0,0,0,0,1.32199,0.0542573,0,0,0,0,0,0,-2.83482,0.00808805,0,0,0,0,0,0,-0.057974,0.0232531,0,0,0,0,0,0,1.30255,0,0,0,0,0,0,0,-2.80473,-0.00808805,0,0,0,0,0,0,-0.296793,-0.00775105,0,0,0,0,0,0,1.31635,0.0503818,0,0,0,0,0,0,-2.81373,0.0101101,0,0,0,0,0,0,0.31614,0.0387552,0,0,0,0,0,0,1.30897,-0.0503818,0,0,0,0,0,0,-2.81089,-0.0101101,
244,0,0,0,0,0,0,0.107326,-0.0271287,0,0,0,0,0,0,1.32199,0.0426308,0,0,0,0,0,0,-2.83484,-0.0303302,0,0,0,0,0,0,-0.0580043,-0.0155021,0,0,0,0,0,0,1.30255,-0.0503818,0,0,0,0,0,0,-2.80471,0.0485283,0,0,0,0,0,0,-0.296763,0.0387552,0,0,0,0,0,0,1.31639,0.0348797,0,0,0,0,0,0,-2.81373,0.0202201,0,0,0,0,0,0,0.31614,0.0387552,0,0,0,0,0,0,1.309,0,0,0,0,0,0,0,-2.81087,0.0202201,
245,0,0,0,0,0,0,0.107326,-0.00387552,0,0,0,0,0,0,1.32199,0.0387552,0,0,0,0,0,0,-2.83481,0.0343742,0,0,0,0,0,0,-0.057974,0.00775105,0,0,0,0,0,0,1.30261,0.0542573,0,0,0,0,0,0,-2.80471,0.0202201,0,0,0,0,0,0,-0.296763,0.0155021,0,0,0,0,0,0,1.31639,0.0465063,0,0,0,0,0,0,-2.81375,-0.0202201,0,0,0,0,0,0,0.31611,-0.0193776,0,0,0,0,0,0,1.309,-0.0155021,0,0,0,0,0,0,-2.81089,-0.0101101,
246,0,0,0,0,0,0,0.107357,0.0193776,0,0,0,0,0,0,1.32196,0,0,0,0,0,0,0,-2.83481,0.0303302,0,0,0,0,0,0,-0.057974,0.0155021,0,0,0,0,0,0,1.30255,-0.0465063,0,0,0,0,0,0,-2.80473,-0.00606604,0,0,0,0,0,0,-0.296763,0.0387552,0,0,0,0,0,0,1.31639,0.00387552,0,0,0,0,0,0,-2.81375,-0.0181981,0,0,0,0,0,0,0.31614,-0.0155021,0,0,0,0,0,0,1.309,-0.0155021,0,0,0,0,0,0,-2.81089,-0.00606604,
247,0,0,0,0,0,0,0.107357,0.0271287,0,0,0,0,0,0,1.32199,0.0542573,0,0,0,0,0,0,-2.83484,-0.0323522,0,0,0,0,0,0,-0.057974,0.0232531,0,0,0,0,0,0,1.30255,-0.0426308,0,0,0,0,0,0,-2.80473,-0.00606604,0,0,0,0,0,0,-0.296793,0.0116266,0,0,0,0,0,0,1.31635,-0.0232531,0,0,0,0,0,0,-2.81375,-0.0202201,0,0,0,0,0,0,0.31614,0.0387552,0,0,0,0,0,0,1.309,0,0,0,0,0,0,0,-2.81089,-0.00808805,
248,0,0,0,0,0,0,0.107326,-0.0155021,0,0,0,0,0,0,1.32199,0.0465063,0,0,0,0,0,0,-2.83482,-0.0141541,0,0,0,0,0,0,-0.057974,0,0,0,0,0,0,0,1.30258,0,0,0,0,0,0,0,-2.80473,-0.00606604,0,0,0,0,0,0,-0.296732,0.073635,0,0,0,0,0,0,1.31639,0.0232531,0,0,0,0,0,0,-2.81375,-0.0202201,0,0,0,0,0,0,0.31611,-0.0155021,0,0,0,0,0,0,1.309,0.0193776,0,0,0,0,0,0,-2.81086,0.0505503,
249,0,0,0,0,0,0,0.107357,-0.0116266,0,0,0,0,0,0,1.32196,-0.0193776,0,0,0,0,0,0,-2.83482,-0.0101101,0,0,0,0,0,0,-0.0580043,-0.0271287,0,0,0,0,0,0,1.30255,-0.0387552,0,0,0,0,0,0,-2.80471,0.0202201,0,0,0,0,0,0,-0.296763,0.00387552,0,0,0,0,0,0,1.31639,0.0271287,0,0,0,0,0,0,-2.81375,-0.0202201,0,0,0,0,0,0,0.31614,0.0503818,0,0,0,0,0,0,1.30897,-0.073635,0,0,0,0,0,0,-2.81087,0.0202201,
250,0,0,0,0,0,0,0.107296,-0.073635,0,0,0,0,0,0,1.32199,0.0387552,0,0,0,0,0,0,-2.83484,-0.0283082,0,0,0,0,0,0,-0.0580346,-0.104639,0,0,0,0,0,0,1.30258,0,0,0,0,0,0,0,-2.8047,0.0545943,0,0,0,0,0,0,-0.296763,0.073635,0,0,0,0,0,0,1.31635,0,0,0,0,0,0,0,-2.81375,-0.0202201,0,0,0,0,0,0,0.31614,0.0581329,0,0,0,0,0,0,1.309,0,0,0,0,0,0,0,-2.81089,0.0242641,
251,0,0,0,0,0,0,0.107296,-0.073635,0,0,0,0,0,0,1.32196,-0.0155021,0,0,0,0,0,0,-2.83481,0.0283082,0,0,0,0,0,0,-0.057974,0,0,0,0,0,0,0,1.30255,-0.0465063,0,0,0,0,0,0,-2.80473,-0.0121321,0,0,0,0,0,0,-0.296763,0.0116266,0,0,0,0,0,0,1.31642,0.089137,0,0,0,0,0,0,-2.81375,-0.0262862,0,0,0,0,0,0,0.31614,0.0542573,0,0,0,0,0,0,1.30897,-0.0581329,0,0,0,0,0,0,-2.81087,0.0181981,
252,0,0,0,0,0,0,0.107296,0.00775105,0,0,0,0,0,0,1.32199,0.0387552,0,0,0,0,0,0,-2.83482,-0.0141541,0,0,0,0,0,0,-0.0580346,-0.108515,0,0,0,0,0,0,1.30255,-0.0426308,0,0,0,0,0,0,-2.80473,-0.00808805,0,0,0,0,0,0,-0.296763,0.0155021,0,0,0,0,0,0,1.31642,0.089137,0,0,0,0,0,0,-2.81373,0.00606604,0,0,0,0,0,0,0.31614,0.0426308,0,0,0,0,0,0,1.30897,-0.0581329,0,0,0,0,0,0,-2.81087,0.0283082,
253,0,0,0,0,0,0,0.107296,-0.0620084,0,0,0,0,0,0,1.32199,0.0387552,0,0,0,0,0,0,-2.83481,0.0283082,0,0,0,0,0,0,-0.0580346,-0.0658839,0,0,0,0,0,0,1.30255,-0.0426308,0,0,0,0,0,0,-2.80471,0.0303302,0,0,0,0,0,0,-0.296763,0.0155021,0,0,0,0,0,0,1.31635,-0.0155021,0,0,0,0,0,0,-2.81373,0.0101101,0,0,0,0,0,0,0.31614,0.0426308,0,0,0,0,0,0,1.309,0,0,0,0,0,0,0,-2.81087,0.0202201,
254,0,0,0,0,0,0,0.107296,-0.0852615,0,0,0,0,0,0,1.32196,0,0,0,0,0,0,0,-2.83484,-0.0303302,0,0,0,0,0,0,-0.0580043,-0.0426308,0,0,0,0,0,0,1.30255,-0.0387552,0,0,0,0,0,0,-2.80473,-0.00606604,0,0,0,0,0,0,-0.296763,0.0116266,0,0,0,0,0,0,1.31635,-0.0116266,0,0,0,0,0,0,-2.81375,-0.0202201,0,0,0,0,0,0,0.31611,-0.0193776,0,0,0,0,0,0,1.309,0,0,0,0,0,0,0,-2.81089,0.0202201,
255,0,0,0,0,0,0,0.107326,-0.0232531,0,0,0,0,0,0,1.32196,-0.00775105,0,0,0,0,0,0,-2.83482,-0.00606604,0,0,0,0,0,0,-0.0580346,-0.073635,0,0,0,0,0,0,1.30258,0.00387552,0,0,0,0,0,0,-2.80473,-0.00808805,0,0,0,0,0,0,-0.296763,0,0,0,0,0,0,0,1.31635,0.0387552,0,0,0,0,0,0,-2.81373,0.0101101,0,0,0,0,0,0,0.31614,0.0387552,0,0,0,0,0,0,1.309,0.00775105,0,0,0,0,0,0,-2.81087,0.0202201,
256,0,0,0,0,0,0,0.107326,-0.0387552,0,0,0,0,0,0,1.32196,-0.0116266,0,0,0,0,0,0,-2.83481,0.0343742,0,0,0,0,0,0,-0.0580043,-0.0581329,0,0,0,0,0,0,1.30255,-0.0542573,0,0,0,0,0,0,-2.80471,0.0202201,0,0,0,0,0,0,-0.296732,0.0232531,0,0,0,0,0,0,1.31639,0.0426308,0,0,0,0,0,0,-2.81375,-0.0202201,0,0,0,0,0,0,0.31614,0.0387552,0,0,0,0,0,0,1.30897,-0.0620084,0,0,0,0,0,0,-2.81087,0.0202201,
257,0,0,0,0,0,0,0.107326,-0.0271287,0,0,0,0,0,0,1.32196,0,0,0,0,0,0,0,-2.83482,0.0101101,0,0,0,0,0,0,-0.0580043,-0.0503818,0,0,0,0,0,0,1.30258,0.0155021,0,0,0,0,0,0,-2.80471,0.0262862,0,0,0,0,0,0,-0.296763,0.0155021,0,0,0,0,0,0,1.31635,0,0,0,0,0,0,0,-2.81375,-0.0202201,0,0,0,0,0,0,0.31611,-0.0155021,0,0,0,0,0,0,1.309,-0.00775105,0,0,0,0,0,0,-2.81089,-0.00202201,
258,0,0,0,0,0,0,0.107357,0.0116266,0,0,0,0,0,0,1.32196,0.0542573,0,0,0,0,0,0,-2.83484,-0.0424623,0,0,0,0,0,0,-0.057974,0.0271287,0,0,0,0,0,0,1.30258,0.0193776,0,0,0,0,0,0,-2.80473,-0.0101101,0,0,0,0,0,0,-0.296763,0.0310042,0,0,0,0,0,0,1.31635,-0.00387552,0,0,0,0,0,0,-2.81373,-0.0485283,0,0,0,0,0,0,0.31611,-0.0155021,0,0,0,0,0,0,1.30897,-0.0620084,0,0,0,0,0,0,-2.81089,-0.00606604,
259,0,0,0,0,0,0,0.107357,0.0310042,0,0,0,0,0,0,1.32196,-0.0193776,0,0,0,0,0,0,-2.83484,-0.0343742,0,0,0,0,0,0,-0.0580346,-0.0968881,0,0,0,0,0,0,1.30258,0,0,0,0,0,0,0,-2.80471,0.0303302,0,0,0,0,0,0,-0.296763,0.0348797,0,0,0,0,0,0,1.31635,0.00387552,0,0,0,0,0,0,-2.81372,0.0303302,0,0,0,0,0,0,0.316171,0.0387552,0,0,0,0,0,0,1.309,-0.00387552,0,0,0,0,0,0,-2.81089,-0.0101101,
260,0,0,0,0,0,0,0.107326,-0.0271287,0,0,0,0,0,0,1.32196,-0.00775105,0,0,0,0,0,0,-2.83484,-0.0323522,0,0,0,0,0,0,-0.0580043,-0.0193776,0,0,0,0,0,0,1.30258,0.0116266,0,0,0,0,0,0,-2.80473,-0.0202201,0,0,0,0,0,0,-0.296763,0.0271287,0,0,0,0,0,0,1.31639,0.0387552,0,0,0,0,0,0,-2.81375,-0.0202201,0,0,0,0,0,0,0.31614,0.0387552,0,0,0,0,0,0,1.309,-0.00387552,0,0,0,0,0,0,-2.81087,0.0202201,
261,0,0,0,0,0,0,0.107357,0.0155021,0,0,0,0,0,0,1.32199,0.0542573,0,0,0,0,0,0,-2.83482,-0.0101101,0,0,0,0,0,0,-0.0580346,-0.073635,0,0,0,0,0,0,1.30258,0.0116266,0,0,0,0,0,0,-2.80473,-0.0101101,0,0,0,0,0,0,-0.296763,0.0387552,0,0,0,0,0,0,1.31635,0,0,0,0,0,0,0,-2.81373,0.0101101,0,0,0,0,0,0,0.31611,-0.0193776,0,0,0,0,0,0,1.309,0.00387552,0,0,0,0,0,0,-2.81087,-0.0101101,
262,0,0,0,0,0,0,0.107326,-0.0232531,0,0,0,0,0,0,1.32196,0,0,0,0,0,0,0,-2.83484,-0.0303302,0,0,0,0,0,0,-0.057974,0.0387552,0,0,0,0,0,0,1.30255,-0.0968881,0,0,0,0,0,0,-2.80473,-0.0202201,0,0,0,0,0,0,-0.296763,0.0503818,0,0,0,0,0,0,1.31639,0.0426308,0,0,0,0,0,0,-2.81375,-0.0222421,0,0,0,0,0,0,0.31611,0,0,0,0,0,0,0,1.309,-0.00775105,0,0,0,0,0,0,-2.81087,0.0202201,
263,0,0,0,0,0,0,0.107326,-0.0310042,0,0,0,0,0,0,1.32199,0.0465063,0,0,0,0,0,0,-2.83482,0.00404402,0,0,0,0,0,0,-0.057974,0.0232531,0,0,0,0,0,0,1.30258,-0.00387552,0,0,0,0,0,0,-2.80471,0.0283082,0,0,0,0,0,0,-0.296763,0.0232531,0,0,0,0,0,0,1.31635,-0.0116266,0,0,0,0,0,0,-2.81375,-0.0181981,0,0,0,0,0,0,0.31611,-0.0116266,0,0,0,0,0,0,1.30897,-0.0581329,0,0,0,0,0,0,-2.81087,0.0283082,
264,0,0,0,0,0,0,0.107296,-0.0658839,0,0,0,0,0,0,1.32199,0.0581329,0,0,0,0,0,0,-2.83484,-0.0323522,0,0,0,0,0,0,-0.0580043,-0.0387552,0,0,0,0,0,0,1.30255,-0.0387552,0,0,0,0,0,0,-2.80473,-0.0101101,0,0,0,0,0,0,-0.296763,0.0387552,0,0,0,0,0,0,1.31635,0,0,0,0,0,0,0,-2.81375,-0.0202201,0,0,0,0,0,0,0.31614,0.0387552,0,0,0,0,0,0,1.309,0,0,0,0,0,0,0,-2.81087,0.0202201,
265,0,0,0,0,0,0,0.107357,0.0232531,0,0,0,0,0,0,1.32199,0.0542573,0,0,0,0,0,0,-2.83481,0.0222421,0,0,0,0,0,0,-0.0580346,-0.081386,0,0,0,0,0,0,1.30255,-0.0542573,0,0,0,0,0,0,-2.80473,-0.0121321,0,0,0,0,0,0,-0.296763,0.0426308,0,0,0,0,0,0,1.31639,0.0310042,0,0,0,0,0,0,-2.81373,0.0101101,0,0,0,0,0,0,0.31611,-0.0193776,0,0,0,0,0,0,1.309,0,0,0,0,0,0,0,-2.81087,0.0262862,
266,0,0,0,0,0,0,0.107296,-0.089137,0,0,0,0,0,0,1.32199,0.0387552,0,0,0,0,0,0,-2.83484,-0.0262862,0,0,0,0,0,0,-0.057974,0.0155021,0,0,0,0,0,0,1.30258,0.00775105,0,0,0,0,0,0,-2.8047,0.0566163,0,0,0,0,0,0,-0.296763,0.0271287,0,0,0,0,0,0,1.31639,0.0503818,0,0,0,0,0,0,-2.81375,-0.0222421,0,0,0,0,0,0,0.31614,0.0581329,0,0,0,0,0,0,1.30903,0.0503818,0,0,0,0,0,0,-2.81089,-0.00404402,
267,0,0,0,0,0,0,0.107357,0.0348797,0,0,0,0,0,0,1.32199,0.0465063,0,0,0,0,0,0,-2.83482,-0.0101101,0,0,0,0,0,0,-0.0580346,-0.11239,0,0,0,0,0,0,1.30261,0.0620084,0,0,0,0,0,0,-2.80471,0.0202201,0,0,0,0,0,0,-0.296732,0.0852615,0,0,0,0,0,0,1.31635,-0.00387552,0,0,0,0,0,0,-2.81375,-0.0283082,0,0,0,0,0,0,0.31614,0.0348797,0,0,0,0,0,0,1.30897,-0.0620084,0,0,0,0,0,0,-2.81089,0,
268,0,0,0,0,0,0,0.107296,-0.0620084,0,0,0,0,0,0,1.32199,0.0387552,0,0,0,0,0,0,-2.83482,-0.00606604,0,0,0,0,0,0,-0.0580043,-0.0465063,0,0,0,0,0,0,1.30255,-0.0503818,0,0,0,0,0,0,-2.80473,-0.00606604,0,0,0,0,0,0,-0.296793,0,0,0,0,0,0,0,1.31635,0.089137,0,0,0,0,0,0,-2.81373,0.00808805,0,0,0,0,0,0,0.31608,-0.0542573,0,0,0,0,0,0,1.309,-0.0193776,0,0,0,0,0,0,-2.81087,0.0202201,
269,0,0,0,0,0,0,0.107296,-0.0581329,0,0,0,0,0,0,1.32199,0,0,0,0,0,0,0,-2.83484,-0.0283082,0,0,0,0,0,0,-0.0580043,0.0232531,0,0,0,0,0,0,1.30255,-0.0387552,0,0,0,0,0,0,-2.80473,-0.0101101,0,0,0,0,0,0,-0.296763,0.0426308,0,0,0,0,0,0,1.31632,-0.0697594,0,0,0,0,0,0,-2.81375,-0.0262862,0,0,0,0,0,0,0.31614,0.0503818,0,0,0,0,0,0,1.309,-0.0116266,0,0,0,0,0,0,-2.81089,-0.00404402,
270,0,0,0,0,0,0,0.107357,0.0503818,0,0,0,0,0,0,1.32199,0.0620084,0,0,0,0,0,0,-2.83484,-0.0242641,0,0,0,0,0,0,-0.0580043,0.00775105,0,0,0,0,0,0,1.30258,0,0,0,0,0,0,0,-2.80471,0.0202201,0,0,0,0,0,0,-0.296763,0.0310042,0,0,0,0,0,0,1.31639,0.0503818,0,0,0,0,0,0,-2.81373,0.00808805,0,0,0,0,0,0,0.31614,0.0426308,0,0,0,0,0,0,1.309,-0.0271287,0,0,0,0,0,0,-2.81089,-0.0121321,
271,0,0,0,0,0,0,0.107326,-0.0155021,0,0,0,0,0,0,1.32196,-0.0193776,0,0,0,0,0,0,-2.83484,-0.0404403,0,0,0,0,0,0,-0.057974,-0.0387552,0,0,0,0,0,0,1.30258,0.0232531,0,0,0,0,0,0,-2.80473,-0.00202201,0,0,0,0,0,0,-0.296763,0.0387552,0,0,0,0,0,0,1.31635,-0.0155021,0,0,0,0,0,0,-2.81373,0.00808805,0,0,0,0,0,0,0.31614,0.0387552,0,0,0,0,0,0,1.309,-0.073635,0,0,0,0,0,0,-2.81087,-0.0101101,
272,0,0,0,0,0,0,0.107357,0.0503818,0,0,0,0,0,0,1.32196,0.00775105,0,0,0,0,0,0,-2.83484,-0.0202201,0,0,0,0,0,0,-0.0580043,-0.0387552,0,0,0,0,0,0,1.30258,0.0116266,0,0,0,0,0,0,-2.80473,-0.0101101,0,0,0,0,0,0,-0.296793,-0.00775105,0,0,0,0,0,0,1.31635,-0.0193776,0,0,0,0,0,0,-2.81373,0.0121321,0,0,0,0,0,0,0.31614,0.0503818,0,0,0,0,0,0,1.309,-0.0271287,0,0,0,0,0,0,-2.81089,-0.00606604,
273,0,0,0,0,0,0,0.107296,-0.073635,0,0,0,0,0,0,1.32199,0.0310042,0,0,0,0,0,0,-2.83482,-0.0101101,0,0,0,0,0,0,-0.057974,0,0,0,0,0,0,0,1.30258,-0.0155021,0,0,0,0,0,0,-2.80471,0.0202201,0,0,0,0,0,0,-0.296793,-0.0193776,0,0,0,0,0,0,1.31639,0.0503818,0,0,0,0,0,0,-2.81375,-0.0202201,0,0,0,0,0,0,0.31614,0.0193776,0,0,0,0,0,0,1.309,-0.00775105,0,0,0,0,0,0,-2.81089,-0.0101101,
274,0,0,0,0,0,0,0.107357,0.0387552,0,0,0,0,0,0,1.32196,0,0,0,0,0,0,0,-2.83484,-0.0343742,0,0,0,0,0,0,-0.057974,0.00387552,0,0,0,0,0,0,1.30258,0.0232531,0,0,0,0,0,0,-2.80471,0.0222421,0,0,0,0,0,0,-0.296793,-0.0155021,0,0,0,0,0,0,1.31632,-0.0775105,0,0,0,0,0,0,-2.81373,-0.0202201,0,0,0,0,0,0,0.31611,-0.0155021,0,0,0,0,0,0,1.30897,0,0,0,0,0,0,0,-2.81087,0.0202201,
275,0,0,0,0,0,0,0.107326,-0.0310042,0,0,0,0,0,0,1.32199,0.0581329,0,0,0,0,0,0,-2.83482,0.00202201,0,0,0,0,0,0,-0.057974,0.0155021,0,0,0,0,0,0,1.30261,0.0271287,0,0,0,0,0,0,-2.80471,0.0202201,0,0,0,0,0,0,-0.296763,0,0,0,0,0,0,0,1.31639,0.0426308,0,0,0,0,0,0,-2.81375,-0.0202201,0,0,0,0,0,0,0.316171,0.089137,0,0,0,0,0,0,1.309,-0.0155021,0,0,0,0,0,0,-2.81087,0.0202201,
276,0,0,0,0,0,0,0.107357,0.0620084,0,0,0,0,0,0,1.32199,0.0426308,0,0,0,0,0,0,-2.83482,-0.00202201,0,0,0,0,0,0,-0.057974,0,0,0,0,0,0,0,1.30258,0,0,0,0,0,0,0,-2.80473,0,0,0,0,0,0,0,-0.296763,0.081386,0,0,0,0,0,0,1.31635,-0.0155021,0,0,0,0,0,0,-2.81375,-0.0202201,0,0,0,0,0,0,0.31611,-0.0155021,0,0,0,0,0,0,1.309,0,0,0,0,0,0,0,-2.81087,0.0202201,
277,0,0,0,0,0,0,0.107326,-0.0387552,0,0,0,0,0,0,1.32196,-0.0348797,0,0,0,0,0,0,-2.83481,0.0181981,0,0,0,0,0,0,-0.0580043,-0.0465063,0,0,0,0,0,0,1.30255,-0.0387552,0,0,0,0,0,0,-2.80471,0.0262862,0,0,0,0,0,0,-0.296793,-0.0193776,0,0,0,0,0,0,1.31639,0.0542573,0,0,0,0,0,0,-2.81373,0.0101101,0,0,0,0,0,0,0.31614,0.0387552,0,0,0,0,0,0,1.30897,-0.0620084,0,0,0,0,0,0,-2.81087,-0.00404402,
278,0,0,0,0,0,0,0.107326,-0.00387552,0,0,0,0,0,0,1.32199,0.0348797,0,0,0,0,0,0,-2.83484,-0.00202201,0,0,0,0,0,0,-0.0580346,-0.073635,0,0,0,0,0,0,1.30258,-0.00775105,0,0,0,0,0,0,-2.80473,0,0,0,0,0,0,0,-0.296763,0.0387552,0,0,0,0,0,0,1.31635,-0.0193776,0,0,0,0,0,0,-2.81375,-0.0242641,0,0,0,0,0,0,0.31614,0.0271287,0,0,0,0,0,0,1.309,0,0,0,0,0,0,0,-2.81087,0.0202201,
279,0,0,0,0,0,0,0.107357,0.0271287,0,0,0,0,0,0,1.32199,0.0503818,0,0,0,0,0,0,-2.83484,-0.0283082,0,0,0,0,0,0,-0.057974,0.0193776,0,0,0,0,0,0,1.30255,-0.0581329,0,0,0,0,0,0,-2.80473,0,0,0,0,0,0,0,-0.296763,0.0348797,0,0,0,0,0,0,1.31639,0.0310042,0,0,0,0,0,0,-2.81375,-0.0181981,0,0,0,0,0,0,0.31614,0.0426308,0,0,0,0,0,0,1.309,-0.0116266,0,0,0,0,0,0,-2.81087,0.0283082,
280,0,0,0,0,0,0,0.107296,-0.081386,0,0,0,0,0,0,1.32196,0,0,0,0,0,0,0,-2.83482,-0.00808805,0,0,0,0,0,0,-0.057974,0,0,0,0,0,0,0,1.30258,0,0,0,0,0,0,0,-2.80471,0.0222421,0,0,0,0,0,0,-0.296763,0.00387552,0,0,0,0,0,0,1.31639,0.0155021,0,0,0,0,0,0,-2.81377,-0.0444843,0,0,0,0,0,0,0.31614,0.0387552,0,0,0,0,0,0,1.30897,-0.0581329,0,0,0,0,0,0,-2.81089,-0.00606604,
281,0,0,0,0,0,0,0.107326,-0.0387552,0,0,0,0,0,0,1.32199,0.0581329,0,0,0,0,0,0,-2.83484,-0.0222421,0,0,0,0,0,0,-0.0580043,0.0116266,0,0,0,0,0,0,1.30255,-0.0387552,0,0,0,0,0,0,-2.80471,0.0202201,0,0,0,0,0,0,-0.296763,0.0387552,0,0,0,0,0,0,1.31635,0,0,0,0,0,0,0,-2.81375,-0.0303302,0,0,0,0,0,0,0.31611,-0.0116266,0,0,0,0,0,0,1.30897,-0.00387552,0,0,0,0,0,0,-2.81089,-0.00606604,
282,0,0,0,0,0,0,0.107326,-0.0271287,0,0,0,0,0,0,1.32196,0.00387552,0,0,0,0,0,0,-2.83484,-0.0222421,0,0,0,0,0,0,-0.057974,0,0,0,0,0,0,0,1.30255,-0.0387552,0,0,0,0,0,0,-2.80471,0.0323522,0,0,0,0,0,0,-0.296763,0.0232531,0,0,0,0,0,0,1.31639,0.0387552,0,0,0,0,0,0,-2.81373,0.00808805,0,0,0,0,0,0,0.31614,0.0387552,0,0,0,0,0,0,1.30897,-0.0697594,0,0,0,0,0,0,-2.81087,0.0242641,
283,0,0,0,0,0,0,0.107357,0,0,0,0,0,0,0,1.32199,0.0426308,0,0,0,0,0,0,-2.83482,-0.00404402,0,0,0,0,0,0,-0.0580043,-0.0193776,0,0,0,0,0,0,1.30255,-0.0387552,0,0,0,0,0,0,-2.80473,-0.00404402,0,0,0,0,0,0,-0.296763,0.0155021,0,0,0,0,0,0,1.31639,0.0310042,0,0,0,0,0,0,-2.81375,-0.0161761,0,0,0,0,0,0,0.31614,0.0387552,0,0,0,0,0,0,1.30903,0.0503818,0,0,0,0,0,0,-2.81089,-0.00606604,
284,0,0,0,0,0,0,0.107357,0.0426308,0,0,0,0,0,0,1.32196,-0.00387552,0,0,0,0,0,0,-2.83482,0.00202201,0,0,0,0,0,0,-0.057974,0.0348797,0,0,0,0,0,0,1.30258,0.00775105,0,0,0,0,0,0,-2.80471,0.0202201,0,0,0,0,0,0,-0.296763,0.0116266,0,0,0,0,0,0,1.31635,0,0,0,0,0,0,0,-2.81375,-0.0222421,0,0,0,0,0,0,0.31614,0.0465063,0,0,0,0,0,0,1.309,-0.00387552,0,0,0,0,0,0,-2.81087,0.0222421,
285,0,0,0,0,0,0,0.107357,0.0387552,0,0,0,0,0,0,1.32196,0,0,0,0,0,0,0,-2.83484,-0.0283082,0,0,0,0,0,0,-0.0580043,-0.104639,0,0,0,0,0,0,1.30255,-0.0542573,0,0,0,0,0,0,-2.80471,0.0242641,0,0,0,0,0,0,-0.296793,-0.0503818,0,0,0,0,0,0,1.31639,-0.0155021,0,0,0,0,0,0,-2.81375,-0.0202201,0,0,0,0,0,0,0.31614,0.0387552,0,0,0,0,0,0,1.309,0.00387552,0,0,0,0,0,0,-2.81087,0.0202201,
286,0,0,0,0,0,0,0.107357,0.0387552,0,0,0,0,0,0,1.32202,0.108515,0,0,0,0,0,0,-2.83482,0,0,0,0,0,0,0,-0.0580043,-0.0387552,0,0,0,0,0,0,1.30258,0.0116266,0,0,0,0,0,0,-2.80473,-0.00404402,0,0,0,0,0,0,-0.296793,-0.0193776,0,0,0,0,0,0,1.31639,0.0542573,0,0,0,0,0,0,-2.81375,-0.0262862,0,0,0,0,0,0,0.31611,-0.0155021,0,0,0,0,0,0,1.30897,-0.0542573,0,0,0,0,0,0,-2.81087,0.0242641,
287,0,0,0,0,0,0,0.107296,-0.073635,0,0,0,0,0,0,1.32196,0,0,0,0,0,0,0,-2.83484,-0.0262862,0,0,0,0,0,0,-0.057974,0.0193776,0,0,0,0,0,0,1.30252,-0.116266,0,0,0,0,0,0,-2.80473,-0.00606604,0,0,0,0,0,0,-0.296793,-0.0310042,0,0,0,0,0,0,1.31639,0.0232531,0,0,0,0,0,0,-2.81373,0.00202201,0,0,0,0,0,0,0.31614,0.0387552,0,0,0,0,0,0,1.309,0,0,0,0,0,0,0,-2.81089,-0.00404402,
288,0,0,0,0,0,0,0.107357,0.0155021,0,0,0,0,0,0,1.32196,0,0,0,0,0,0,0,-2.83482,0,0,0,0,0,0,0,-0.0580043,-0.0581329,0,0,0,0,0,0,1.30252,-0.116266,0,0,0,0,0,0,-2.80471,0.0242641,0,0,0,0,0,0,-0.296793,-0.0310042,0,0,0,0,0,0,1.31639,0.0232531,0,0,0,0,0,0,-2.81375,-0.0202201,0,0,0,0,0,0,0.31614,0.0387552,0,0,0,0,0,0,1.30897,-0.0581329,0,0,0,0,0,0,-2.81089,-0.00404402,
289,0,0,0,0,0,0,0.107326,-0.0387552,0,0,0,0,0,0,1.32196,0,0,0,0,0,0,0,-2.83484,-0.0262862,0,0,0,0,0,0,-0.057974,0.0193776,0,0,0,0,0,0,1.30255,-0.0387552,0,0,0,0,0,0,-2.80473,-0.0101101,0,0,0,0,0,0,-0.296763,0.0348797,0,0,0,0,0,0,1.31639,0.0348797,0,0,0,0,0,0,-2.81373,0.0101101,0,0,0,0,0,0,0.31614,0.0387552,0,0,0,0,0,0,1.30897,0,0,0,0,0,0,0,-2.81087,0.0283082,
290,0,0,0,0,0,0,0.107326,-0.0310042,0,0,0,0,0,0,1.32199,0.0581329,0,0,0,0,0,0,-2.83484,-0.0222421,0,0,0,0,0,0,-0.0580346,0,0,0,0,0,0,0,1.30258,0.00387552,0,0,0,0,0,0,-2.80471,0.0202201,0,0,0,0,0,0,-0.296732,-0.0232531,0,0,0,0,0,0,1.31635,-0.0193776,0,0,0,0,0,0,-2.81373,0.0101101,0,0,0,0,0,0,0.31611,-0.0193776,0,0,0,0,0,0,1.309,0,0,0,0,0,0,0,-2.81087,0.0262862,
291,0,0,0,0,0,0,0.107296,-0.0852615,0,0,0,0,0,0,1.32199,0.0542573,0,0,0,0,0,0,-2.83484,-0.0242641,0,0,0,0,0,0,-0.057974,0,0,0,0,0,0,0,1.30255,-0.0271287,0,0,0,0,0,0,-2.80471,0.0283082,0,0,0,0,0,0,-0.296763,0.0697594,0,0,0,0,0,0,1.31639,0.0387552,0,0,0,0,0,0,-2.81373,0.0101101,0,0,0,0,0,0,0.31614,0.0387552,0,0,0,0,0,0,1.309,-0.00387552,0,0,0,0,0,0,-2.81087,0.0202201,
292,0,0,0,0,0,0,0.107357,0.00775105,0,0,0,0,0,0,1.32196,-0.0193776,0,0,0,0,0,0,-2.83482,0.0101101,0,0,0,0,0,0,-0.057974,0.00775105,0,0,0,0,0,0,1.30258,0,0,0,0,0,0,0,-2.80471,0.0202201,0,0,0,0,0,0,-0.296763,0.0387552,0,0,0,0,0,0,1.31639,0.0387552,0,0,0,0,0,0,-2.81375,-0.0242641,0,0,0,0,0,0,0.31614,0.0232531,0,0,0,0,0,0,1.309,0,0,0,0,0,0,0,-2.81089,-0.00202201,
293,0,0,0,0,0,0,0.107357,0.0232531,0,0,0,0,0,0,1.32199,0.0387552,0,0,0,0,0,0,-2.83484,-0.0303302,0,0,0,0,0,0,-0.0580043,-0.0387552,0,0,0,0,0,0,1.30258,0.0193776,0,0,0,0,0,0,-2.80473,-0.0101101,0,0,0,0,0,0,-0.296763,0.0232531,0,0,0,0,0,0,1.31635,-0.00775105,0,0,0,0,0,0,-2.81373,0.00404402,0,0,0,0,0,0,0.31614,0.0387552,0,0,0,0,0,0,1.309,-0.00775105,0,0,0,0,0,0,-2.81087,0,
294,0,0,0,0,0,0,0.107357,0.0193776,0,0,0,0,0,0,1.32199,0.0426308,0,0,0,0,0,0,-2.83484,-0.0303302,0,0,0,0,0,0,-0.0580346,-0.0930126,0,0,0,0,0,0,1.30258,0.00775105,0,0,0,0,0,0,-2.80473,-0.00202201,0,0,0,0,0,0,-0.296732,0.073635,0,0,0,0,0,0,1.31635,-0.0155021,0,0,0,0,0,0,-2.81375,0,0,0,0,0,0,0,0.316171,0.0852615,0,0,0,0,0,0,1.30897,-0.0581329,0,0,0,0,0,0,-2.81087,0.0323522,
295,0,0,0,0,0,0,0.107326,-0.00387552,0,0,0,0,0,0,1.32196,0.00387552,0,0,0,0,0,0,-2.83482,-0.00202201,0,0,0,0,0,0,-0.057974,0.0387552,0,0,0,0,0,0,1.30255,-0.0387552,0,0,0,0,0,0,-2.80471,0.0303302,0,0,0,0,0,0,-0.296763,0.0193776,0,0,0,0,0,0,1.31639,0.0232531,0,0,0,0,0,0,-2.81375,-0.0222421,0,0,0,0,0,0,0.31611,-0.0193776,0,0,0,0,0,0,1.30897,-0.0503818,0,0,0,0,0,0,-2.81087,0.0323522,
296,0,0,0,0,0,0,0.107357,0.0232531,0,0,0,0,0,0,1.32196,0,0,0,0,0,0,0,-2.83482,0,0,0,0,0,0,0,-0.057974,0,0,0,0,0,0,0,1.30255,-0.0465063,0,0,0,0,0,0,-2.80471,0.0222421,0,0,0,0,0,0,-0.296763,0.00775105,0,0,0,0,0,0,1.31639,0.0387552,0,0,0,0,0,0,-2.81375,-0.0202201,0,0,0,0,0,0,0.31614,0.0387552,0,0,0,0,0,0,1.309,0.0155021,0,0,0,0,0,0,-2.81087,0.0202201,
297,0,0,0,0,0,0,0.107357,0.0116266,0,0,0,0,0,0,1.32202,0.108515,0,0,0,0,0,0,-2.83481,0.0323522,0,0,0,0,0,0,-0.057974,-0.00387552,0,0,0,0,0,0,1.30255,-0.0426308,0,0,0,0,0,0,-2.80471,0.0202201,0,0,0,0,0,0,-0.296763,0.0116266,0,0,0,0,0,0,1.31639,0.0348797,0,0,0,0,0,0,-2.81375,-0.0303302,0,0,0,0,0,0,0.31611,-0.0155021,0,0,0,0,0,0,1.30897,-0.0387552,0,0,0,0,0,0,-2.81089,-0.0101101,
298,0,0,0,0,0,0,0.107326,-0.0271287,0,0,0,0,0,0,1.32199,0.0581329,0,0,0,0,0,0,-2.83484,-0.0262862,0,0,0,0,0,0,-0.057974,0,0,0,0,0,0,0,1.30255,-0.0465063,0,0,0,0,0,0,-2.80473,-0.00202201,0,0,0,0,0,0,-0.296763,0.0348797,0,0,0,0,0,0,1.31635,-0.00387552,0,0,0,0,0,0,-2.81375,-0.0202201,0,0,0,0,0,0,0.31611,-0.0193776,0,0,0,0,0,0,1.30897,-0.0426308,0,0,0,0,0,0,-2.81087,0.0161761,
299,0,0,0,0,0,0,0.107357,0.0155021,0,0,0,0,0,0,1.32196,-0.0116266,0,0,0,0,0,0,-2.83484,-0.0283082,0,0,0,0,0,0,-0.0580043,-0.0387552,0,0,0,0,0,0,1.30255,-0.0465063,0,0,0,0,0,0,-2.80471,0.0202201,0,0,0,0,0,0,-0.296763,0.0116266,0,0,0,0,0,0,1.31639,0.0232531,0,0,0,0,0,0,-2.81373,0.00808805,0,0,0,0,0,0,0.31611,-0.0193776,0,0,0,0,0,0,1.309,-0.00775105,0,0,0,0,0,0,-2.81089,-0.00202201,
300,0,0,0,0,0,0,0.107357,0.0542573,0,0,0,0,0,0,1.32196,-0.0155021,0,0,0,0,0,0,-2.83484,-0.0303302,0,0,0,0,0,0,-0.0580346,-0.073635,0,0,0,0,0,0,1.30258,0.00387552,0,0,0,0,0,0,-2.80471,0.0181981,0,0,0,0,0,0,-0.296763,0.0465063,0,0,0,0,0,0,1.31635,-0.0193776,0,0,0,0,0,0,-2.81375,-0.0202201,0,0,0,0,0,0,0.31614,0.0232531,0,0,0,0,0,0,1.309,0,0,0,0,0,0,0,-2.81089,0,
301,0,0,0,0,0,0,0.107296,-0.0193776,0,0,0,0,0,0,1.32196,0.00387552,0,0,0,0,0,0,-2.83484,-0.0303302,0,0,0,0,0,0,-0.0580043,-0.0426308,0,0,0,0,0,0,1.30255,-0.0387552,0,0,0,0,0,0,-2.80473,0.00404402,0,0,0,0,0,0,-0.296763,0.0387552,0,0,0,0,0,0,1.31639,0.0542573,0,0,0,0,0,0,-2.81375,-0.0202201,0,0,0,0,0,0,0.31614,-0.0193776,0,0,0,0,0,0,1.309,0,0,0,0,0,0,0,-2.81087,0.0283082,
302,0,0,0,0,0,0,0.107296,-0.0852615,0,0,0,0,0,0,1.32196,-0.0116266,0,0,0,0,0,0,-2.83484,-0.0363962,0,0,0,0,0,0,-0.0580043,-0.0387552,0,0,0,0,0,0,1.30255,0.0116266,0,0,0,0,0,0,-2.80475,-0.0303302,0,0,0,0,0,0,-0.296763,0.0426308,0,0,0,0,0,0,1.31639,0.0271287,0,0,0,0,0,0,-2.81375,-0.0202201,0,0,0,0,0,0,0.31614,0.0310042,0,0,0,0,0,0,1.309,0,0,0,0,0,0,0,-2.81087,0.0242641,
303,0,0,0,0,0,0,0.107357,0.0503818,0,0,0,0,0,0,1.32199,0,0,0,0,0,0,0,-2.83482,-0.00808805,0,0,0,0,0,0,-0.0580043,-0.0503818,0,0,0,0,0,0,1.30255,-0.0387552,0,0,0,0,0,0,-2.80475,-0.0283082,0,0,0,0,0,0,-0.296732,0.104639,0,0,0,0,0,0,1.31642,0.104639,0,0,0,0,0,0,-2.81375,-0.0262862,0,0,0,0,0,0,0.31611,-0.0193776,0,0,0,0,0,0,1.309,0.0116266,0,0,0,0,0,0,-2.81089,0,
304,0,0,0,0,0,0,0.107357,0.0271287,0,0,0,0,0,0,1.32196,-0.0116266,0,0,0,0,0,0,-2.83482,0.0101101,0,0,0,0,0,0,-0.0580043,-0.0387552,0,0,0,0,0,0,1.30258,-0.00387552,0,0,0,0,0,0,-2.80473,-0.00202201,0,0,0,0,0,0,-0.296763,0.0310042,0,0,0,0,0,0,1.31639,0.0426308,0,0,0,0,0,0,-2.81375,-0.0202201,0,0,0,0,0,0,0.31614,0.0387552,0,0,0,0,0,0,1.309,-0.0232531,0,0,0,0,0,0,-2.81087,0.0303302,
305,0,0,0,0,0,0,0.107326,-0.0310042,0,0,0,0,0,0,1.32199,0.0581329,0,0,0,0,0,0,-2.83484,-0.0363962,0,0,0,0,0,0,-0.057974,0.0232531,0,0,0,0,0,0,1.30255,-0.0503818,0,0,0,0,0,0,-2.80473,0,0,0,0,0,0,0,-0.296763,0.0310042,0,0,0,0,0,0,1.31639,0.0503818,0,0,0,0,0,0,-2.81375,-0.0202201,0,0,0,0,0,0,0.31614,0.0426308,0,0,0,0,0,0,1.309,0,0,0,0,0,0,0,-2.81089,-0.00808805,
306,0,0,0,0,0,0,0.107326,-0.0465063,0,0,0,0,0,0,1.32196,0.00387552,0,0,0,0,0,0,-2.83484,-0.00202201,0,0,0,0,0,0,-0.0580043,-0.0232531,0,0,0,0,0,0,1.30255,-0.0581329,0,0,0,0,0,0,-2.80473,-0.00202201,0,0,0,0,0,0,-0.296763,0.0310042,0,0,0,0,0,0,1.31635,-0.00775105,0,0,0,0,0,0,-2.81375,-0.0181981,0,0,0,0,0,0,0.31614,0.0503818,0,0,0,0,0,0,1.309,0,0,0,0,0,0,0,-2.81089,0,
307,0,0,0,0,0,0,0.107357,0,0,0,0,0,0,0,1.32196,0.00775105,0,0,0,0,0,0,-2.83484,-0.0181981,0,0,0,0,0,0,-0.057974,0,0,0,0,0,0,0,1.30261,0.073635,0,0,0,0,0,0,-2.80473,-0.00404402,0,0,0,0,0,0,-0.296763,0.0193776,0,0,0,0,0,0,1.31639,0.0465063,0,0,0,0,0,0,-2.81373,0.0101101,0,0,0,0,0,0,0.31614,0.0387552,0,0,0,0,0,0,1.309,0,0,0,0,0,0,0,-2.81087,0.0181981,
308,0,0,0,0,0,0,0.107326,-0.0271287,0,0,0,0,0,0,1.32196,0,0,0,0,0,0,0,-2.83482,-0.0121321,0,0,0,0,0,0,-0.0580346,-0.0542573,0,0,0,0,0,0,1.30258,0,0,0,0,0,0,0,-2.80471,0.0242641,0,0,0,0,0,0,-0.296763,0.00387552,0,0,0,0,0,0,1.31639,0.0542573,0,0,0,0,0,0,-2.81373,0.00202201,0,0,0,0,0,0,0.31614,0.0310042,0,0,0,0,0,0,1.30897,-0.0658839,0,0,0,0,0,0,-2.81087,0.0181981,
309,0,0,0,0,0,0,0.107357,-0.0310042,0,0,0,0,0,0,1.32196,0,0,0,0,0,0,0,-2.83484,-0.0242641,0,0,0,0,0,0,-0.0580043,-0.0271287,0,0,0,0,0,0,1.30255,-0.0387552,0,0,0,0,0,0,-2.80473,-0.0101101,0,0,0,0,0,0,-0.296793,-0.0310042,0,0,0,0,0,0,1.31639,0.0387552,0,0,0,0,0,0,-2.81373,0.0101101,0,0,0,0,0,0,0.31614,0.0387552,0,0,0,0,0,0,1.309,-0.00387552,0,0,0,0,0,0,-2.81087,0.0222421,
310,0,0,0,0,0,0,0.107357,0.0232531,0,0,0,0,0,0,1.32196,0,0,0,0,0,0,0,-2.83482,-0.00202201,0,0,0,0,0,0,-0.0580043,-0.0426308,0,0,0,0,0,0,1.30258,0.00387552,0,0,0,0,0,0,-2.8047,0.0465063,0,0,0,0,0,0,-0.296763,0.0232531,0,0,0,0,0,0,1.31639,0.0503818,0,0,0,0,0,0,-2.81375,-0.0222421,0,0,0,0,0,0,0.31614,0.0387552,0,0,0,0,0,0,1.309,-0.0193776,0,0,0,0,0,0,-2.81089,0,
311,0,0,0,0,0,0,0.107357,0.0271287,0,0,0,0,0,0,1.32199,0.0581329,0,0,0,0,0,0,-2.83484,-0.0202201,0,0,0,0,0,0,-0.0580043,-0.00775105,0,0,0,0,0,0,1.30258,0.0116266,0,0,0,0,0,0,-2.80471,0.0202201,0,0,0,0,0,0,-0.296763,0.0310042,0,0,0,0,0,0,1.31639,0.0426308,0,0,0,0,0,0,-2.81373,0.0101101,0,0,0,0,0,0,0.31614,0.0387552,0,0,0,0,0,0,1.30897,-0.0775105,0,0,0,0,0,0,-2.81087,0.0202201,
312,0,0,0,0,0,0,0.107326,-0.0271287,0,0,0,0,0,0,1.32199,0.0503818,0,0,0,0,0,0,-2.83481,0.0222421,0,0,0,0,0,0,-0.0580346,-0.0620084,0,0,0,0,0,0,1.30258,0.0155021,0,0,0,0,0,0,-2.80475,-0.0384182,0,0,0,0,0,0,-0.296763,0.0387552,0,0,0,0,0,0,1.31632,-0.0542573,0,0,0,0,0,0,-2.81373,0.00808805,0,0,0,0,0,0,0.31611,-0.0193776,0,0,0,0,0,0,1.309,0,0,0,0,0,0,0,-2.81087,0.0222421,
313,0,0,0,0,0,0,0.107296,-0.0852615,0,0,0,0,0,0,1.32196,0,0,0,0,0,0,0,-2.83482,0,0,0,0,0,0,0,-0.0580043,0,0,0,0,0,0,0,1.30258,-0.00775105,0,0,0,0,0,0,-2.80475,-0.0384182,0,0,0,0,0,0,-0.296763,0.0387552,0,0,0,0,0,0,1.31632,-0.0542573,0,0,0,0,0,0,-2.81375,-0.0202201,0,0,0,0,0,0,0.31614,0.0387552,0,0,0,0,0,0,1.30897,-0.0620084,0,0,0,0,0,0,-2.81087,0.0181981,
314,0,0,0,0,0,0,0.107296,-0.073635,0,0,0,0,0,0,1.32199,0.0503818,0,0,0,0,0,0,-2.83482,-0.0141541,0,0,0,0,0,0,-0.0580346,-0.0581329,0,0,0,0,0,0,1.30258,0.0116266,0,0,0,0,0,0,-2.80473,-0.0101101,0,0,0,0,0,0,-0.296763,0.0465063,0,0,0,0,0,0,1.31635,0,0,0,0,0,0,0,-2.81375,-0.0202201,0,0,0,0,0,0,0.31611,-0.0193776,0,0,0,0,0,0,1.30903,0.0387552,0,0,0,0,0,0,-2.81087,0.0202201,
315,0,0,0,0,0,0,0.107296,-0.073635,0,0,0,0,0,0,1.32199,0.0348797,0,0,0,0,0,0,-2.83481,0.0262862,0,0,0,0,0,0,-0.057974,0.0387552,0,0,0,0,0,0,1.30258,0.0193776,0,0,0,0,0,0,-2.80473,-0.0101101,0,0,0,0,0,0,-0.296793,0,0,0,0,0,0,0,1.31639,0.0387552,0,0,0,0,0,0,-2.81375,-0.0202201,0,0,0,0,0,0,0.31611,-0.0193776,0,0,0,0,0,0,1.309,-0.0116266,0,0,0,0,0,0,-2.81087,0.0303302,
316,0,0,0,0,0,0,0.107326,-0.0155021,0,0,0,0,0,0,1.32196,0.00387552,0,0,0,0,0,0,-2.83482,0.00606604,0,0,0,0,0,0,-0.0580043,-0.00775105,0,0,0,0,0,0,1.30258,0.00775105,0,0,0,0,0,0,-2.80473,-0.00606604,0,0,0,0,0,0,-0.296763,0.0271287,0,0,0,0,0,0,1.31632,-0.00775105,0,0,0,0,0,0,-2.81375,-0.0202201,0,0,0,0,0,0,0.31614,0.0232531,0,0,0,0,0,0,1.30897,-0.0581329,0,0,0,0,0,0,-2.81091,-0.0323522,
317,0,0,0,0,0,0,0.107326,-0.0193776,0,0,0,0,0,0,1.32199,0.0503818,0,0,0,0,0,0,-2.83481,0.0181981,0,0,0,0,0,0,-0.057974,0,0,0,0,0,0,0,1.30255,-0.0581329,0,0,0,0,0,0,-2.80473,-0.00202201,0,0,0,0,0,0,-0.296763,0.0387552,0,0,0,0,0,0,1.31635,0.0426308,0,0,0,0,0,0,-2.81375,-0.0202201,0,0,0,0,0,0,0.31614,0.0310042,0,0,0,0,0,0,1.30903,0.0387552,0,0,0,0,0,0,-2.81089,-0.00404402,
318,0,0,0,0,0,0,0.107296,-0.0697594,0,0,0,0,0,0,1.32196,0,0,0,0,0,0,0,-2.83484,-0.0404403,0,0,0,0,0,0,-0.057974,0.0116266,0,0,0,0,0,0,1.30258,-0.00387552,0,0,0,0,0,0,-2.80471,0.0202201,0,0,0,0,0,0,-0.296732,0.0930126,0,0,0,0,0,0,1.31639,0.0387552,0,0,0,0,0,0,-2.81373,0.0101101,0,0,0,0,0,0,0.31614,0.0426308,0,0,0,0,0,0,1.309,-0.0155021,0,0,0,0,0,0,-2.81089,-0.00808805,
319,0,0,0,0,0,0,0.107357,0,0,0,0,0,0,0,1.32199,-0.0155021,0,0,0,0,0,0,-2.83484,0,0,0,0,0,0,0,-0.057974,-0.00775105,0,0,0,0,0,0,1.30258,0.00775105,0,0,0,0,0,0,-2.80471,0.0121321,0,0,0,0,0,0,-0.296763,0.0542573,0,0,0,0,0,0,1.31639,0.0465063,0,0,0,0,0,0,-2.81373,0.0101101,0,0,0,0,0,0,0.316171,0.0930126,0,0,0,0,0,0,1.309,-0.00387552,0,0,0,0,0,0,-2.81089,-0.00202201,
320,0,0,0,0,0,0,0.107357,0.0348797,0,0,0,0,0,0,1.32196,-0.0155021,0,0,0,0,0,0,-2.83482,-0.0161761,0,0,0,0,0,0,-0.057974,0.0155021,0,0,0,0,0,0,1.30255,-0.0387552,0,0,0,0,0,0,-2.80471,0.0343742,0,0,0,0,0,0,-0.296763,0.0426308,0,0,0,0,0,0,1.31635,-0.0155021,0,0,0,0,0,0,-2.81375,-0.0222421,0,0,0,0,0,0,0.31614,0.0387552,0,0,0,0,0,0,1.309,-0.0581329,0,0,0,0,0,0,-2.81087,0.0283082,
321,0,0,0,0,0,0,0.107296,-0.0852615,0,0,0,0,0,0,1.32196,-0.0155021,0,0,0,0,0,0,-2.83482,-0.00404402,0,0,0,0,0,0,-0.0580346,-0.0271287,0,0,0,0,0,0,1.30258,0.00775105,0,0,0,0,0,0,-2.80471,0.0181981,0,0,0,0,0,0,-0.296763,0.0271287,0,0,0,0,0,0,1.31639,0.0465063,0,0,0,0,0,0,-2.81375,-0.0202201,0,0,0,0,0,0,0.31614,0.0465063,0,0,0,0,0,0,1.309,-0.0232531,0,0,0,0,0,0,-2.81087,-0.00808805,
322,0,0,0,0,0,0,0.107296,-0.081386,0,0,0,0,0,0,1.32199,0.0465063,0,0,0,0,0,0,-2.83484,-0.0303302,0,0,0,0,0,0,-0.0580043,-0.0465063,0,0,0,0,0,0,1.30258,0,0,0,0,0,0,0,-2.80473,-0.00404402,0,0,0,0,0,0,-0.296732,0.0697594,0,0,0,0,0,0,1.31639,0.0581329,0,0,0,0,0,0,-2.81375,-0.0202201,0,0,0,0,0,0,0.31614,0.0387552,0,0,0,0,0,0,1.309,-0.00775105,0,0,0,0,0,0,-2.81087,0.0303302,
323,0,0,0,0,0,0,0.107326,-0.0271287,0,0,0,0,0,0,1.32196,-0.00775105,0,0,0,0,0,0,-2.83484,-0.0202201,0,0,0,0,0,0,-0.0580043,-0.0542573,0,0,0,0,0,0,1.30258,0.0271287,0,0,0,0,0,0,-2.80471,0.0202201,0,0,0,0,0,0,-0.296763,0.0348797,0,0,0,0,0,0,1.31639,0.0503818,0,0,0,0,0,0,-2.81375,-0.0303302,0,0,0,0,0,0,0.31611,-0.0116266,0,0,0,0,0,0,1.309,-0.0116266,0,0,0,0,0,0,-2.81087,0.0262862,
324,0,0,0,0,0,0,0.107296,-0.081386,0,0,0,0,0,0,1.32196,-0.00387552,0,0,0,0,0,0,-2.83482,-0.00606604,0,0,0,0,0,0,-0.0580043,-0.0348797,0,0,0,0,0,0,1.30255,-0.0426308,0,0,0,0,0,0,-2.80471,0.0202201,0,0,0,0,0,0,-0.296732,0.0930126,0,0,0,0,0,0,1.31635,-0.0193776,0,0,0,0,0,0,-2.81375,-0.0222421,0,0,0,0,0,0,0.31614,0.0387552,0,0,0,0,0,0,1.309,-0.00387552,0,0,0,0,0,0,-2.81087,0.0202201,
325,0,0,0,0,0,0,0.107326,-0.0426308,0,0,0,0,0,0,1.32196,0,0,0,0,0,0,0,-2.83481,-0.00404402,0,0,0,0,0,0,-0.057974,0.0155021,0,0,0,0,0,0,1.30255,-0.0465063,0,0,0,0,0,0,-2.80471,0.0181981,0,0,0,0,0,0,-0.296763,0.0232531,0,0,0,0,0,0,1.31639,0.0387552,0,0,0,0,0,0,-2.81373,0.0101101,0,0,0,0,0,0,0.31614,0.0387552,0,0,0,0,0,0,1.30897,-0.0465063,0,0,0,0,0,0,-2.81089,0,
326,0,0,0,0,0,0,0.107326,-0.0271287,0,0,0,0,0,0,1.32196,-0.0155021,0,0,0,0,0,0,-2.83484,-0.0242641,0,0,0,0,0,0,-0.057974,0,0,0,0,0,0,0,1.30258,0,0,0,0,0,0,0,-2.80471,0.0181981,0,0,0,0,0,0,-0.296823,-0.0155021,0,0,0,0,0,0,1.31635,-0.0116266,0,0,0,0,0,0,-2.81373,0.00808805,0,0,0,0,0,0,0.31611,0.0387552,0,0,0,0,0,0,1.30897,-0.0697594,0,0,0,0,0,0,-2.81089,0,
327,0,0,0,0,0,0,0.107326,-0.0271287,0,0,0,0,0,0,1.32196,0,0,0,0,0,0,0,-2.83484,-0.0283082,0,0,0,0,0,0,-0.057974,0.0155021,0,0,0,0,0,0,1.30258,0.0542573,0,0,0,0,0,0,-2.80473,0.0242641,0,0,0,0,0,0,-0.296793,-0.00775105,0,0,0,0,0,0,1.31635,-0.0232531,0,0,0,0,0,0,-2.81375,0.0161761,0,0,0,0,0,0,0.31614,0.0503818,0,0,0,0,0,0,1.309,-0.00387552,0,0,0,0,0,0,-2.81087,0.0202201,
328,0,0,0,0,0,0,0.107357,0.0620084,0,0,0,0,0,0,1.32196,0,0,0,0,0,0,0,-2.83484,-0.0222421,0,0,0,0,0,0,-0.057974,0,0,0,0,0,0,0,1.30258,-0.00775105,0,0,0,0,0,0,-2.80471,0.0202201,0,0,0,0,0,0,-0.296763,0.0387552,0,0,0,0,0,0,1.31639,0.0426308,0,0,0,0,0,0,-2.81377,-0.0485283,0,0,0,0,0,0,0.31611,-0.0193776,0,0,0,0,0,0,1.309,-0.00387552,0,0,0,0,0,0,-2.81091,-0.0222421,
329,0,0,0,0,0,0,0.107296,-0.00387552,0,0,0,0,0,0,1.32199,0.0542573,0,0,0,0,0,0,-2.83484,-0.0262862,0,0,0,0,0,0,-0.0580346,-0.0930126,0,0,0,0,0,0,1.30255,-0.0581329,0,0,0,0,0,0,-2.80471,-0.00404402,0,0,0,0,0,0,-0.296793,-0.0155021,0,0,0,0,0,0,1.31635,0,0,0,0,0,0,0,-2.81375,-0.0242641,0,0,0,0,0,0,0.31614,0.0387552,0,0,0,0,0,0,1.30903,0.0426308,0,0,0,0,0,0,-2.81089,-0.00606604,
330,0,0,0,0,0,0,0.107296,-0.0852615,0,0,0,0,0,0,1.32196,0,0,0,0,0,0,0,-2.83484,-0.0202201,0,0,0,0,0,0,-0.057974,0,0,0,0,0,0,0,1.30258,0.00775105,0,0,0,0,0,0,-2.80471,0.0202201,0,0,0,0,0,0,-0.296763,0.0465063,0,0,0,0,0,0,1.31639,0.0426308,0,0,0,0,0,0,-2.81375,-0.0202201,0,0,0,0,0,0,0.31611,-0.0193776,0,0,0,0,0,0,1.30897,-0.0310042,0,0,0,0,0,0,-2.81091,-0.0323522,
331,0,0,0,0,0,0,0.107357,0.0465063,0,0,0,0,0,0,1.32196,-0.0155021,0,0,0,0,0,0,-2.83481,0.0262862,0,0,0,0,0,0,-0.057974,0.0232531,0,0,0,0,0,0,1.30255,-0.0658839,0,0,0,0,0,0,-2.80471,0.0202201,0,0,0,0,0,0,-0.296763,0.0503818,0,0,0,0,0,0,1.31635,-0.0232531,0,0,0,0,0,0,-2.81373,0.00606604,0,0,0,0,0,0,0.31614,0.0387552,0,0,0,0,0,0,1.309,0.0116266,0,0,0,0,0,0,-2.81089,-0.00202201,
332,0,0,0,0,0,0,0.107357,0.0155021,0,0,0,0,0,0,1.32199,0.0581329,0,0,0,0,0,0,-2.83482,0.00202201,0,0,0,0,0,0,-0.0580346,-0.0930126,0,0,0,0,0,0,1.30255,-0.0387552,0,0,0,0,0,0,-2.80473,-0.0101101,0,0,0,0,0,0,-0.296763,0.0387552,0,0,0,0,0,0,1.31635,0,0,0,0,0,0,0,-2.81375,-0.0202201,0,0,0,0,0,0,0.316171,-0.0658839,0,0,0,0,0,0,1.30897,-0.0581329,0,0,0,0,0,0,-2.81087,0.0202201,
333,0,0,0,0,0,0,0.107326,-0.0193776,0,0,0,0,0,0,1.32196,0,0,0,0,0,0,0,-2.83481,0.0384182,0,0,0,0,0,0,-0.0580346,-0.0775105,0,0,0,0,0,0,1.30255,-0.0542573,0,0,0,0,0,0,-2.80473,0.0222421,0,0,0,0,0,0,-0.296732,0.0348797,0,0,0,0,0,0,1.31635,-0.0155021,0,0,0,0,0,0,-2.81375,-0.0222421,0,0,0,0,0,0,0.31611,-0.0193776,0,0,0,0,0,0,1.309,0,0,0,0,0,0,0,-2.81089,0,
334,0,0,0,0,0,0,0.107326,-0.0116266,0,0,0,0,0,0,1.32199,0.0581329,0,0,0,0,0,0,-2.83484,-0.0303302,0,0,0,0,0,0,-0.057974,0.0232531,0,0,0,0,0,0,1.30258,0,0,0,0,0,0,0,-2.80471,0.0161761,0,0,0,0,0,0,-0.296763,0.0465063,0,0,0,0,0,0,1.31635,-0.0155021,0,0,0,0,0,0,-2.81375,-0.0202201,0,0,0,0,0,0,0.31611,-0.0193776,0,0,0,0,0,0,1.30897,-0.0465063,0,0,0,0,0,0,-2.81087,0.0222421,
335,0,0,0,0,0,0,0.107296,-0.0658839,0,0,0,0,0,0,1.32199,0.0542573,0,0,0,0,0,0,-2.83484,-0.0323522,0,0,0,0,0,0,-0.057974,0,0,0,0,0,0,0,1.30255,-0.0503818,0,0,0,0,0,0,-2.80473,-0.0161761,0,0,0,0,0,0,-0.296763,0.0581329,0,0,0,0,0,0,1.31639,0.0503818,0,0,0,0,0,0,-2.81375,-0.0202201,0,0,0,0,0,0,0.31611,-0.0193776,0,0,0,0,0,0,1.309,-0.00387552,0,0,0,0,0,0,-2.81087,0.0283082,
336,0,0,0,0,0,0,0.107326,-0.0310042,0,0,0,0,0,0,1.32199,0.0387552,0,0,0,0,0,0,-2.83482,-0.00606604,0,0,0,0,0,0,-0.057974,0.0116266,0,0,0,0,0,0,1.30258,0.0155021,0,0,0,0,0,0,-2.80471,0.0202201,0,0,0,0,0,0,-0.296763,0.0387552,0,0,0,0,0,0,1.31635,-0.00775105,0,0,0,0,0,0,-2.81375,-0.0202201,0,0,0,0,0,0,0.31614,0.0387552,0,0,0,0,0,0,1.309,0,0,0,0,0,0,0,-2.81089,-0.0101101,
337,0,0,0,0,0,0,0.107326,-0.0193776,0,0,0,0,0,0,1.32199,0.0581329,0,0,0,0,0,0,-2.83482,-0.0101101,0,0,0,0,0,0,-0.057974,0,0,0,0,0,0,0,1.30255,-0.0581329,0,0,0,0,0,0,-2.80473,0,0,0,0,0,0,0,-0.296763,0.0465063,0,0,0,0,0,0,1.31635,-0.0155021,0,0,0,0,0,0,-2.81373,0.00808805,0,0,0,0,0,0,0.31611,-0.0193776,0,0,0,0,0,0,1.309,0,0,0,0,0,0,0,-2.81087,0.0202201,
338,0,0,0,0,0,0,0.107326,-0.0193776,0,0,0,0,0,0,1.32196,-0.00775105,0,0,0,0,0,0,-2.83484,0,0,0,0,0,0,0,-0.057974,0,0,0,0,0,0,0,1.30252,-0.11239,0,0,0,0,0,0,-2.80471,0.0202201,0,0,0,0,0,0,-0.296763,0.0465063,0,0,0,0,0,0,1.31639,0.0465063,0,0,0,0,0,0,-2.81375,-0.0202201,0,0,0,0,0,0,0.31611,-0.0193776,0,0,0,0,0,0,1.30903,0.0503818,0,0,0,0,0,0,-2.81087,0.0202201,
339,0,0,0,0,0,0,0.107326,-0.0193776,0,0,0,0,0,0,1.32199,0.0542573,0,0,0,0,0,0,-2.83481,0.0101101,0,0,0,0,0,0,-0.0580043,-0.0271287,0,0,0,0,0,0,1.30258,-0.0232531,0,0,0,0,0,0,-2.80471,0.0141541,0,0,0,0,0,0,-0.296763,0.0581329,0,0,0,0,0,0,1.31639,0.0387552,0,0,0,0,0,0,-2.81375,-0.0202201,0,0,0,0,0,0,0.31614,0.0348797,0,0,0,0,0,0,1.309,0,0,0,0,0,0,0,-2.81087,0.0262862,
340,0,0,0,0,0,0,0.107357,0.0426308,0,0,0,0,0,0,1.32199,0.0503818,0,0,0,0,0,0,-2.83484,-0.00606604,0,0,0,0,0,0,-0.057974,0.00387552,0,0,0,0,0,0,1.30258,0.00775105,0,0,0,0,0,0,-2.80473,-0.00808805,0,0,0,0,0,0,-0.296763,0.0581329,0,0,0,0,0,0,1.31635,-0.00775105,0,0,0,0,0,0,-2.81375,-0.0202201,0,0,0,0,0,0,0.31611,-0.00775105,0,0,0,0,0,0,1.309,0,0,0,0,0,0,0,-2.81091,0.0242641,
341,0,0,0,0,0,0,0.107326,-0.0193776,0,0,0,0,0,0,1.32196,0,0,0,0,0,0,0,-2.83481,0.0141541,0,0,0,0,0,0,-0.0580346,0.0193776,0,0,0,0,0,0,1.30258,0.0116266,0,0,0,0,0,0,-2.80473,-0.00808805,0,0,0,0,0,0,-0.296793,-0.0155021,0,0,0,0,0,0,1.31639,0.0503818,0,0,0,0,0,0,-2.81375,-0.0202201,0,0,0,0,0,0,0.31614,0.0387552,0,0,0,0,0,0,1.30897,-0.0581329,0,0,0,0,0,0,-2.81087,0.0303302,
342,0,0,0,0,0,0,0.107357,-0.0348797,0,0,0,0,0,0,1.32196,0,0,0,0,0,0,0,-2.83484,-0.0303302,0,0,0,0,0,0,-0.0580043,-0.0542573,0,0,0,0,0,0,1.30255,-0.0503818,0,0,0,0,0,0,-2.80473,0.00606604,0,0,0,0,0,0,-0.296793,-0.0193776,0,0,0,0,0,0,1.31635,-0.0193776,0,0,0,0,0,0,-2.81375,-0.0222421,0,0,0,0,0,0,0.31611,0.00775105,0,0,0,0,0,0,1.309,-0.0193776,0,0,0,0,0,0,-2.81089,-0.00404402,
343,0,0,0,0,0,0,0.107357,0.0426308,0,0,0,0,0,0,1.32196,-0.0116266,0,0,0,0,0,0,-2.83482,-0.0202201,0,0,0,0,0,0,-0.0580043,-0.0542573,0,0,0,0,0,0,1.30255,-0.0620084,0,0,0,0,0,0,-2.8047,0.0545943,0,0,0,0,0,0,-0.296793,-0.0193776,0,0,0,0,0,0,1.31639,0.0387552,0,0,0,0,0,0,-2.81375,-0.0202201,0,0,0,0,0,0,0.31611,-0.0193776,0,0,0,0,0,0,1.30897,-0.0581329,0,0,0,0,0,0,-2.81087,0.0161761,
344,0,0,0,0,0,0,0.107357,0.0310042,0,0,0,0,0,0,1.32199,0.0581329,0,0,0,0,0,0,-2.83482,0,0,0,0,0,0,0,-0.057974,0.0116266,0,0,0,0,0,0,1.30255,-0.0387552,0,0,0,0,0,0,-2.80471,0.0343742,0,0,0,0,0,0,-0.296763,0.0426308,0,0,0,0,0,0,1.31635,-0.0155021,0,0,0,0,0,0,-2.81373,0.00606604,0,0,0,0,0,0,0.31608,-0.0658839,0,0,0,0,0,0,1.30897,-0.0542573,0,0,0,0,0,0,-2.81087,0.0262862,
345,0,0,0,0,0,0,0.107357,0.0271287,0,0,0,0,0,0,1.32202,0.0581329,0,0,0,0,0,0,-2.83484,-0.0323522,0,0,0,0,0,0,-0.0580043,-0.0465063,0,0,0,0,0,0,1.30255,-0.0620084,0,0,0,0,0,0,-2.80471,0.0262862,0,0,0,0,0,0,-0.296793,0,0,0,0,0,0,0,1.31639,0.0387552,0,0,0,0,0,0,-2.81375,-0.0202201,0,0,0,0,0,0,0.31608,-0.0581329,0,0,0,0,0,0,1.30897,-0.0387552,0,0,0,0,0,0,-2.81087,0.0202201,
346,0,0,0,0,0,0,0.107326,-0.0193776,0,0,0,0,0,0,1.32196,0.00387552,0,0,0,0,0,0,-2.83481,-0.0242641,0,0,0,0,0,0,-0.0580043,-0.0503818,0,0,0,0,0,0,1.30255,-0.0542573,0,0,0,0,0,0,-2.80473,0.00202201,0,0,0,0,0,0,-0.296793,-0.0155021,0,0,0,0,0,0,1.31639,0.0387552,0,0,0,0,0,0,-2.81375,-0.0202201,0,0,0,0,0,0,0.31611,-0.0193776,0,0,0,0,0,0,1.30897,-0.0581329,0,0,0,0,0,0,-2.81089,-0.00808805,
347,0,0,0,0,0,0,0.107326,-0.0503818,0,0,0,0,0,0,1.32199,0.0581329,0,0,0,0,0,0,-2.83484,-0.0404403,0,0,0,0,0,0,-0.057974,0,0,0,0,0,0,0,1.30258,0.0116266,0,0,0,0,0,0,-2.80471,0.0262862,0,0,0,0,0,0,-0.296763,0.0387552,0,0,0,0,0,0,1.31635,-0.0155021,0,0,0,0,0,0,-2.81373,0.00606604,0,0,0,0,0,0,0.31614,0.0581329,0,0,0,0,0,0,1.309,0,0,0,0,0,0,0,-2.81089,-0.00404402,
348,0,0,0,0,0,0,0.107357,0.0310042,0,0,0,0,0,0,1.32199,0.0503818,0,0,0,0,0,0,-2.83482,-0.00606604,0,0,0,0,0,0,-0.057974,0,0,0,0,0,0,0,1.30258,0,0,0,0,0,0,0,-2.80471,0.0242641,0,0,0,0,0,0,-0.296793,-0.0193776,0,0,0,0,0,0,1.31635,0,0,0,0,0,0,0,-2.81373,0.0121321,0,0,0,0,0,0,0.31614,0.0426308,0,0,0,0,0,0,1.30897,-0.0581329,0,0,0,0,0,0,-2.81087,0.0181981,
349,0,0,0,0,0,0,0.107326,-0.0193776,0,0,0,0,0,0,1.32196,-0.0155021,0,0,0,0,0,0,-2.83484,-0.0363962,0,0,0,0,0,0,-0.057974,0,0,0,0,0,0,0,1.30258,0.0193776,0,0,0,0,0,0,-2.8047,0.0404403,0,0,0,0,0,0,-0.296763,0.0348797,0,0,0,0,0,0,1.31635,0,0,0,0,0,0,0,-2.81375,-0.0202201,0,0,0,0,0,0,0.31611,-0.0116266,0,0,0,0,0,0,1.30897,-0.0581329,0,0,0,0,0,0,-2.81089,0.00202201,
350,0,0,0,0,0,0,0.107326,0.0155021,0,0,0,0,0,0,1.32196,-0.00387552,0,0,0,0,0,0,-2.83484,-0.0242641,0,0,0,0,0,0,-0.057974,0.0155021,0,0,0,0,0,0,1.30258,0,0,0,0,0,0,0,-2.80471,0.0141541,0,0,0,0,0,0,-0.296793,-0.0116266,0,0,0,0,0,0,1.31635,-0.00387552,0,0,0,0,0,0,-2.81373,0.0101101,0,0,0,0,0,0,0.31614,0.0387552,0,0,0,0,0,0,1.30897,-0.0542573,0,0,0,0,0,0,-2.81089,-0.00202201,
351,0,0,0,0,0,0,0.107296,-0.0542573,0,0,0,0,0,0,1.32196,-0.0193776,0,0,0,0,0,0,-2.83481,0.0262862,0,0,0,0,0,0,-0.057974,0,0,0,0,0,0,0,1.30258,0.00387552,0,0,0,0,0,0,-2.80471,0.0323522,0,0,0,0,0,0,-0.296793,-0.0193776,0,0,0,0,0,0,1.31635,0,0,0,0,0,0,0,-2.81373,0.0121321,0,0,0,0,0,0,0.316171,0.0930126,0,0,0,0,0,0,1.30903,0.0542573,0,0,0,0,0,0,-2.81089,-0.0384182,
352,0,0,0,0,0,0,0.107357,0.0116266,0,0,0,0,0,0,1.32199,0.0387552,0,0,0,0,0,0,-2.83482,-0.00606604,0,0,0,0,0,0,-0.057974,0.00387552,0,0,0,0,0,0,1.30255,-0.0387552,0,0,0,0,0,0,-2.80471,0.00808805,0,0,0,0,0,0,-0.296763,0.0387552,0,0,0,0,0,0,1.31635,-0.0193776,0,0,0,0,0,0,-2.81375,-0.0202201,0,0,0,0,0,0,0.31614,0.0387552,0,0,0,0,0,0,1.30897,-0.0465063,0,0,0,0,0,0,-2.81089,0,
353,0,0,0,0,0,0,0.107326,-0.0271287,0,0,0,0,0,0,1.32196,0,0,0,0,0,0,0,-2.83482,0.0202201,0,0,0,0,0,0,-0.057974,0.00775105,0,0,0,0,0,0,1.30255,-0.0581329,0,0,0,0,0,0,-2.80471,0.0323522,0,0,0,0,0,0,-0.296763,0.0387552,0,0,0,0,0,0,1.31639,0.0387552,0,0,0,0,0,0,-2.81375,-0.0202201,0,0,0,0,0,0,0.31611,-0.0193776,0,0,0,0,0,0,1.309,0.0193776,0,0,0,0,0,0,-2.81087,0.0202201,
354,0,0,0,0,0,0,0.107326,-0.0620084,0,0,0,0,0,0,1.32199,0.0503818,0,0,0,0,0,0,-2.83482,-0.00202201,0,0,0,0,0,0,-0.0580346,-0.11239,0,0,0,0,0,0,1.30258,0.00775105,0,0,0,0,0,0,-2.80473,-0.0101101,0,0,0,0,0,0,-0.296793,-0.0193776,0,0,0,0,0,0,1.31635,-0.00387552,0,0,0,0,0,0,-2.81375,-0.0202201,0,0,0,0,0,0,0.31611,-0.0193776,0,0,0,0,0,0,1.309,-0.0116266,0,0,0,0,0,0,-2.81087,0.0202201,
355,0,0,0,0,0,0,0.107357,0.0387552,0,0,0,0,0,0,1.32199,0.0503818,0,0,0,0,0,0,-2.83482,-0.0141541,0,0,0,0,0,0,-0.0580346,-0.11239,0,0,0,0,0,0,1.30255,-0.0387552,0,0,0,0,0,0,-2.80471,0.0202201,0,0,0,0,0,0,-0.296793,-0.0193776,0,0,0,0,0,0,1.31635,0.00387552,0,0,0,0,0,0,-2.81373,0.00808805,0,0,0,0,0,0,0.31611,-0.0232531,0,0,0,0,0,0,1.309,0,0,0,0,0,0,0,-2.81087,0.0202201,
356,0,0,0,0,0,0,0.107296,-0.081386,0,0,0,0,0,0,1.32199,0.0503818,0,0,0,0,0,0,-2.83481,0.0181981,0,0,0,0,0,0,-0.0580346,-0.0968881,0,0,0,0,0,0,1.30258,-0.0155021,0,0,0,0,0,0,-2.80471,0.0283082,0,0,0,0,0,0,-0.296763,0.0387552,0,0,0,0,0,0,1.31635,-0.0155021,0,0,0,0,0,0,-2.81375,-0.0202201,0,0,0,0,0,0,0.31611,0.0465063,0,0,0,0,0,0,1.30897,-0.0581329,0,0,0,0,0,0,-2.81087,0.0202201,
357,0,0,0,0,0,0,0.107326,-0.0271287,0,0,0,0,0,0,1.32196,-0.00387552,0,0,0,0,0,0,-2.83482,-0.0141541,0,0,0,0,0,0,-0.057974,0,0,0,0,0,0,0,1.30258,-0.0155021,0,0,0,0,0,0,-2.80473,0,0,0,0,0,0,0,-0.296793,-0.0348797,0,0,0,0,0,0,1.31635,0.00775105,0,0,0,0,0,0,-2.81377,-0.0424623,0,0,0,0,0,0,0.31611,-0.0193776,0,0,0,0,0,0,1.30897,-0.0581329,0,0,0,0,0,0,-2.81087,0.0242641,
358,0,0,0,0,0,0,0.107357,0.0348797,0,0,0,0,0,0,1.32199,0.0581329,0,0,0,0,0,0,-2.83484,-0.0323522,0,0,0,0,0,0,-0.0580043,-0.0503818,0,0,0,0,0,0,1.30255,-0.0503818,0,0,0,0,0,0,-2.80473,-0.00808805,0,0,0,0,0,0,-0.296793,-0.0271287,0,0,0,0,0,0,1.31632,-0.0542573,0,0,0,0,0,0,-2.81375,-0.0283082,0,0,0,0,0,0,0.31611,-0.0271287,0,0,0,0,0,0,1.309,-0.00387552,0,0,0,0,0,0,-2.81089,0,
359,0,0,0,0,0,0,0.107357,0.0426308,0,0,0,0,0,0,1.32196,0,0,0,0,0,0,0,-2.83482,-0.0222421,0,0,0,0,0,0,-0.0580346,-0.073635,0,0,0,0,0,0,1.30261,0.0697594,0,0,0,0,0,0,-2.80471,0.0161761,0,0,0,0,0,0,-0.296763,0.0465063,0,0,0,0,0,0,1.31632,-0.0542573,0,0,0,0,0,0,-2.81375,-0.0202201,0,0,0,0,0,0,0.31611,-0.0193776,0,0,0,0,0,0,1.30897,-0.0581329,0,0,0,0,0,0,-2.81087,0.0303302,
360,0,0,0,0,0,0,0.107357,0.0271287,0,0,0,0,0,0,1.32199,0.0465063,0,0,0,0,0,0,-2.83484,-0.0363962,0,0,0,0,0,0,-0.0580043,-0.0968881,0,0,0,0,0,0,1.30255,-0.0387552,0,0,0,0,0,0,-2.80471,0.00808805,0,0,0,0,0,0,-0.296793,0,0,0,0,0,0,0,1.31635,0.0116266,0,0,0,0,0,0,-2.81373,0.00808805,0,0,0,0,0,0,0.31614,0.0387552,0,0,0,0,0,0,1.30894,-0.0930126,0,0,0,0,0,0,-2.81087,0.0262862,
361,0,0,0,0,0,0,0.107296,-0.0658839,0,0,0,0,0,0,1.32199,0.0503818,0,0,0,0,0,0,-2.83481,0.0202201,0,0,0,0,0,0,-0.0580043,-0.0581329,0,0,0,0,0,0,1.30258,0.0155021,0,0,0,0,0,0,-2.80471,0.0141541,0,0,0,0,0,0,-0.296732,0.0852615,0,0,0,0,0,0,1.31642,0.104639,0,0,0,0,0,0,-2.81373,0.0101101,0,0,0,0,0,0,0.31614,0.0387552,0,0,0,0,0,0,1.309,0.00387552,0,0,0,0,0,0,-2.81089,-0.00808805,
362,0,0,0,0,0,0,0.107357,0.0503818,0,0,0,0,0,0,1.32199,0.0387552,0,0,0,0,0,0,-2.83484,-0.0303302,0,0,0,0,0,0,-0.0580043,-0.0193776,0,0,0,0,0,0,1.30255,-0.0387552,0,0,0,0,0,0,-2.80473,0.0262862,0,0,0,0,0,0,-0.296763,0.0348797,0,0,0,0,0,0,1.31635,0,0,0,0,0,0,0,-2.81373,0.0101101,0,0,0,0,0,0,0.31611,-0.0155021,0,0,0,0,0,0,1.309,0,0,0,0,0,0,0,-2.81089,-0.00202201,
363,0,0,0,0,0,0,0.107357,0.0581329,0,0,0,0,0,0,1.32199,0.0503818,0,0,0,0,0,0,-2.83484,-0.0384182,0,0,0,0,0,0,-0.057974,0.0193776,0,0,0,0,0,0,1.30258,0.0155021,0,0,0,0,0,0,-2.80473,0.00202201,0,0,0,0,0,0,-0.296763,0.0465063,0,0,0,0,0,0,1.31635,0,0,0,0,0,0,0,-2.81373,-0.0202201,0,0,0,0,0,0,0.31611,-0.0193776,0,0,0,0,0,0,1.30903,0.0542573,0,0,0,0,0,0,-2.81087,0.0262862,
364,0,0,0,0,0,0,0.107357,0.0116266,0,0,0,0,0,0,1.32199,0.0387552,0,0,0,0,0,0,-2.83481,0.0222421,0,0,0,0,0,0,-0.0580346,-0.0620084,0,0,0,0,0,0,1.30255,-0.0620084,0,0,0,0,0,0,-2.80475,-0.0363962,0,0,0,0,0,0,-0.296763,0.0348797,0,0,0,0,0,0,1.31635,-0.0116266,0,0,0,0,0,0,-2.81373,-0.0202201,0,0,0,0,0,0,0.31614,0.0310042,0,0,0,0,0,0,1.309,-0.00387552,0,0,0,0,0,0,-2.81089,-0.0283082,
365,0,0,0,0,0,0,0.107296,-0.073635,0,0,0,0,0,0,1.32196,-0.0232531,0,0,0,0,0,0,-2.83484,-0.0323522,0,0,0,0,0,0,-0.057974,0.0387552,0,0,0,0,0,0,1.30258,0.00387552,0,0,0,0,0,0,-2.80471,0.0283082,0,0,0,0,0,0,-0.296763,0.0310042,0,0,0,0,0,0,1.31635,-0.0193776,0,0,0,0,0,0,-2.81375,-0.0222421,0,0,0,0,0,0,0.31614,0.0426308,0,0,0,0,0,0,1.30897,-0.0620084,0,0,0,0,0,0,-2.81089,-0.00202201,
366,0,0,0,0,0,0,0.107326,-0.11239,0,0,0,0,0,0,1.32196,-0.0232531,0,0,0,0,0,0,-2.83484,-0.0384182,0,0,0,0,0,0,-0.0580043,-0.0387552,0,0,0,0,0,0,1.30255,-0.0503818,0,0,0,0,0,0,-2.80471,0.0222421,0,0,0,0,0,0,-0.296793,-0.0155021,0,0,0,0,0,0,1.31635,0,0,0,0,0,0,0,-2.81373,0.0101101,0,0,0,0,0,0,0.31614,0.0426308,0,0,0,0,0,0,1.309,0.00775105,0,0,0,0,0,0,-2.81089,-0.00202201,
367,0,0,0,0,0,0,0.107326,-0.0465063,0,0,0,0,0,0,1.32196,-0.00775105,0,0,0,0,0,0,-2.83481,0.0141541,0,0,0,0,0,0,-0.057974,0.0465063,0,0,0,0,0,0,1.30255,-0.0503818,0,0,0,0,0,0,-2.80473,0,0,0,0,0,0,0,-0.296793,-0.00387552,0,0,0,0,0,0,1.31639,0.0348797,0,0,0,0,0,0,-2.81375,-0.0141541,0,0,0,0,0,0,0.31614,0.0387552,0,0,0,0,0,0,1.309,0,0,0,0,0,0,0,-2.81087,0.0202201,
368,0,0,0,0,0,0,0.107357,0.00387552,0,0,0,0,0,0,1.32196,0,0,0,0,0,0,0,-2.83484,-0.0323522,0,0,0,0,0,0,-0.0580043,-0.0155021,0,0,0,0,0,0,1.30252,-0.108515,0,0,0,0,0,0,-2.80473,-0.0141541,0,0,0,0,0,0,-0.296763,0.0155021,0,0,0,0,0,0,1.31639,0.0387552,0,0,0,0,0,0,-2.81375,-0.0202201,0,0,0,0,0,0,0.31611,-0.0193776,0,0,0,0,0,0,1.30897,-0.00387552,0,0,0,0,0,0,-2.81089,-0.0101101,
369,0,0,0,0,0,0,0.107357,0,0,0,0,0,0,0,1.32199,0.0542573,0,0,0,0,0,0,-2.83482,-0.0141541,0,0,0,0,0,0,-0.057974,0.0193776,0,0,0,0,0,0,1.30258,0.0193776,0,0,0,0,0,0,-2.80473,-0.00404402,0,0,0,0,0,0,-0.296763,0.0387552,0,0,0,0,0,0,1.31635,0,0,0,0,0,0,0,-2.81375,-0.0242641,0,0,0,0,0,0,0.31614,0.0310042,0,0,0,0,0,0,1.30897,-0.0465063,0,0,0,0,0,0,-2.81087,0.0222421,
370,0,0,0,0,0,0,0.107357,0.0193776,0,0,0,0,0,0,1.32196,0.00387552,0,0,0,0,0,0,-2.83484,-0.0384182,0,0,0,0,0,0,-0.0580043,-0.0465063,0,0,0,0,0,0,1.30255,-0.0542573,0,0,0,0,0,0,-2.80471,0.0283082,0,0,0,0,0,0,-0.296763,0.0387552,0,0,0,0,0,0,1.31635,0.0387552,0,0,0,0,0,0,-2.81375,-0.0202201,0,0,0,0,0,0,0.31614,0.0503818,0,0,0,0,0,0,1.309,-0.00387552,0,0,0,0,0,0,-2.81087,0.0202201,
371,0,0,0,0,0,0,0.107326,-0.0387552,0,0,0,0,0,0,1.32199,0.0387552,0,0,0,0,0,0,-2.83482,-0.0181981,0,0,0,0,0,0,-0.0580346,-0.104639,0,0,0,0,0,0,1.30255,-0.0465063,0,0,0,0,0,0,-2.80473,-0.00606604,0,0,0,0,0,0,-0.296732,0.108515,0,0,0,0,0,0,1.31639,0.0387552,0,0,0,0,0,0,-2.81375,-0.0202201,0,0,0,0,0,0,0.31614,0.0387552,0,0,0,0,0,0,1.309,0.00775105,0,0,0,0,0,0,-2.81087,0.0202201,
372,0,0,0,0,0,0,0.107326,-0.0542573,0,0,0,0,0,0,1.32199,0.0581329,0,0,0,0,0,0,-2.83482,-0.00808805,0,0,0,0,0,0,-0.057974,0.0232531,0,0,0,0,0,0,1.30255,-0.0503818,0,0,0,0,0,0,-2.8047,0.0566163,0,0,0,0,0,0,-0.296793,0.00775105,0,0,0,0,0,0,1.31642,0.0426308,0,0,0,0,0,0,-2.81373,0.00606604,0,0,0,0,0,0,0.31614,0.0387552,0,0,0,0,0,0,1.30897,-0.0581329,0,0,0,0,0,0,-2.81087,0.0202201,
373,0,0,0,0,0,0,0.107326,-0.0271287,0,0,0,0,0,0,1.32199,0.0542573,0,0,0,0,0,0,-2.83484,-0.00808805,0,0,0,0,0,0,-0.057974,0.00387552,0,0,0,0,0,0,1.30255,-0.0387552,0,0,0,0,0,0,-2.80471,0.0323522,0,0,0,0,0,0,-0.296793,-0.00387552,0,0,0,0,0,0,1.31639,0.0271287,0,0,0,0,0,0,-2.81375,-0.0202201,0,0,0,0,0,0,0.31611,-0.0116266,0,0,0,0,0,0,1.30897,-0.0465063,0,0,0,0,0,0,-2.81089,0,
374,0,0,0,0,0,0,0.107357,0,0,0,0,0,0,0,1.32199,0.0581329,0,0,0,0,0,0,-2.83484,-0.0424623,0,0,0,0,0,0,-0.0580043,-0.0426308,0,0,0,0,0,0,1.30255,-0.0426308,0,0,0,0,0,0,-2.80475,-0.0363962,0,0,0,0,0,0,-0.296763,0.0348797,0,0,0,0,0,0,1.31635,0.0542573,0,0,0,0,0,0,-2.81375,-0.0202201,0,0,0,0,0,0,0.31614,0.0387552,0,0,0,0,0,0,1.30897,-0.0465063,0,0,0,0,0,0,-2.81089,-0.0101101,
375,0,0,0,0,0,0,0.107357,0.0426308,0,0,0,0,0,0,1.32196,-0.00387552,0,0,0,0,0,0,-2.83482,-0.0141541,0,0,0,0,0,0,-0.057974,0.0116266,0,0,0,0,0,0,1.30258,0.0155021,0,0,0,0,0,0,-2.80473,-0.00808805,0,0,0,0,0,0,-0.296793,0.00387552,0,0,0,0,0,0,1.31639,0.0387552,0,0,0,0,0,0,-2.81375,-0.0202201,0,0,0,0,0,0,0.31614,0.0310042,0,0,0,0,0,0,1.309,0,0,0,0,0,0,0,-2.81089,-0.00202201,
376,0,0,0,0,0,0,0.107357,0.0426308,0,0,0,0,0,0,1.32196,0.00387552,0,0,0,0,0,0,-2.83484,-0.0424623,0,0,0,0,0,0,-0.057974,0.0116266,0,0,0,0,0,0,1.30258,0.0193776,0,0,0,0,0,0,-2.80473,0.0222421,0,0,0,0,0,0,-0.296793,0.00387552,0,0,0,0,0,0,1.31635,-0.00387552,0,0,0,0,0,0,-2.81375,-0.0202201,0,0,0,0,0,0,0.31614,0.0426308,0,0,0,0,0,0,1.30903,0.0387552,0,0,0,0,0,0,-2.81087,0.0242641,
377,0,0,0,0,0,0,0.107296,-0.089137,0,0,0,0,0,0,1.32196,0,0,0,0,0,0,0,-2.83482,-0.0101101,0,0,0,0,0,0,-0.057974,0,0,0,0,0,0,0,1.30258,0.00387552,0,0,0,0,0,0,-2.80473,-0.00808805,0,0,0,0,0,0,-0.296763,0.0426308,0,0,0,0,0,0,1.31635,0.0387552,0,0,0,0,0,0,-2.81375,-0.0202201,0,0,0,0,0,0,0.316171,0.0968881,0,0,0,0,0,0,1.30903,0.0503818,0,0,0,0,0,0,-2.81087,0.0242641,
378,0,0,0,0,0,0,0.107357,0.0232531,0,0,0,0,0,0,1.32199,0.0542573,0,0,0,0,0,0,-2.83481,0.0222421,0,0,0,0,0,0,-0.057974,0,0,0,0,0,0,0,1.30255,-0.0387552,0,0,0,0,0,0,-2.8047,0.0424623,0,0,0,0,0,0,-0.296793,0.0387552,0,0,0,0,0,0,1.31635,0,0,0,0,0,0,0,-2.81373,0.0101101,0,0,0,0,0,0,0.31614,0.0387552,0,0,0,0,0,0,1.309,-0.00387552,0,0,0,0,0,0,-2.81087,0.0202201,
379,0,0,0,0,0,0,0.107296,-0.0697594,0,0,0,0,0,0,1.32199,0.0503818,0,0,0,0,0,0,-2.83482,-0.00808805,0,0,0,0,0,0,-0.0580346,-0.0542573,0,0,0,0,0,0,1.30255,-0.0387552,0,0,0,0,0,0,-2.80471,0.0202201,0,0,0,0,0,0,-0.296763,0.0387552,0,0,0,0,0,0,1.31639,0.0581329,0,0,0,0,0,0,-2.81375,-0.0202201,0,0,0,0,0,0,0.31614,0.0387552,0,0,0,0,0,0,1.309,-0.0116266,0,0,0,0,0,0,-2.81087,0.0222421,
380,0,0,0,0,0,0,0.107296,-0.089137,0,0,0,0,0,0,1.32199,0.0542573,0,0,0,0,0,0,-2.83482,-0.00404402,0,0,0,0,0,0,-0.0580043,-0.0271287,0,0,0,0,0,0,1.30258,0.00775105,0,0,0,0,0,0,-2.80473,-0.00808805,0,0,0,0,0,0,-0.296793,-0.0155021,0,0,0,0,0,0,1.31639,0.0387552,0,0,0,0,0,0,-2.81373,0.00606604,0,0,0,0,0,0,0.31614,0.0387552,0,0,0,0,0,0,1.30903,0.0271287,0,0,0,0,0,0,-2.81087,0.0202201,
381,0,0,0,0,0,0,0.107296,-0.0503818,0,0,0,0,0,0,1.32196,0,0,0,0,0,0,0,-2.83481,0.0202201,0,0,0,0,0,0,-0.0580346,-0.0620084,0,0,0,0,0,0,1.30252,-0.0387552,0,0,0,0,0,0,-2.80471,0.0121321,0,0,0,0,0,0,-0.296763,0.0348797,0,0,0,0,0,0,1.31632,-0.0155021,0,0,0,0,0,0,-2.81375,-0.0202201,0,0,0,0,0,0,0.31611,-0.0193776,0,0,0,0,0,0,1.309,-0.0310042,0,0,0,0,0,0,-2.81087,0.0202201,
382,0,0,0,0,0,0,0.107296,-0.0503818,0,0,0,0,0,0,1.32196,-0.0116266,0,0,0,0,0,0,-2.83481,0.0161761,0,0,0,0,0,0,-0.0580346,-0.0620084,0,0,0,0,0,0,1.30252,-0.0387552,0,0,0,0,0,0,-2.80471,0.0121321,0,0,0,0,0,0,-0.296763,0.0348797,0,0,0,0,0,0,1.31635,0.0465063,0,0,0,0,0,0,-2.81375,-0.0202201,0,0,0,0,0,0,0.316171,0.0930126,0,0,0,0,0,0,1.309,-0.0310042,0,0,0,0,0,0,-2.81089,0.00606604,
383,0,0,0,0,0,0,0.107357,0.0232531,0,0,0,0,0,0,1.32199,0.0620084,0,0,0,0,0,0,-2.83482,-0.00202201,0,0,0,0,0,0,-0.057974,0.0271287,0,0,0,0,0,0,1.30255,-0.0426308,0,0,0,0,0,0,-2.80473,-0.0121321,0,0,0,0,0,0,-0.296732,0.0968881,0,0,0,0,0,0,1.31642,0.089137,0,0,0,0,0,0,-2.81375,-0.0202201,0,0,0,0,0,0,0.31611,-0.0193776,0,0,0,0,0,0,1.309,-0.0387552,0,0,0,0,0,0,-2.81089,-0.0101101,
384,0,0,0,0,0,0,0.107326,-0.0697594,0,0,0,0,0,0,1.32199,-0.00387552,0,0,0,0,0,0,-2.83482,-0.0121321,0,0,0,0,0,0,-0.057974,0.0387552,0,0,0,0,0,0,1.30258,0,0,0,0,0,0,0,-2.80471,0.0161761,0,0,0,0,0,0,-0.296763,0.0310042,0,0,0,0,0,0,1.31639,0.0503818,0,0,0,0,0,0,-2.81375,-0.0202201,0,0,0,0,0,0,0.31614,0.0387552,0,0,0,0,0,0,1.30897,-0.0697594,0,0,0,0,0,0,-2.81089,0.0202201,
385,0,0,0,0,0,0,0.107357,0.0271287,0,0,0,0,0,0,1.32199,0.0542573,0,0,0,0,0,0,-2.83484,-0.0424623,0,0,0,0,0,0,-0.057974,0.0271287,0,0,0,0,0,0,1.30258,0,0,0,0,0,0,0,-2.80473,0.00404402,0,0,0,0,0,0,-0.296763,0.0348797,0,0,0,0,0,0,1.31635,-0.0155021,0,0,0,0,0,0,-2.81375,-0.0202201,0,0,0,0,0,0,0.31608,-0.0775105,0,0,0,0,0,0,1.309,-0.0310042,0,0,0,0,0,0,-2.81089,-0.00808805,
386,0,0,0,0,0,0,0.107296,-0.081386,0,0,0,0,0,0,1.32199,0.0542573,0,0,0,0,0,0,-2.83481,0.0141541,0,0,0,0,0,0,-0.057974,0.0271287,0,0,0,0,0,0,1.30258,0.0193776,0,0,0,0,0,0,-2.80471,0.0323522,0,0,0,0,0,0,-0.296793,-0.0193776,0,0,0,0,0,0,1.31639,0.0503818,0,0,0,0,0,0,-2.81375,-0.0141541,0,0,0,0,0,0,0.31614,0.0465063,0,0,0,0,0,0,1.309,-0.0348797,0,0,0,0,0,0,-2.81087,0.0202201,
387,0,0,0,0,0,0,0.107357,0.00775105,0,0,0,0,0,0,1.32196,-0.0193776,0,0,0,0,0,0,-2.83481,0.0222421,0,0,0,0,0,0,-0.0580043,-0.0426308,0,0,0,0,0,0,1.30255,-0.0465063,0,0,0,0,0,0,-2.8047,0.0444843,0,0,0,0,0,0,-0.296793,0.0387552,0,0,0,0,0,0,1.31639,0.0426308,0,0,0,0,0,0,-2.81373,0,0,0,0,0,0,0,0.31611,-0.00775105,0,0,0,0,0,0,1.309,-0.0116266,0,0,0,0,0,0,-2.81087,0.0202201,
388,0,0,0,0,0,0,0.107357,0.0271287,0,0,0,0,0,0,1.32196,0,0,0,0,0,0,0,-2.83481,0.0222421,0,0,0,0,0,0,-0.0580043,-0.0116266,0,0,0,0,0,0,1.30255,-0.0465063,0,0,0,0,0,0,-2.80473,0,0,0,0,0,0,0,-0.296763,0.0387552,0,0,0,0,0,0,1.31639,0.0426308,0,0,0,0,0,0,-2.81373,0.0181981,0,0,0,0,0,0,0.31611,-0.00775105,0,0,0,0,0,0,1.309,-0.00387552,0,0,0,0,0,0,-2.81087,0.0222421,
389,0,0,0,0,0,0,0.107296,-0.089137,0,0,0,0,0,0,1.32196,0.0426308,0,0,0,0,0,0,-2.83481,0.0202201,0,0,0,0,0,0,-0.0580043,-0.0387552,0,0,0,0,0,0,1.30255,0,0,0,0,0,0,0,-2.80473,0,0,0,0,0,0,0,-0.296793,-0.0232531,0,0,0,0,0,0,1.31639,0.0465063,0,0,0,0,0,0,-2.81373,0.0121321,0,0,0,0,0,0,0.31611,0,0,0,0,0,0,0,1.309,-0.0116266,0,0,0,0,0,0,-2.81087,0.0202201,
390,0,0,0,0,0,0,0.107357,-0.00387552,0,0,0,0,0,0,1.32196,-0.0193776,0,0,0,0,0,0,-2.83484,-0.0384182,0,0,0,0,0,0,-0.0580346,-0.0852615,0,0,0,0,0,0,1.30255,-0.0387552,0,0,0,0,0,0,-2.80471,0.0202201,0,0,0,0,0,0,-0.296763,0.0387552,0,0,0,0,0,0,1.31635,-0.0155021,0,0,0,0,0,0,-2.81375,-0.0202201,0,0,0,0,0,0,0.31614,0.0387552,0,0,0,0,0,0,1.309,-0.0155021,0,0,0,0,0,0,-2.81087,0.0202201,
391,0,0,0,0,0,0,0.107357,0.0193776,0,0,0,0,0,0,1.32199,0.0503818,0,0,0,0,0,0,-2.83482,-0.00404402,0,0,0,0,0,0,-0.0580346,-0.0775105,0,0,0,0,0,0,1.30255,-0.0542573,0,0,0,0,0,0,-2.80471,0.0202201,0,0,0,0,0,0,-0.296793,-0.0193776,0,0,0,0,0,0,1.31639,0.0465063,0,0,0,0,0,0,-2.81375,-0.0202201,0,0,0,0,0,0,0.31611,-0.0271287,0,0,0,0,0,0,1.30897,-0.0620084,0,0,0,0,0,0,-2.81089,-0.00404402,
392,0,0,0,0,0,0,0.107357,0.0155021,0,0,0,0,0,0,1.32199,0.0620084,0,0,0,0,0,0,-2.83481,0.0222421,0,0,0,0,0,0,-0.0580346,-0.081386,0,0,0,0,0,0,1.30255,-0.0503818,0,0,0,0,0,0,-2.80471,0.0262862,0,0,0,0,0,0,-0.296763,0.0387552,0,0,0,0,0,0,1.31639,0.0387552,0,0,0,0,0,0,-2.81375,-0.0202201,0,0,0,0,0,0,0.31611,-0.0155021,0,0,0,0,0,0,1.309,-0.00387552,0,0,0,0,0,0,-2.81087,0.0242641,
393,0,0,0,0,0,0,0.107357,0.00387552,0,0,0,0,0,0,1.32196,0,0,0,0,0,0,0,-2.83484,-0.0384182,0,0,0,0,0,0,-0.057974,0.00387552,0,0,0,0,0,0,1.30258,0.00387552,0,0,0,0,0,0,-2.80473,-0.0101101,0,0,0,0,0,0,-0.296763,0.0387552,0,0,0,0,0,0,1.31635,-0.0155021,0,0,0,0,0,0,-2.81375,-0.0202201,0,0,0,0,0,0,0.31614,0.0310042,0,0,0,0,0,0,1.309,-0.0193776,0,0,0,0,0,0,-2.81089,0.0202201,
394,0,0,0,0,0,0,0.107326,-0.0193776,0,0,0,0,0,0,1.32199,0.0581329,0,0,0,0,0,0,-2.83482,-0.0343742,0,0,0,0,0,0,-0.057974,0.0155021,0,0,0,0,0,0,1.30255,-0.0503818,0,0,0,0,0,0,-2.80473,-0.0101101,0,0,0,0,0,0,-0.296763,0.0348797,0,0,0,0,0,0,1.31639,0.0271287,0,0,0,0,0,0,-2.81375,-0.0202201,0,0,0,0,0,0,0.31614,0.0387552,0,0,0,0,0,0,1.30897,-0.00387552,0,0,0,0,0,0,-2.81089,-0.00404402,
395,0,0,0,0,0,0,0.107357,0.0232531,0,0,0,0,0,0,1.32196,-0.00387552,0,0,0,0,0,0,-2.83484,-0.0101101,0,0,0,0,0,0,-0.057974,0,0,0,0,0,0,0,1.30255,-0.0503818,0,0,0,0,0,0,-2.80471,0.0283082,0,0,0,0,0,0,-0.296793,-0.0348797,0,0,0,0,0,0,1.31635,-0.0155021,0,0,0,0,0,0,-2.81375,-0.0202201,0,0,0,0,0,0,0.31611,-0.0193776,0,0,0,0,0,0,1.309,-0.00775105,0,0,0,0,0,0,-2.81087,0.0202201,
396,0,0,0,0,0,0,0.107357,0.0310042,0,0,0,0,0,0,1.32196,-0.00387552,0,0,0,0,0,0,-2.83484,-0.0505503,0,0,0,0,0,0,-0.0580346,-0.108515,0,0,0,0,0,0,1.30255,-0.0387552,0,0,0,0,0,0,-2.80471,0.0222421,0,0,0,0,0,0,-0.296763,0.0348797,0,0,0,0,0,0,1.31639,0.0581329,0,0,0,0,0,0,-2.81373,0.00404402,0,0,0,0,0,0,0.31611,-0.0193776,0,0,0,0,0,0,1.309,0,0,0,0,0,0,0,-2.81087,0.0283082,
397,0,0,0,0,0,0,0.107326,0.0387552,0,0,0,0,0,0,1.32199,0.0387552,0,0,0,0,0,0,-2.83482,0.00404402,0,0,0,0,0,0,-0.0580043,-0.0348797,0,0,0,0,0,0,1.30255,-0.0465063,0,0,0,0,0,0,-2.8047,0.0485283,0,0,0,0,0,0,-0.296763,0.0426308,0,0,0,0,0,0,1.31639,0.0465063,0,0,0,0,0,0,-2.81373,0.0161761,0,0,0,0,0,0,0.31611,-0.00387552,0,0,0,0,0,0,1.309,-0.0116266,0,0,0,0,0,0,-2.81087,0.0202201,
398,0,0,0,0,0,0,0.107357,0.0271287,0,0,0,0,0,0,1.32196,-0.0155021,0,0,0,0,0,0,-2.83482,0,0,0,0,0,0,0,-0.057974,0.0155021,0,0,0,0,0,0,1.30258,0.00387552,0,0,0,0,0,0,-2.80473,-0.00606604,0,0,0,0,0,0,-0.296763,0.0465063,0,0,0,0,0,0,1.31639,0.0387552,0,0,0,0,0,0,-2.81373,0.0101101,0,0,0,0,0,0,0.31614,0.0387552,0,0,0,0,0,0,1.309,-0.0232531,0,0,0,0,0,0,-2.81087,0.0202201,
399,0,0,0,0,0,0,0.107296,-0.0658839,0,0,0,0,0,0,1.32196,-0.00387552,0,0,0,0,0,0,-2.83481,0.0141541,0,0,0,0,0,0,-0.0580346,-0.0852615,0,0,0,0,0,0,1.30255,-0.0620084,0,0,0,0,0,0,-2.80471,0.0202201,0,0,0,0,0,0,-0.296763,0.0465063,0,0,0,0,0,0,1.31635,0.0155021,0,0,0,0,0,0,-2.81375,-0.0161761,0,0,0,0,0,0,0.31614,0.0387552,0,0,0,0,0,0,1.30903,0.0542573,0,0,0,0,0,0,-2.81087,0.0262862,
400,0,0,0,0,0,0,0.107326,-0.0503818,0,0,0,0,0,0,1.32196,-0.0116266,0,0,0,0,0,0,-2.83485,-0.0566163,0,0,0,0,0,0,-0.0580043,-0.0310042,0,0,0,0,0,0,1.30255,-0.0503818,0,0,0,0,0,0,-2.80471,0.0222421,0,0,0,0,0,0,-0.296763,0.0387552,0,0,0,0,0,0,1.31635,-0.00775105,0,0,0,0,0,0,-2.81375,-0.0283082,0,0,0,0,0,0,0.31608,-0.073635,0,0,0,0,0,0,1.309,-0.0581329,0,0,0,0,0,0,-2.81087,0.0323522,
401,0,0,0,0,0,0,0.107326,-0.0503818,0,0,0,0,0,0,1.32196,0,0,0,0,0,0,0,-2.83481,0.0303302,0,0,0,0,0,0,-0.057974,0,0,0,0,0,0,0,1.30255,-0.0503818,0,0,0,0,0,0,-2.80473,0.0242641,0,0,0,0,0,0,-0.296763,0.0387552,0,0,0,0,0,0,1.31639,0.0387552,0,0,0,0,0,0,-2.81375,0.00808805,0,0,0,0,0,0,0.31611,-0.0232531,0,0,0,0,0,0,1.309,-0.0271287,0,0,0,0,0,0,-2.81087,0.0202201,
402,0,0,0,0,0,0,0.107296,-0.089137,0,0,0,0,0,0,1.32196,-0.0193776,0,0,0,0,0,0,-2.83482,-0.00404402,0,0,0,0,0,0,-0.0580043,-0.0542573,0,0,0,0,0,0,1.30258,0.0193776,0,0,0,0,0,0,-2.80471,0.0262862,0,0,0,0,0,0,-0.296763,0.0387552,0,0,0,0,0,0,1.31635,0,0,0,0,0,0,0,-2.81375,-0.0181981,0,0,0,0,0,0,0.31614,0.0387552,0,0,0,0,0,0,1.30897,-0.0697594,0,0,0,0,0,0,-2.81087,0.0161761,
403,0,0,0,0,0,0,0.107357,0.0232531,0,0,0,0,0,0,1.32196,-0.00387552,0,0,0,0,0,0,-2.83482,0,0,0,0,0,0,0,-0.057974,0.0193776,0,0,0,0,0,0,1.30258,0,0,0,0,0,0,0,-2.80471,0.0283082,0,0,0,0,0,0,-0.296793,-0.0116266,0,0,0,0,0,0,1.31635,0.0542573,0,0,0,0,0,0,-2.81375,-0.0222421,0,0,0,0,0,0,0.31614,0.0387552,0,0,0,0,0,0,1.309,-0.0116266,0,0,0,0,0,0,-2.81087,0.0202201,
404,0,0,0,0,0,0,0.107296,-0.0930126,0,0,0,0,0,0,1.32196,0.00775105,0,0,0,0,0,0,-2.83481,0.0242641,0,0,0,0,0,0,-0.0580043,-0.0387552,0,0,0,0,0,0,1.30255,-0.0387552,0,0,0,0,0,0,-2.80473,0.00606604,0,0,0,0,0,0,-0.296763,0.0426308,0,0,0,0,0,0,1.31635,-0.0155021,0,0,0,0,0,0,-2.81375,-0.0262862,0,0,0,0,0,0,0.31614,0.0465063,0,0,0,0,0,0,1.309,-0.00775105,0,0,0,0,0,0,-2.81087,0.0202201,
405,0,0,0,0,0,0,0.107326,-0.0232531,0,0,0,0,0,0,1.32196,0,0,0,0,0,0,0,-2.83481,0.0303302,0,0,0,0,0,0,-0.057974,0.00387552,0,0,0,0,0,0,1.30255,-0.0387552,0,0,0,0,0,0,-2.80471,0.0121321,0,0,0,0,0,0,-0.296763,0.0465063,0,0,0,0,0,0,1.31635,-0.0193776,0,0,0,0,0,0,-2.81373,0.0101101,0,0,0,0,0,0,0.31614,0.0387552,0,0,0,0,0,0,1.309,-0.0116266,0,0,0,0,0,0,-2.81089,0.0161761,
406,0,0,0,0,0,0,0.107296,-0.081386,0,0,0,0,0,0,1.32196,-0.00387552,0,0,0,0,0,0,-2.83484,-0.0303302,0,0,0,0,0,0,-0.057974,0.00387552,0,0,0,0,0,0,1.30255,-0.0581329,0,0,0,0,0,0,-2.80473,-0.0141541,0,0,0,0,0,0,-0.296763,0.0542573,0,0,0,0,0,0,1.31635,-0.0116266,0,0,0,0,0,0,-2.81375,-0.0202201,0,0,0,0,0,0,0.316171,0.100764,0,0,0,0,0,0,1.309,-0.073635,0,0,0,0,0,0,-2.81087,0.0242641,
407,0,0,0,0,0,0,0.107357,0.00775105,0,0,0,0,0,0,1.32196,0,0,0,0,0,0,0,-2.83482,0,0,0,0,0,0,0,-0.057974,-0.00775105,0,0,0,0,0,0,1.30255,-0.0348797,0,0,0,0,0,0,-2.80473,-0.0101101,0,0,0,0,0,0,-0.296763,0.0387552,0,0,0,0,0,0,1.31639,0.0387552,0,0,0,0,0,0,-2.81372,0.0283082,0,0,0,0,0,0,0.31614,0.0387552,0,0,0,0,0,0,1.30897,-0.0116266,0,0,0,0,0,0,-2.81087,0.0202201,
408,0,0,0,0,0,0,0.107326,-0.0348797,0,0,0,0,0,0,1.32199,0.0581329,0,0,0,0,0,0,-2.83481,0.0283082,0,0,0,0,0,0,-0.057974,0.0155021,0,0,0,0,0,0,1.30258,0,0,0,0,0,0,0,-2.80473,0,0,0,0,0,0,0,-0.296793,-0.0116266,0,0,0,0,0,0,1.31639,0.0503818,0,0,0,0,0,0,-2.81373,0.00808805,0,0,0,0,0,0,0.31614,0.0387552,0,0,0,0,0,0,1.30897,-0.0697594,0,0,0,0,0,0,-2.81087,0.0222421,
409,0,0,0,0,0,0,0.107357,0.0155021,0,0,0,0,0,0,1.32196,-0.0116266,0,0,0,0,0,0,-2.83484,-0.0303302,0,0,0,0,0,0,-0.0580043,-0.0348797,0,0,0,0,0,0,1.30258,0,0,0,0,0,0,0,-2.80471,0.0242641,0,0,0,0,0,0,-0.296763,0.0310042,0,0,0,0,0,0,1.31639,0.0387552,0,0,0,0,0,0,-2.81377,-0.0505503,0,0,0,0,0,0,0.31614,0.0426308,0,0,0,0,0,0,1.30897,-0.0581329,0,0,0,0,0,0,-2.81087,0.0181981,
410,0,0,0,0,0,0,0.107296,-0.0968881,0,0,0,0,0,0,1.32199,0.0542573,0,0,0,0,0,0,-2.83482,-0.00808805,0,0,0,0,0,0,-0.057974,0.0193776,0,0,0,0,0,0,1.30261,0.0542573,0,0,0,0,0,0,-2.80471,0.0283082,0,0,0,0,0,0,-0.296793,-0.0193776,0,0,0,0,0,0,1.31635,-0.0155021,0,0,0,0,0,0,-2.81375,-0.0222421,0,0,0,0,0,0,0.31614,0.0581329,0,0,0,0,0,0,1.30897,-0.0620084,0,0,0,0,0,0,-2.81087,0.0222421,
411,0,0,0,0,0,0,0.107296,-0.0193776,0,0,0,0,0,0,1.32196,0.00775105,0,0,0,0,0,0,-2.83482,0.00606604,0,0,0,0,0,0,-0.057974,0.00387552,0,0,0,0,0,0,1.30255,-0.0581329,0,0,0,0,0,0,-2.80471,0.0283082,0,0,0,0,0,0,-0.296793,-0.00387552,0,0,0,0,0,0,1.31639,0.0387552,0,0,0,0,0,0,-2.81373,0.0101101,0,0,0,0,0,0,0.31614,0.0387552,0,0,0,0,0,0,1.309,-0.00775105,0,0,0,0,0,0,-2.81087,0.0222421,
412,0,0,0,0,0,0,0.107326,-0.0271287,0,0,0,0,0,0,1.32199,0.0465063,0,0,0,0,0,0,-2.83484,-0.0465063,0,0,0,0,0,0,-0.057974,0.00387552,0,0,0,0,0,0,1.30261,0.073635,0,0,0,0,0,0,-2.80473,0.00808805,0,0,0,0,0,0,-0.296763,0.0232531,0,0,0,0,0,0,1.31639,0.0465063,0,0,0,0,0,0,-2.81375,-0.0222421,0,0,0,0,0,0,0.31614,0.0387552,0,0,0,0,0,0,1.309,0,0,0,0,0,0,0,-2.81087,0.0202201,
413,0,0,0,0,0,0,0.107326,-0.0271287,0,0,0,0,0,0,1.32196,-0.0116266,0,0,0,0,0,0,-2.83482,-0.00606604,0,0,0,0,0,0,-0.057974,0,0,0,0,0,0,0,1.30255,-0.0426308,0,0,0,0,0,0,-2.80473,0.00202201,0,0,0,0,0,0,-0.296793,-0.0232531,0,0,0,0,0,0,1.31635,-0.00775105,0,0,0,0,0,0,-2.81373,0.0161761,0,0,0,0,0,0,0.31611,-0.0232531,0,0,0,0,0,0,1.309,-0.0155021,0,0,0,0,0,0,-2.81087,0.0202201,
414,0,0,0,0,0,0,0.107357,0.0348797,0,0,0,0,0,0,1.32196,0.00387552,0,0,0,0,0,0,-2.83484,-0.0343742,0,0,0,0,0,0,-0.057974,0,0,0,0,0,0,0,1.30255,-0.0387552,0,0,0,0,0,0,-2.80471,0.0242641,0,0,0,0,0,0,-0.296763,0.0387552,0,0,0,0,0,0,1.31639,0.0232531,0,0,0,0,0,0,-2.81375,-0.0202201,0,0,0,0,0,0,0.31614,0.0503818,0,0,0,0,0,0,1.30897,-0.0542573,0,0,0,0,0,0,-2.81089,-0.00404402,
415,0,0,0,0,0,0,0.107296,-0.0775105,0,0,0,0,0,0,1.32196,-0.0193776,0,0,0,0,0,0,-2.83481,0.0181981,0,0,0,0,0,0,-0.057974,0.0232531,0,0,0,0,0,0,1.30261,0.0697594,0,0,0,0,0,0,-2.80471,0.0202201,0,0,0,0,0,0,-0.296763,0.0465063,0,0,0,0,0,0,1.31639,0.0310042,0,0,0,0,0,0,-2.81375,-0.0222421,0,0,0,0,0,0,0.31611,-0.0116266,0,0,0,0,0,0,1.309,0,0,0,0,0,0,0,-2.81087,0.0222421,
416,0,0,0,0,0,0,0.107296,-0.081386,0,0,0,0,0,0,1.32199,0,0,0,0,0,0,0,-2.83484,-0.0283082,0,0,0,0,0,0,-0.057974,0,0,0,0,0,0,0,1.30258,0.0193776,0,0,0,0,0,0,-2.80473,-0.00606604,0,0,0,0,0,0,-0.296763,0.0542573,0,0,0,0,0,0,1.31635,-0.00387552,0,0,0,0,0,0,-2.81375,-0.0181981,0,0,0,0,0,0,0.31611,-0.0116266,0,0,0,0,0,0,1.309,-0.0310042,0,0,0,0,0,0,-2.81087,0.0202201,
417,0,0,0,0,0,0,0.107357,0.0348797,0,0,0,0,0,0,1.32199,0.0465063,0,0,0,0,0,0,-2.83482,0,0,0,0,0,0,0,-0.0580043,-0.0581329,0,0,0,0,0,0,1.30258,0.0116266,0,0,0,0,0,0,-2.80473,0.0202201,0,0,0,0,0,0,-0.296763,0.0426308,0,0,0,0,0,0,1.31635,-0.0232531,0,0,0,0,0,0,-2.81375,-0.0181981,0,0,0,0,0,0,0.31611,-0.0116266,0,0,0,0,0,0,1.30897,-0.0503818,0,0,0,0,0,0,-2.81089,0,
418,0,0,0,0,0,0,0.107326,-0.0155021,0,0,0,0,0,0,1.32196,-0.0193776,0,0,0,0,0,0,-2.83484,-0.0343742,0,0,0,0,0,0,-0.057974,0,0,0,0,0,0,0,1.30255,-0.00387552,0,0,0,0,0,0,-2.80473,-0.00404402,0,0,0,0,0,0,-0.296763,0.0387552,0,0,0,0,0,0,1.31642,0.0852615,0,0,0,0,0,0,-2.81377,-0.0465063,0,0,0,0,0,0,0.31614,0.0387552,0,0,0,0,0,0,1.309,0,0,0,0,0,0,0,-2.81087,0.0222421,
419,0,0,0,0,0,0,0.107326,-0.0232531,0,0,0,0,0,0,1.32199,0.0581329,0,0,0,0,0,0,-2.83484,-0.0404403,0,0,0,0,0,0,-0.057974,-0.0116266,0,0,0,0,0,0,1.30255,-0.0426308,0,0,0,0,0,0,-2.80471,0.0323522,0,0,0,0,0,0,-0.296763,0.0348797,0,0,0,0,0,0,1.31639,0.0465063,0,0,0,0,0,0,-2.81373,0.00202201,0,0,0,0,0,0,0.31611,-0.0193776,0,0,0,0,0,0,1.30897,-0.0503818,0,0,0,0,0,0,-2.81091,-0.0343742,
420,0,0,0,0,0,0,0.107357,0.0426308,0,0,0,0,0,0,1.32196,-0.0116266,0,0,0,0,0,0,-2.83484,-0.0424623,0,0,0,0,0,0,-0.057974,0.0387552,0,0,0,0,0,0,1.30255,-0.0426308,0,0,0,0,0,0,-2.80471,0.0222421,0,0,0,0,0,0,-0.296732,0.0968881,0,0,0,0,0,0,1.31639,-0.0155021,0,0,0,0,0,0,-2.81375,-0.0242641,0,0,0,0,0,0,0.31611,-0.00387552,0,0,0,0,0,0,1.309,0.0193776,0,0,0,0,0,0,-2.81089,-0.00404402,
421,0,0,0,0,0,0,0.107296,-0.081386,0,0,0,0,0,0,1.32196,0,0,0,0,0,0,0,-2.83484,-0.0323522,0,0,0,0,0,0,-0.057974,0,0,0,0,0,0,0,1.30258,0,0,0,0,0,0,0,-2.80471,0.0242641,0,0,0,0,0,0,-0.296793,-0.0155021,0,0,0,0,0,0,1.31639,0.0271287,0,0,0,0,0,0,-2.81373,0.00808805,0,0,0,0,0,0,0.31611,-0.0193776,0,0,0,0,0,0,1.309,0.0193776,0,0,0,0,0,0,-2.81089,-0.00404402,
422,0,0,0,0,0,0,0.107296,-0.073635,0,0,0,0,0,0,1.32199,-0.0193776,0,0,0,0,0,0,-2.83482,-0.00404402,0,0,0,0,0,0,-0.057974,0.0116266,0,0,0,0,0,0,1.30258,0.0193776,0,0,0,0,0,0,-2.80473,-0.00808805,0,0,0,0,0,0,-0.296763,0.0387552,0,0,0,0,0,0,1.31639,0.0387552,0,0,0,0,0,0,-2.81375,-0.0202201,0,0,0,0,0,0,0.31611,-0.0193776,0,0,0,0,0,0,1.30897,0,0,0,0,0,0,0,-2.81087,0.0222421,
423,0,0,0,0,0,0,0.107357,0.0348797,0,0,0,0,0,0,1.32196,0,0,0,0,0,0,0,-2.83481,0.0262862,0,0,0,0,0,0,-0.057974,0,0,0,0,0,0,0,1.30261,0.0658839,0,0,0,0,0,0,-2.80473,-0.00404402,0,0,0,0,0,0,-0.296763,0.0271287,0,0,0,0,0,0,1.31642,0.089137,0,0,0,0,0,0,-2.81375,-0.0202201,0,0,0,0,0,0,0.31608,-0.073635,0,0,0,0,0,0,1.30897,-0.0465063,0,0,0,0,0,0,-2.81087,0.0222421,
424,0,0,0,0,0,0,0.107326,-0.00387552,0,0,0,0,0,0,1.32196,0,0,0,0,0,0,0,-2.83482,-0.0121321,0,0,0,0,0,0,-0.057974,0,0,0,0,0,0,0,1.30255,-0.0542573,0,0,0,0,0,0,-2.80473,-0.0101101,0,0,0,0,0,0,-0.296793,-0.0116266,0,0,0,0,0,0,1.31635,-0.0116266,0,0,0,0,0,0,-2.81375,-0.0121321,0,0,0,0,0,0,0.316171,0.0968881,0,0,0,0,0,0,1.309,0,0,0,0,0,0,0,-2.81089,-0.0101101,
425,0,0,0,0,0,0,0.107357,0.0387552,0,0,0,0,0,0,1.32199,0.0620084,0,0,0,0,0,0,-2.83481,0.0283082,0,0,0,0,0,0,-0.057974,0,0,0,0,0,0,0,1.30252,-0.0852615,0,0,0,0,0,0,-2.80475,-0.0384182,0,0,0,0,0,0,-0.296793,-0.0193776,0,0,0,0,0,0,1.31639,0.0387552,0,0,0,0,0,0,-2.81377,-0.0485283,0,0,0,0,0,0,0.31614,0.0348797,0,0,0,0,0,0,1.309,0,0,0,0,0,0,0,-2.81087,0.0202201,
426,0,0,0,0,0,0,0.107326,-0.0271287,0,0,0,0,0,0,1.32199,0.0581329,0,0,0,0,0,0,-2.83484,-0.0303302,0,0,0,0,0,0,-0.0580346,-0.0968881,0,0,0,0,0,0,1.30258,0.00775105,0,0,0,0,0,0,-2.80473,0.00808805,0,0,0,0,0,0,-0.296763,0.0426308,0,0,0,0,0,0,1.31639,0.0387552,0,0,0,0,0,0,-2.81373,0.00808805,0,0,0,0,0,0,0.31614,0.0271287,0,0,0,0,0,0,1.30903,0,0,0,0,0,0,0,-2.81091,-0.0303302,
427,0,0,0,0,0,0,0.107326,-0.0581329,0,0,0,0,0,0,1.32196,-0.00775105,0,0,0,0,0,0,-2.83482,0,0,0,0,0,0,0,-0.057974,0.0155021,0,0,0,0,0,0,1.30255,-0.0387552,0,0,0,0,0,0,-2.8047,0.0485283,0,0,0,0,0,0,-0.296763,0.0387552,0,0,0,0,0,0,1.31642,0.089137,0,0,0,0,0,0,-2.81375,-0.0161761,0,0,0,0,0,0,0.31614,0.0930126,0,0,0,0,0,0,1.309,0.00387552,0,0,0,0,0,0,-2.81087,0.0262862,
428,0,0,0,0,0,0,0.107357,0.0310042,0,0,0,0,0,0,1.32196,-0.0155021,0,0,0,0,0,0,-2.83481,-0.00404402,0,0,0,0,0,0,-0.0580043,-0.0465063,0,0,0,0,0,0,1.30258,0.0193776,0,0,0,0,0,0,-2.80473,-0.0101101,0,0,0,0,0,0,-0.296763,0.0387552,0,0,0,0,0,0,1.31642,0.0968881,0,0,0,0,0,0,-2.81375,-0.0202201,0,0,0,0,0,0,0.31614,0.0426308,0,0,0,0,0,0,1.30897,-0.0581329,0,0,0,0,0,0,-2.81087,0.0222421,
429,0,0,0,0,0,0,0.107357,0.0193776,0,0,0,0,0,0,1.32196,0.00387552,0,0,0,0,0,0,-2.83484,-0.0323522,0,0,0,0,0,0,-0.0580043,-0.0465063,0,0,0,0,0,0,1.30258,-0.00775105,0,0,0,0,0,0,-2.80473,0.00202201,0,0,0,0,0,0,-0.296763,0.0387552,0,0,0,0,0,0,1.31635,0,0,0,0,0,0,0,-2.81375,-0.0202201,0,0,0,0,0,0,0.31614,0.0387552,0,0,0,0,0,0,1.30897,-0.0620084,0,0,0,0,0,0,-2.81087,0.0222421,
430,0,0,0,0,0,0,0.107357,0.0193776,0,0,0,0,0,0,1.32196,0,0,0,0,0,0,0,-2.83482,-0.0141541,0,0,0,0,0,0,-0.057974,0,0,0,0,0,0,0,1.30255,-0.0658839,0,0,0,0,0,0,-2.80473,0.00202201,0,0,0,0,0,0,-0.296763,0.0620084,0,0,0,0,0,0,1.31642,0.11239,0,0,0,0,0,0,-2.81373,0.0101101,0,0,0,0,0,0,0.31611,-0.0155021,0,0,0,0,0,0,1.309,0.0116266,0,0,0,0,0,0,-2.81086,0.0485283,
431,0,0,0,0,0,0,0.107296,-0.0930126,0,0,0,0,0,0,1.32196,0,0,0,0,0,0,0,-2.83481,0.0181981,0,0,0,0,0,0,-0.057974,0,0,0,0,0,0,0,1.30261,0.0542573,0,0,0,0,0,0,-2.80471,0.0141541,0,0,0,0,0,0,-0.296793,-0.0155021,0,0,0,0,0,0,1.31635,-0.0155021,0,0,0,0,0,0,-2.81375,-0.0222421,0,0,0,0,0,0,0.31608,-0.0658839,0,0,0,0,0,0,1.30897,-0.0658839,0,0,0,0,0,0,-2.81087,0.0202201,
432,0,0,0,0,0,0,0.107326,-0.0310042,0,0,0,0,0,0,1.32199,0.0387552,0,0,0,0,0,0,-2.83481,0.0222421,0,0,0,0,0,0,-0.057974,0.00775105,0,0,0,0,0,0,1.30258,0.0116266,0,0,0,0,0,0,-2.80475,-0.0161761,0,0,0,0,0,0,-0.296763,0.0387552,0,0,0,0,0,0,1.31632,-0.0581329,0,0,0,0,0,0,-2.81375,-0.0161761,0,0,0,0,0,0,0.31614,0,0,0,0,0,0,0,1.30897,-0.0620084,0,0,0,0,0,0,-2.81087,0.0262862,
433,0,0,0,0,0,0,0.107326,-0.0426308,0,0,0,0,0,0,1.32196,0.00775105,0,0,0,0,0,0,-2.83482,0,0,0,0,0,0,0,-0.0580043,-0.0271287,0,0,0,0,0,0,1.30258,-0.0387552,0,0,0,0,0,0,-2.80473,0.0161761,0,0,0,0,0,0,-0.296763,0.0387552,0,0,0,0,0,0,1.31639,0.0426308,0,0,0,0,0,0,-2.81375,-0.0222421,0,0,0,0,0,0,0.31611,-0.00387552,0,0,0,0,0,0,1.309,0.0155021,0,0,0,0,0,0,-2.81087,0.0121321,
434,0,0,0,0,0,0,0.107296,-0.0930126,0,0,0,0,0,0,1.32199,0.0620084,0,0,0,0,0,0,-2.83484,-0.0485283,0,0,0,0,0,0,-0.0580043,-0.0542573,0,0,0,0,0,0,1.30255,-0.0387552,0,0,0,0,0,0,-2.80473,-0.00606604,0,0,0,0,0,0,-0.296763,0.0387552,0,0,0,0,0,0,1.31639,0.0271287,0,0,0,0,0,0,-2.81373,0.00606604,0,0,0,0,0,0,0.31611,-0.0155021,0,0,0,0,0,0,1.309,-0.0155021,0,0,0,0,0,0,-2.81087,0.0121321,
435,0,0,0,0,0,0,0.107357,-0.0387552,0,0,0,0,0,0,1.32199,0.0503818,0,0,0,0,0,0,-2.83482,-0.0363962,0,0,0,0,0,0,-0.057974,0.0232531,0,0,0,0,0,0,1.30258,0.00775105,0,0,0,0,0,0,-2.80471,0.0283082,0,0,0,0,0,0,-0.296793,-0.0271287,0,0,0,0,0,0,1.31635,-0.0193776,0,0,0,0,0,0,-2.81375,-0.0141541,0,0,0,0,0,0,0.31611,-0.00387552,0,0,0,0,0,0,1.309,0,0,0,0,0,0,0,-2.81087,0.0202201,
436,0,0,0,0,0,0,0.107326,-0.0116266,0,0,0,0,0,0,1.32199,0.0542573,0,0,0,0,0,0,-2.83484,-0.0303302,0,0,0,0,0,0,-0.057974,0.00775105,0,0,0,0,0,0,1.30258,0.0155021,0,0,0,0,0,0,-2.80471,0.0283082,0,0,0,0,0,0,-0.296763,0.0387552,0,0,0,0,0,0,1.31635,-0.0155021,0,0,0,0,0,0,-2.81375,-0.0181981,0,0,0,0,0,0,0.31614,0.0465063,0,0,0,0,0,0,1.309,0.00387552,0,0,0,0,0,0,-2.81087,0.0202201,
437,0,0,0,0,0,0,0.107326,-0.0426308,0,0,0,0,0,0,1.32196,-0.0193776,0,0,0,0,0,0,-2.83481,0.0222421,0,0,0,0,0,0,-0.057974,0.0193776,0,0,0,0,0,0,1.30255,-0.0387552,0,0,0,0,0,0,-2.80471,0.0202201,0,0,0,0,0,0,-0.296793,-0.00387552,0,0,0,0,0,0,1.31639,0.0348797,0,0,0,0,0,0,-2.81375,-0.0202201,0,0,0,0,0,0,0.31611,-0.0193776,0,0,0,0,0,0,1.309,-0.00387552,0,0,0,0,0,0,-2.81089,-0.0141541,
438,0,0,0,0,0,0,0.107326,-0.00387552,0,0,0,0,0,0,1.32196,-0.0193776,0,0,0,0,0,0,-2.83481,0.0222421,0,0,0,0,0,0,-0.0580043,-0.0387552,0,0,0,0,0,0,1.30255,-0.0387552,0,0,0,0,0,0,-2.80471,0.0202201,0,0,0,0,0,0,-0.296793,-0.0193776,0,0,0,0,0,0,1.31639,0.0348797,0,0,0,0,0,0,-2.81375,-0.0202201,0,0,0,0,0,0,0.31611,-0.0193776,0,0,0,0,0,0,1.309,-0.00387552,0,0,0,0,0,0,-2.81089,0,
439,0,0,0,0,0,0,0.107357,-0.0310042,0,0,0,0,0,0,1.32199,0.0503818,0,0,0,0,0,0,-2.83482,-0.00606604,0,0,0,0,0,0,-0.0580346,-0.073635,0,0,0,0,0,0,1.30255,-0.0387552,0,0,0,0,0,0,-2.80473,0.00404402,0,0,0,0,0,0,-0.296763,0.0387552,0,0,0,0,0,0,1.31639,0.0387552,0,0,0,0,0,0,-2.81375,-0.0181981,0,0,0,0,0,0,0.316171,0.100764,0,0,0,0,0,0,1.30897,-0.0465063,0,0,0,0,0,0,-2.81089,-0.00808805,
440,0,0,0,0,0,0,0.107357,0.0271287,0,0,0,0,0,0,1.32202,0.0930126,0,0,0,0,0,0,-2.83484,0.0242641,0,0,0,0,0,0,-0.0580346,-0.089137,0,0,0,0,0,0,1.30258,0,0,0,0,0,0,0,-2.80471,0.0384182,0,0,0,0,0,0,-0.296763,0.0387552,0,0,0,0,0,0,1.31635,-0.0116266,0,0,0,0,0,0,-2.81375,-0.0202201,0,0,0,0,0,0,0.31611,-0.0193776,0,0,0,0,0,0,1.30897,-0.0581329,0,0,0,0,0,0,-2.81087,0.0242641,
441,0,0,0,0,0,0,0.107296,-0.0310042,0,0,0,0,0,0,1.32199,0.0620084,0,0,0,0,0,0,-2.83481,0.0101101,0,0,0,0,0,0,-0.057974,0.0581329,0,0,0,0,0,0,1.30258,-0.0387552,0,0,0,0,0,0,-2.80471,0.0222421,0,0,0,0,0,0,-0.296793,-0.0155021,0,0,0,0,0,0,1.31635,-0.0116266,0,0,0,0,0,0,-2.81373,0.00606604,0,0,0,0,0,0,0.31614,0.0387552,0,0,0,0,0,0,1.309,0.0155021,0,0,0,0,0,0,-2.81087,0.0202201,
442,0,0,0,0,0,0,0.107326,-0.0271287,0,0,0,0,0,0,1.32199,0.0387552,0,0,0,0,0,0,-2.83482,-0.0141541,0,0,0,0,0,0,-0.0580043,-0.0348797,0,0,0,0,0,0,1.30258,0.0193776,0,0,0,0,0,0,-2.80473,0.0222421,0,0,0,0,0,0,-0.296793,0,0,0,0,0,0,0,1.31639,0.0387552,0,0,0,0,0,0,-2.81375,-0.0202201,0,0,0,0,0,0,0.31614,0.0542573,0,0,0,0,0,0,1.309,0.0116266,0,0,0,0,0,0,-2.81089,-0.0101101,
443,0,0,0,0,0,0,0.107326,-0.0155021,0,0,0,0,0,0,1.32196,0,0,0,0,0,0,0,-2.83482,-0.0141541,0,0,0,0,0,0,-0.057974,0.0193776,0,0,0,0,0,0,1.30258,0.0116266,0,0,0,0,0,0,-2.80473,0.0181981,0,0,0,0,0,0,-0.296763,0.0465063,0,0,0,0,0,0,1.31639,0.0465063,0,0,0,0,0,0,-2.81375,-0.0202201,0,0,0,0,0,0,0.31614,0.0503818,0,0,0,0,0,0,1.309,0.0193776,0,0,0,0,0,0,-2.81086,0.0485283,
444,0,0,0,0,0,0,0.107357,0.0271287,0,0,0,0,0,0,1.32199,0.0387552,0,0,0,0,0,0,-2.83484,-0.0363962,0,0,0,0,0,0,-0.057974,0,0,0,0,0,0,0,1.30255,-0.0387552,0,0,0,0,0,0,-2.80473,0.0141541,0,0,0,0,0,0,-0.296763,0.0348797,0,0,0,0,0,0,1.31635,0,0,0,0,0,0,0,-2.81373,0.0101101,0,0,0,0,0,0,0.31614,0.0348797,0,0,0,0,0,0,1.309,0,0,0,0,0,0,0,-2.81086,0.0485283,
445,0,0,0,0,0,0,0.107296,-0.0658839,0,0,0,0,0,0,1.32196,0,0,0,0,0,0,0,-2.83482,-0.0101101,0,0,0,0,0,0,-0.0580043,-0.0426308,0,0,0,0,0,0,1.30255,-0.0658839,0,0,0,0,0,0,-2.80473,0.0283082,0,0,0,0,0,0,-0.296732,0.0930126,0,0,0,0,0,0,1.31639,0.0503818,0,0,0,0,0,0,-2.81373,0.00808805,0,0,0,0,0,0,0.31614,0.0310042,0,0,0,0,0,0,1.30897,-0.0581329,0,0,0,0,0,0,-2.81087,0.0202201,
446,0,0,0,0,0,0,0.107357,0.0310042,0,0,0,0,0,0,1.32199,0,0,0,0,0,0,0,-2.83484,-0.0444843,0,0,0,0,0,0,-0.0580043,-0.0465063,0,0,0,0,0,0,1.30255,-0.0426308,0,0,0,0,0,0,-2.80475,0,0,0,0,0,0,0,-0.296763,0.0387552,0,0,0,0,0,0,1.31639,0.0387552,0,0,0,0,0,0,-2.81373,0.0121321,0,0,0,0,0,0,0.31614,0.0271287,0,0,0,0,0,0,1.30897,-0.0542573,0,0,0,0,0,0,-2.81089,-0.0101101,
447,0,0,0,0,0,0,0.107357,0.00387552,0,0,0,0,0,0,1.32196,0,0,0,0,0,0,0,-2.83481,0.0262862,0,0,0,0,0,0,-0.057974,0.0348797,0,0,0,0,0,0,1.30255,-0.0426308,0,0,0,0,0,0,-2.80475,-0.0181981,0,0,0,0,0,0,-0.296793,-0.0193776,0,0,0,0,0,0,1.31639,0.0426308,0,0,0,0,0,0,-2.81375,-0.0181981,0,0,0,0,0,0,0.31614,0.0271287,0,0,0,0,0,0,1.309,-0.00775105,0,0,0,0,0,0,-2.81089,-0.0101101,
448,0,0,0,0,0,0,0.107296,-0.081386,0,0,0,0,0,0,1.32199,0.0387552,0,0,0,0,0,0,-2.83482,-0.0202201,0,0,0,0,0,0,-0.057974,0.0193776,0,0,0,0,0,0,1.30255,-0.0387552,0,0,0,0,0,0,-2.80473,0.00808805,0,0,0,0,0,0,-0.296763,0.0542573,0,0,0,0,0,0,1.31635,-0.00387552,0,0,0,0,0,0,-2.81375,-0.0202201,0,0,0,0,0,0,0.31611,-0.0193776,0,0,0,0,0,0,1.30897,-0.0581329,0,0,0,0,0,0,-2.81087,0.0363962,
449,0,0,0,0,0,0,0.107357,0.0232531,0,0,0,0,0,0,1.32196,-0.00775105,0,0,0,0,0,0,-2.83481,0.0121321,0,0,0,0,0,0,-0.0580043,-0.0542573,0,0,0,0,0,0,1.30258,0.00775105,0,0,0,0,0,0,-2.80471,0.0303302,0,0,0,0,0,0,-0.296763,0.0465063,0,0,0,0,0,0,1.31635,-0.0193776,0,0,0,0,0,0,-2.81375,-0.0283082,0,0,0,0,0,0,0.31611,0,0,0,0,0,0,0,1.30897,-0.0387552,0,0,0,0,0,0,-2.81089,-0.0101101,
450,0,0,0,0,0,0,0.107357,0.0232531,0,0,0,0,0,0,1.32196,-0.00775105,0,0,0,0,0,0,-2.83484,-0.0465063,0,0,0,0,0,0,-0.0580043,-0.0542573,0,0,0,0,0,0,1.30255,-0.0387552,0,0,0,0,0,0,-2.80473,0.0141541,0,0,0,0,0,0,-0.296763,0.0465063,0,0,0,0,0,0,1.31639,-0.00775105,0,0,0,0,0,0,-2.81375,-0.0181981,0,0,0,0,0,0,0.31611,-0.0155021,0,0,0,0,0,0,1.309,-0.00387552,0,0,0,0,0,0,-2.81089,-0.0101101,
451,0,0,0,0,0,0,0.107357,0.0348797,0,0,0,0,0,0,1.32196,-0.00775105,0,0,0,0,0,0,-2.83482,-0.00202201,0,0,0,0,0,0,-0.057974,0,0,0,0,0,0,0,1.30255,-0.0387552,0,0,0,0,0,0,-2.80473,0.0283082,0,0,0,0,0,0,-0.296763,0.0387552,0,0,0,0,0,0,1.31639,0.0387552,0,0,0,0,0,0,-2.81377,-0.0485283,0,0,0,0,0,0,0.31611,-0.0193776,0,0,0,0,0,0,1.309,-0.00387552,0,0,0,0,0,0,-2.81087,0.0202201,
452,0,0,0,0,0,0,0.107357,0.0193776,0,0,0,0,0,0,1.32196,0.0581329,0,0,0,0,0,0,-2.83484,-0.0404403,0,0,0,0,0,0,-0.0580346,-0.0968881,0,0,0,0,0,0,1.30258,-0.00775105,0,0,0,0,0,0,-2.80473,0.0121321,0,0,0,0,0,0,-0.296763,0.0116266,0,0,0,0,0,0,1.31632,-0.0581329,0,0,0,0,0,0,-2.81373,0.0101101,0,0,0,0,0,0,0.31614,0.0348797,0,0,0,0,0,0,1.309,0,0,0,0,0,0,0,-2.81087,0.0202201,
453,0,0,0,0,0,0,0.107326,-0.0310042,0,0,0,0,0,0,1.32196,-0.0232531,0,0,0,0,0,0,-2.83482,-0.0121321,0,0,0,0,0,0,-0.0580043,-0.0310042,0,0,0,0,0,0,1.30258,0.00775105,0,0,0,0,0,0,-2.80471,0.0262862,0,0,0,0,0,0,-0.296763,0.0348797,0,0,0,0,0,0,1.31639,0.0620084,0,0,0,0,0,0,-2.81373,0,0,0,0,0,0,0,0.31614,0.0348797,0,0,0,0,0,0,1.30897,-0.0426308,0,0,0,0,0,0,-2.81087,0.0202201,
454,0,0,0,0,0,0,0.107296,0.00775105,0,0,0,0,0,0,1.32196,0,0,0,0,0,0,0,-2.83482,-0.00606604,0,0,0,0,0,0,-0.0580346,-0.0852615,0,0,0,0,0,0,1.30258,0.0193776,0,0,0,0,0,0,-2.80471,0.0222421,0,0,0,0,0,0,-0.296793,-0.0193776,0,0,0,0,0,0,1.31635,0,0,0,0,0,0,0,-2.81375,-0.0202201,0,0,0,0,0,0,0.31611,0,0,0,0,0,0,0,1.309,0.0116266,0,0,0,0,0,0,-2.81087,0.0202201,
455,0,0,0,0,0,0,0.107326,-0.0271287,0,0,0,0,0,0,1.32196,-0.00775105,0,0,0,0,0,0,-2.83482,0,0,0,0,0,0,0,-0.057974,0.00387552,0,0,0,0,0,0,1.30255,-0.0620084,0,0,0,0,0,0,-2.80471,0.0262862,0,0,0,0,0,0,-0.296763,0.0426308,0,0,0,0,0,0,1.31639,0.0387552,0,0,0,0,0,0,-2.81373,0.00808805,0,0,0,0,0,0,0.31614,-0.0658839,0,0,0,0,0,0,1.30897,-0.0426308,0,0,0,0,0,0,-2.81089,-0.00404402,
456,0,0,0,0,0,0,0.107357,0.0116266,0,0,0,0,0,0,1.32196,-0.00387552,0,0,0,0,0,0,-2.83481,0.0181981,0,0,0,0,0,0,-0.0579438,0.0542573,0,0,0,0,0,0,1.30255,-0.0310042,0,0,0,0,0,0,-2.80473,0,0,0,0,0,0,0,-0.296763,0.0271287,0,0,0,0,0,0,1.31642,0.100764,0,0,0,0,0,0,-2.81375,0.0101101,0,0,0,0,0,0,0.31614,0.0387552,0,0,0,0,0,0,1.309,0,0,0,0,0,0,0,-2.81087,0.0202201,
457,0,0,0,0,0,0,0.107357,0.0116266,0,0,0,0,0,0,1.32196,0,0,0,0,0,0,0,-2.83482,-0.0101101,0,0,0,0,0,0,-0.0580043,-0.0542573,0,0,0,0,0,0,1.30258,0.00775105,0,0,0,0,0,0,-2.80473,0.00808805,0,0,0,0,0,0,-0.296763,0.0426308,0,0,0,0,0,0,1.31635,-0.00775105,0,0,0,0,0,0,-2.81375,-0.0141541,0,0,0,0,0,0,0.31614,0.0503818,0,0,0,0,0,0,1.309,0,0,0,0,0,0,0,-2.81089,-0.00606604,
458,0,0,0,0,0,0,0.107357,0.0193776,0,0,0,0,0,0,1.32199,0.0581329,0,0,0,0,0,0,-2.83482,0,0,0,0,0,0,0,-0.057974,0.0310042,0,0,0,0,0,0,1.30255,-0.0465063,0,0,0,0,0,0,-2.80473,-0.00606604,0,0,0,0,0,0,-0.296793,-0.0348797,0,0,0,0,0,0,1.31639,0.0581329,0,0,0,0,0,0,-2.81375,-0.0181981,0,0,0,0,0,0,0.31611,-0.0193776,0,0,0,0,0,0,1.309,0.00387552,0,0,0,0,0,0,-2.81089,-0.0101101,
459,0,0,0,0,0,0,0.107357,0.00775105,0,0,0,0,0,0,1.32196,-0.0116266,0,0,0,0,0,0,-2.83484,-0.0303302,0,0,0,0,0,0,-0.057974,0.00387552,0,0,0,0,0,0,1.30255,0.0193776,0,0,0,0,0,0,-2.80473,0.00404402,0,0,0,0,0,0,-0.296763,0.0271287,0,0,0,0,0,0,1.31635,-0.0193776,0,0,0,0,0,0,-2.81375,-0.0242641,0,0,0,0,0,0,0.31614,0.0387552,0,0,0,0,0,0,1.30897,-0.0581329,0,0,0,0,0,0,-2.81087,0.0202201,
460,0,0,0,0,0,0,0.107326,-0.0658839,0,0,0,0,0,0,1.32199,0.0426308,0,0,0,0,0,0,-2.83482,-0.00606604,0,0,0,0,0,0,-0.057974,0.0232531,0,0,0,0,0,0,1.30255,-0.0503818,0,0,0,0,0,0,-2.80473,0,0,0,0,0,0,0,-0.296793,-0.0193776,0,0,0,0,0,0,1.31639,0.0465063,0,0,0,0,0,0,-2.81375,-0.0202201,0,0,0,0,0,0,0.31614,0,0,0,0,0,0,0,1.309,0.00775105,0,0,0,0,0,0,-2.81089,-0.0101101,
461,0,0,0,0,0,0,0.107357,0,0,0,0,0,0,0,1.32199,0.0465063,0,0,0,0,0,0,-2.83482,-0.00606604,0,0,0,0,0,0,-0.057974,0,0,0,0,0,0,0,1.30255,0,0,0,0,0,0,0,-2.80473,0,0,0,0,0,0,0,-0.296793,-0.0193776,0,0,0,0,0,0,1.31639,0.0387552,0,0,0,0,0,0,-2.81373,0.0101101,0,0,0,0,0,0,0.31614,0.0348797,0,0,0,0,0,0,1.30897,-0.0581329,0,0,0,0,0,0,-2.81087,-0.0101101,
462,0,0,0,0,0,0,0.107296,-0.0852615,0,0,0,0,0,0,1.32199,0.0503818,0,0,0,0,0,0,-2.83481,0.0222421,0,0,0,0,0,0,-0.057974,0,0,0,0,0,0,0,1.30258,0,0,0,0,0,0,0,-2.80471,0.00404402,0,0,0,0,0,0,-0.296763,0.0387552,0,0,0,0,0,0,1.31635,-0.00775105,0,0,0,0,0,0,-2.81375,-0.0202201,0,0,0,0,0,0,0.31611,-0.0155021,0,0,0,0,0,0,1.30903,0.0542573,0,0,0,0,0,0,-2.81087,0.0283082,
463,0,0,0,0,0,0,0.107296,-0.0852615,0,0,0,0,0,0,1.32199,0.0503818,0,0,0,0,0,0,-2.83484,-0.0242641,0,0,0,0,0,0,-0.057974,0,0,0,0,0,0,0,1.30258,0.0155021,0,0,0,0,0,0,-2.80473,-0.00606604,0,0,0,0,0,0,-0.296763,0.0387552,0,0,0,0,0,0,1.31635,-0.0193776,0,0,0,0,0,0,-2.81375,-0.0202201,0,0,0,0,0,0,0.31614,0.0387552,0,0,0,0,0,0,1.30897,-0.0465063,0,0,0,0,0,0,-2.81087,0.0283082,
464,0,0,0,0,0,0,0.107326,-0.0348797,0,0,0,0,0,0,1.32196,0,0,0,0,0,0,0,-2.83482,0.00404402,0,0,0,0,0,0,-0.0580346,-0.0968881,0,0,0,0,0,0,1.30258,-0.00387552,0,0,0,0,0,0,-2.80473,-0.0101101,0,0,0,0,0,0,-0.296763,0.0310042,0,0,0,0,0,0,1.31642,0.0968881,0,0,0,0,0,0,-2.81375,-0.0202201,0,0,0,0,0,0,0.31614,0.0387552,0,0,0,0,0,0,1.309,0.00775105,0,0,0,0,0,0,-2.81089,-0.00202201,
465,0,0,0,0,0,0,0.107357,0.00775105,0,0,0,0,0,0,1.32196,-0.0155021,0,0,0,0,0,0,-2.83482,0.00808805,0,0,0,0,0,0,-0.0580346,-0.0968881,0,0,0,0,0,0,1.30255,-0.0465063,0,0,0,0,0,0,-2.80473,-0.00606604,0,0,0,0,0,0,-0.296763,0.0426308,0,0,0,0,0,0,1.31635,-0.0116266,0,0,0,0,0,0,-2.81373,0.00808805,0,0,0,0,0,0,0.31614,0.0387552,0,0,0,0,0,0,1.309,0.0155021,0,0,0,0,0,0,-2.81087,0.0202201,
466,0,0,0,0,0,0,0.107357,0.0193776,0,0,0,0,0,0,1.32196,0,0,0,0,0,0,0,-2.83482,-0.00202201,0,0,0,0,0,0,-0.057974,0.00775105,0,0,0,0,0,0,1.30255,-0.0503818,0,0,0,0,0,0,-2.80471,0.0303302,0,0,0,0,0,0,-0.296763,0.0503818,0,0,0,0,0,0,1.31639,0.0387552,0,0,0,0,0,0,-2.81373,0.00606604,0,0,0,0,0,0,0.31614,0.081386,0,0,0,0,0,0,1.309,0,0,0,0,0,0,0,-2.81087,0.0202201,
467,0,0,0,0,0,0,0.107357,0.0310042,0,0,0,0,0,0,1.32199,0.0387552,0,0,0,0,0,0,-2.83484,-0.0323522,0,0,0,0,0,0,-0.057974,0.00387552,0,0,0,0,0,0,1.30258,0,0,0,0,0,0,0,-2.80473,-0.00404402,0,0,0,0,0,0,-0.296793,-0.0116266,0,0,0,0,0,0,1.31639,0.0581329,0,0,0,0,0,0,-2.81375,-0.0202201,0,0,0,0,0,0,0.31611,-0.00387552,0,0,0,0,0,0,1.309,-0.0387552,0,0,0,0,0,0,-2.81087,0.0202201,
468,0,0,0,0,0,0,0.107357,0.0193776,0,0,0,0,0,0,1.32196,0,0,0,0,0,0,0,-2.83482,0.0121321,0,0,0,0,0,0,-0.0580043,-0.0542573,0,0,0,0,0,0,1.30258,0.00775105,0,0,0,0,0,0,-2.80473,0.0202201,0,0,0,0,0,0,-0.296823,-0.0542573,0,0,0,0,0,0,1.31635,-0.0116266,0,0,0,0,0,0,-2.81375,-0.0161761,0,0,0,0,0,0,0.31614,0.0387552,0,0,0,0,0,0,1.30897,-0.0542573,0,0,0,0,0,0,-2.81089,0,
469,0,0,0,0,0,0,0.107326,-0.0271287,0,0,0,0,0,0,1.32196,0,0,0,0,0,0,0,-2.83484,-0.0283082,0,0,0,0,0,0,-0.057974,0,0,0,0,0,0,0,1.30255,-0.0387552,0,0,0,0,0,0,-2.80473,0.0242641,0,0,0,0,0,0,-0.296763,0.0387552,0,0,0,0,0,0,1.31635,-0.00775105,0,0,0,0,0,0,-2.81375,-0.0202201,0,0,0,0,0,0,0.31614,0.0387552,0,0,0,0,0,0,1.309,0,0,0,0,0,0,0,-2.81087,0.0202201,
470,0,0,0,0,0,0,0.107357,-0.0697594,0,0,0,0,0,0,1.32199,0.0387552,0,0,0,0,0,0,-2.83484,-0.0202201,0,0,0,0,0,0,-0.0580043,-0.0503818,0,0,0,0,0,0,1.30258,0,0,0,0,0,0,0,-2.80471,0.0202201,0,0,0,0,0,0,-0.296732,0.0930126,0,0,0,0,0,0,1.31635,0,0,0,0,0,0,0,-2.81375,-0.0202201,0,0,0,0,0,0,0.31614,0.0465063,0,0,0,0,0,0,1.309,0.00387552,0,0,0,0,0,0,-2.81087,0.0242641,
471,0,0,0,0,0,0,0.107326,-0.0348797,0,0,0,0,0,0,1.32196,0,0,0,0,0,0,0,-2.83484,-0.0384182,0,0,0,0,0,0,-0.0580346,-0.0968881,0,0,0,0,0,0,1.30258,0.0155021,0,0,0,0,0,0,-2.80471,0.0141541,0,0,0,0,0,0,-0.296763,0.0271287,0,0,0,0,0,0,1.31635,-0.0155021,0,0,0,0,0,0,-2.81375,-0.0181981,0,0,0,0,0,0,0.31611,-0.0193776,0,0,0,0,0,0,1.309,0,0,0,0,0,0,0,-2.81089,-0.0101101,
472,0,0,0,0,0,0,0.107357,0.00775105,0,0,0,0,0,0,1.32199,0.0426308,0,0,0,0,0,0,-2.83481,0.0181981,0,0,0,0,0,0,-0.0580043,-0.0116266,0,0,0,0,0,0,1.30255,-0.0542573,0,0,0,0,0,0,-2.80471,0.0303302,0,0,0,0,0,0,-0.296793,-0.0155021,0,0,0,0,0,0,1.31639,0.0426308,0,0,0,0,0,0,-2.81375,-0.0222421,0,0,0,0,0,0,0.31611,-0.0155021,0,0,0,0,0,0,1.309,-0.00387552,0,0,0,0,0,0,-2.81089,-0.00808805,
473,0,0,0,0,0,0,0.107357,0.00775105,0,0,0,0,0,0,1.32196,0,0,0,0,0,0,0,-2.83484,-0.0343742,0,0,0,0,0,0,-0.0580346,-0.0968881,0,0,0,0,0,0,1.30258,0.0155021,0,0,0,0,0,0,-2.8047,0.0525723,0,0,0,0,0,0,-0.296823,-0.0658839,0,0,0,0,0,0,1.31639,0.0387552,0,0,0,0,0,0,-2.81375,-0.0202201,0,0,0,0,0,0,0.31614,0.0426308,0,0,0,0,0,0,1.309,0,0,0,0,0,0,0,-2.81089,-0.0101101,
474,0,0,0,0,0,0,0.107296,-0.0775105,0,0,0,0,0,0,1.32196,-0.00775105,0,0,0,0,0,0,-2.83481,0.0343742,0,0,0,0,0,0,-0.057974,0.00387552,0,0,0,0,0,0,1.30255,-0.0503818,0,0,0,0,0,0,-2.80473,-0.00808805,0,0,0,0,0,0,-0.296793,-0.0193776,0,0,0,0,0,0,1.31635,-0.0232531,0,0,0,0,0,0,-2.81375,-0.0202201,0,0,0,0,0,0,0.31611,-0.0193776,0,0,0,0,0,0,1.309,0,0,0,0,0,0,0,-2.81089,-0.00202201,
475,0,0,0,0,0,0,0.107326,-0.0310042,0,0,0,0,0,0,1.32196,-0.00775105,0,0,0,0,0,0,-2.83484,-0.0343742,0,0,0,0,0,0,-0.057974,0.0193776,0,0,0,0,0,0,1.30255,-0.0581329,0,0,0,0,0,0,-2.80473,-0.0121321,0,0,0,0,0,0,-0.296793,-0.0465063,0,0,0,0,0,0,1.31635,-0.0116266,0,0,0,0,0,0,-2.81375,-0.0202201,0,0,0,0,0,0,0.31614,0.0387552,0,0,0,0,0,0,1.30897,0.00387552,0,0,0,0,0,0,-2.81089,-0.0101101,
476,0,0,0,0,0,0,0.107326,-0.0310042,0,0,0,0,0,0,1.32196,0,0,0,0,0,0,0,-2.83484,-0.0242641,0,0,0,0,0,0,-0.057974,0.0116266,0,0,0,0,0,0,1.30255,-0.0426308,0,0,0,0,0,0,-2.80471,0.0161761,0,0,0,0,0,0,-0.296763,0.0271287,0,0,0,0,0,0,1.31635,0,0,0,0,0,0,0,-2.81375,-0.0181981,0,0,0,0,0,0,0.31611,-0.0193776,0,0,0,0,0,0,1.309,0.0116266,0,0,0,0,0,0,-2.81089,-0.0101101,
477,0,0,0,0,0,0,0.107357,0.0193776,0,0,0,0,0,0,1.32196,-0.0193776,0,0,0,0,0,0,-2.83484,-0.0262862,0,0,0,0,0,0,-0.0580043,-0.0310042,0,0,0,0,0,0,1.30255,-0.0581329,0,0,0,0,0,0,-2.8047,0.0485283,0,0,0,0,0,0,-0.296793,-0.0155021,0,0,0,0,0,0,1.31639,0.0542573,0,0,0,0,0,0,-2.81375,-0.0242641,0,0,0,0,0,0,0.31614,-0.0155021,0,0,0,0,0,0,1.309,-0.0155021,0,0,0,0,0,0,-2.81089,-0.00404402,
478,0,0,0,0,0,0,0.107296,0,0,0,0,0,0,0,1.32196,0.00387552,0,0,0,0,0,0,-2.83484,-0.0222421,0,0,0,0,0,0,-0.057974,0.0503818,0,0,0,0,0,0,1.30255,-0.0387552,0,0,0,0,0,0,-2.80473,0,0,0,0,0,0,0,-0.296732,0.0930126,0,0,0,0,0,0,1.31635,-0.0116266,0,0,0,0,0,0,-2.81375,-0.0202201,0,0,0,0,0,0,0.31614,0.0387552,0,0,0,0,0,0,1.30897,-0.0620084,0,0,0,0,0,0,-2.81089,-0.00808805,
479,0,0,0,0,0,0,0.107357,0.0232531,0,0,0,0,0,0,1.32196,-0.00775105,0,0,0,0,0,0,-2.83485,-0.0121321,0,0,0,0,0,0,-0.057974,0.00387552,0,0,0,0,0,0,1.30255,-0.0387552,0,0,0,0,0,0,-2.80473,-0.00404402,0,0,0,0,0,0,-0.296793,-0.0387552,0,0,0,0,0,0,1.31639,0.0387552,0,0,0,0,0,0,-2.81375,-0.0202201,0,0,0,0,0,0,0.31614,0.0387552,0,0,0,0,0,0,1.309,0.00387552,0,0,0,0,0,0,-2.81089,-0.00606604,
480,0,0,0,0,0,0,0.107326,-0.0116266,0,0,0,0,0,0,1.32199,-0.00775105,0,0,0,0,0,0,-2.83484,-0.0202201,0,0,0,0,0,0,-0.057974,0.0232531,0,0,0,0,0,0,1.30258,0.0193776,0,0,0,0,0,0,-2.80471,0.0222421,0,0,0,0,0,0,-0.296763,0.0155021,0,0,0,0,0,0,1.31639,0.0581329,0,0,0,0,0,0,-2.81375,-0.0262862,0,0,0,0,0,0,0.31614,0.0387552,0,0,0,0,0,0,1.30897,-0.0503818,0,0,0,0,0,0,-2.81087,0.0202201,
481,0,0,0,0,0,0,0.107326,-0.0155021,0,0,0,0,0,0,1.32199,0.0581329,0,0,0,0,0,0,-2.83481,0.0262862,0,0,0,0,0,0,-0.0580043,-0.0193776,0,0,0,0,0,0,1.30255,-0.0465063,0,0,0,0,0,0,-2.80471,0.0262862,0,0,0,0,0,0,-0.296732,0.0697594,0,0,0,0,0,0,1.31635,-0.0116266,0,0,0,0,0,0,-2.81375,-0.0161761,0,0,0,0,0,0,0.31611,-0.0155021,0,0,0,0,0,0,1.30897,0,0,0,0,0,0,0,-2.81087,0.0202201,
482,0,0,0,0,0,0,0.107326,-0.0155021,0,0,0,0,0,0,1.32199,0.0387552,0,0,0,0,0,0,-2.83482,0.0101101,0,0,0,0,0,0,-0.057974,0,0,0,0,0,0,0,1.30258,0.00775105,0,0,0,0,0,0,-2.80473,0.00202201,0,0,0,0,0,0,-0.296732,0.073635,0,0,0,0,0,0,1.31639,0.0581329,0,0,0,0,0,0,-2.81375,-0.0202201,0,0,0,0,0,0,0.31611,-0.0155021,0,0,0,0,0,0,1.309,0.00387552,0,0,0,0,0,0,-2.81089,-0.00606604,
483,0,0,0,0,0,0,0.107357,0.0116266,0,0,0,0,0,0,1.32199,0.0542573,0,0,0,0,0,0,-2.83481,0.0343742,0,0,0,0,0,0,-0.057974,0.0116266,0,0,0,0,0,0,1.30255,-0.0426308,0,0,0,0,0,0,-2.80471,0.0222421,0,0,0,0,0,0,-0.296763,0.0310042,0,0,0,0,0,0,1.31635,-0.0116266,0,0,0,0,0,0,-2.81373,0.00808805,0,0,0,0,0,0,0.31614,-0.0193776,0,0,0,0,0,0,1.30897,-0.0658839,0,0,0,0,0,0,-2.81087,0.0323522,
484,0,0,0,0,0,0,0.107296,-0.0658839,0,0,0,0,0,0,1.32199,0.0387552,0,0,0,0,0,0,-2.83484,-0.0303302,0,0,0,0,0,0,-0.057974,0.0387552,0,0,0,0,0,0,1.30258,-0.0426308,0,0,0,0,0,0,-2.80471,0,0,0,0,0,0,0,-0.296763,0.0387552,0,0,0,0,0,0,1.31639,0.0503818,0,0,0,0,0,0,-2.81375,-0.0242641,0,0,0,0,0,0,0.31608,-0.0620084,0,0,0,0,0,0,1.309,-0.0193776,0,0,0,0,0,0,-2.81087,0.0222421,
485,0,0,0,0,0,0,0.107296,-0.0620084,0,0,0,0,0,0,1.32199,-0.00775105,0,0,0,0,0,0,-2.83482,0,0,0,0,0,0,0,-0.057974,-0.00775105,0,0,0,0,0,0,1.30258,0,0,0,0,0,0,0,-2.80473,-0.00808805,0,0,0,0,0,0,-0.296763,0.0348797,0,0,0,0,0,0,1.31635,0,0,0,0,0,0,0,-2.81375,-0.0202201,0,0,0,0,0,0,0.31614,0.0387552,0,0,0,0,0,0,1.309,0,0,0,0,0,0,0,-2.81087,0.0303302,
486,0,0,0,0,0,0,0.107357,0.00775105,0,0,0,0,0,0,1.32196,0.00775105,0,0,0,0,0,0,-2.83484,-0.0363962,0,0,0,0,0,0,-0.057974,0.0193776,0,0,0,0,0,0,1.30255,-0.0232531,0,0,0,0,0,0,-2.80473,-0.0101101,0,0,0,0,0,0,-0.296763,0.0310042,0,0,0,0,0,0,1.31639,0.0581329,0,0,0,0,0,0,-2.81375,-0.0202201,0,0,0,0,0,0,0.31614,0.0503818,0,0,0,0,0,0,1.30897,-0.0581329,0,0,0,0,0,0,-2.81089,-0.00808805,
487,0,0,0,0,0,0,0.107357,0.0387552,0,0,0,0,0,0,1.32196,-0.0155021,0,0,0,0,0,0,-2.83482,0.0101101,0,0,0,0,0,0,-0.0580043,-0.0271287,0,0,0,0,0,0,1.30258,0.0193776,0,0,0,0,0,0,-2.80473,-0.00202201,0,0,0,0,0,0,-0.296763,0.0387552,0,0,0,0,0,0,1.31635,0.0116266,0,0,0,0,0,0,-2.81375,-0.0202201,0,0,0,0,0,0,0.31611,-0.00387552,0,0,0,0,0,0,1.309,0,0,0,0,0,0,0,-2.81087,0.0222421,
488,0,0,0,0,0,0,0.107296,-0.0930126,0,0,0,0,0,0,1.32193,-0.0542573,0,0,0,0,0,0,-2.83482,-0.00606604,0,0,0,0,0,0,-0.0580346,-0.073635,0,0,0,0,0,0,1.30258,0.0116266,0,0,0,0,0,0,-2.80471,0.0141541,0,0,0,0,0,0,-0.296793,-0.0232531,0,0,0,0,0,0,1.31635,-0.00775105,0,0,0,0,0,0,-2.81375,-0.0161761,0,0,0,0,0,0,0.31614,0.0503818,0,0,0,0,0,0,1.309,-0.00775105,0,0,0,0,0,0,-2.81087,0.0222421,
489,0,0,0,0,0,0,0.107326,-0.0348797,0,0,0,0,0,0,1.32196,0,0,0,0,0,0,0,-2.83484,-0.0303302,0,0,0,0,0,0,-0.057974,0.0465063,0,0,0,0,0,0,1.30255,-0.0310042,0,0,0,0,0,0,-2.80473,0.00606604,0,0,0,0,0,0,-0.296793,-0.0232531,0,0,0,0,0,0,1.31639,0.0581329,0,0,0,0,0,0,-2.81373,0,0,0,0,0,0,0,0.31614,0.0503818,0,0,0,0,0,0,1.30903,0.0542573,0,0,0,0,0,0,-2.81087,0.0222421,
490,0,0,0,0,0,0,0.107296,-0.081386,0,0,0,0,0,0,1.32199,0.0387552,0,0,0,0,0,0,-2.83485,-0.0626824,0,0,0,0,0,0,-0.057974,0.0310042,0,0,0,0,0,0,1.30258,0.0155021,0,0,0,0,0,0,-2.80471,0.0343742,0,0,0,0,0,0,-0.296793,-0.0310042,0,0,0,0,0,0,1.31639,0.0542573,0,0,0,0,0,0,-2.81375,-0.0202201,0,0,0,0,0,0,0.31614,0.0542573,0,0,0,0,0,0,1.309,-0.00387552,0,0,0,0,0,0,-2.81089,-0.00808805,
491,0,0,0,0,0,0,0.107326,-0.0620084,0,0,0,0,0,0,1.32199,0.0503818,0,0,0,0,0,0,-2.83482,-0.00404402,0,0,0,0,0,0,-0.057974,0.0387552,0,0,0,0,0,0,1.30258,0,0,0,0,0,0,0,-2.80471,0.0283082,0,0,0,0,0,0,-0.296763,0.0387552,0,0,0,0,0,0,1.31639,0.0542573,0,0,0,0,0,0,-2.81375,-0.0202201,0,0,0,0,0,0,0.31614,0.0387552,0,0,0,0,0,0,1.30897,-0.0426308,0,0,0,0,0,0,-2.81087,0.0283082,
492,0,0,0,0,0,0,0.107266,-0.124017,0,0,0,0,0,0,1.32196,0,0,0,0,0,0,0,-2.83484,-0.0303302,0,0,0,0,0,0,-0.0580043,-0.0387552,0,0,0,0,0,0,1.30255,-0.0503818,0,0,0,0,0,0,-2.80471,0.0303302,0,0,0,0,0,0,-0.296732,0.081386,0,0,0,0,0,0,1.31635,0.0581329,0,0,0,0,0,0,-2.81375,0.00202201,0,0,0,0,0,0,0.31614,0.0465063,0,0,0,0,0,0,1.309,0,0,0,0,0,0,0,-2.81089,0,
493,0,0,0,0,0,0,0.107357,0,0,0,0,0,0,0,1.32196,-0.0193776,0,0,0,0,0,0,-2.83482,-0.00202201,0,0,0,0,0,0,-0.0580346,-0.089137,0,0,0,0,0,0,1.30255,-0.0542573,0,0,0,0,0,0,-2.80471,0.0202201,0,0,0,0,0,0,-0.296793,-0.0310042,0,0,0,0,0,0,1.31635,-0.00387552,0,0,0,0,0,0,-2.81375,-0.0202201,0,0,0,0,0,0,0.31611,-0.0310042,0,0,0,0,0,0,1.30897,-0.0387552,0,0,0,0,0,0,-2.81087,0.0202201,
494,0,0,0,0,0,0,0.107296,-0.0968881,0,0,0,0,0,0,1.32199,0.0426308,0,0,0,0,0,0,-2.83484,-0.0404403,0,0,0,0,0,0,-0.0580043,-0.00775105,0,0,0,0,0,0,1.30255,-0.0387552,0,0,0,0,0,0,-2.80471,0.0323522,0,0,0,0,0,0,-0.296793,-0.0116266,0,0,0,0,0,0,1.31635,-0.0116266,0,0,0,0,0,0,-2.81373,0.00404402,0,0,0,0,0,0,0.31614,0.0387552,0,0,0,0,0,0,1.309,0,0,0,0,0,0,0,-2.81089,-0.00808805,
495,0,0,0,0,0,0,0.107296,-0.089137,0,0,0,0,0,0,1.32199,0.0387552,0,0,0,0,0,0,-2.83484,-0.0404403,0,0,0,0,0,0,-0.057974,0.0426308,0,0,0,0,0,0,1.30255,-0.0426308,0,0,0,0,0,0,-2.80473,0,0,0,0,0,0,0,-0.296763,0.0348797,0,0,0,0,0,0,1.31635,-0.0155021,0,0,0,0,0,0,-2.81375,-0.0202201,0,0,0,0,0,0,0.31608,-0.073635,0,0,0,0,0,0,1.30897,-0.0426308,0,0,0,0,0,0,-2.81089,-0.00202201,
496,0,0,0,0,0,0,0.107326,-0.0310042,0,0,0,0,0,0,1.32199,0.0542573,0,0,0,0,0,0,-2.83484,-0.0303302,0,0,0,0,0,0,-0.057974,0.0232531,0,0,0,0,0,0,1.30258,0.00775105,0,0,0,0,0,0,-2.80471,0.0202201,0,0,0,0,0,0,-0.296763,0.0387552,0,0,0,0,0,0,1.31639,0.0581329,0,0,0,0,0,0,-2.81375,-0.0242641,0,0,0,0,0,0,0.31614,0.0387552,0,0,0,0,0,0,1.30903,0.0581329,0,0,0,0,0,0,-2.81087,0.0222421,
497,0,0,0,0,0,0,0.107357,0.00775105,0,0,0,0,0,0,1.32196,-0.00387552,0,0,0,0,0,0,-2.83481,0.0222421,0,0,0,0,0,0,-0.0580043,-0.0348797,0,0,0,0,0,0,1.30258,0,0,0,0,0,0,0,-2.80473,-0.00202201,0,0,0,0,0,0,-0.296763,0.0271287,0,0,0,0,0,0,1.31635,-0.0155021,0,0,0,0,0,0,-2.81375,-0.0242641,0,0,0,0,0,0,0.31614,0.0387552,0,0,0,0,0,0,1.309,0,0,0,0,0,0,0,-2.81087,0.0202201,
498,0,0,0,0,0,0,0.107296,-0.116266,0,0,0,0,0,0,1.32196,0.00387552,0,0,0,0,0,0,-2.83482,-0.00404402,0,0,0,0,0,0,-0.057974,0,0,0,0,0,0,0,1.30255,-0.0387552,0,0,0,0,0,0,-2.80471,0.0303302,0,0,0,0,0,0,-0.296732,0.089137,0,0,0,0,0,0,1.31639,0.0387552,0,0,0,0,0,0,-2.81375,-0.0303302,0,0,0,0,0,0,0.31614,0.0387552,0,0,0,0,0,0,1.309,-0.00775105,0,0,0,0,0,0,-2.81087,0.0202201,
499,0,0,0,0,0,0,0.107296,-0.0852615,0,0,0,0,0,0,1.32199,0.0581329,0,0,0,0,0,0,-2.83482,-0.00808805,0,0,0,0,0,0,-0.057974,0,0,0,0,0,0,0,1.30255,-0.0503818,0,0,0,0,0,0,-2.80473,0.00404402,0,0,0,0,0,0,-0.296763,0.0271287,0,0,0,0,0,0,1.31635,-0.00387552,0,0,0,0,0,0,-2.81373,0.0101101,0,0,0,0,0,0,0.31611,-0.0193776,0,0,0,0,0,0,1.309,-0.00775105,0,0,0,0,0,0,-2.81087,0.0283082,
500,0,0,0,0,0,0,0.107357,0,0,0,0,0,0,0,1.32199,0.0465063,0,0,0,0,0,0,-2.83484,-0.00404402,0,0,0,0,0,0,-0.0580043,-0.0581329,0,0,0,0,0,0,1.30261,0.073635,0,0,0,0,0,0,-2.80471,0.0283082,0,0,0,0,0,0,-0.296732,0.0968881,0,0,0,0,0,0,1.31635,-0.00775105,0,0,0,0,0,0,-2.81373,0.00808805,0,0,0,0,0,0,0.31614,0.0465063,0,0,0,0,0,0,1.309,0.00387552,0,0,0,0,0,0,-2.81089,-0.00202201,
501,0,0,0,0,0,0,0.107357,0.0426308,0,0,0,0,0,0,1.32196,0,0,0,0,0,0,0,-2.83482,-0.0202201,0,0,0,0,0,0,-0.057974,0,0,0,0,0,0,0,1.30255,-0.0348797,0,0,0,0,0,0,-2.80473,-0.0101101,0,0,0,0,0,0,-0.296793,-0.0193776,0,0,0,0,0,0,1.31639,0.0387552,0,0,0,0,0,0,-2.81372,0.0384182,0,0,0,0,0,0,0.31614,0.0542573,0,0,0,0,0,0,1.309,0,0,0,0,0,0,0,-2.81087,0.0303302,
502,0,0,0,0,0,0,0.107357,0.0310042,0,0,0,0,0,0,1.32196,-0.00387552,0,0,0,0,0,0,-2.83484,0.0101101,0,0,0,0,0,0,-0.057974,0.00387552,0,0,0,0,0,0,1.30255,-0.0503818,0,0,0,0,0,0,-2.80471,0.0283082,0,0,0,0,0,0,-0.296763,0.0426308,0,0,0,0,0,0,1.31635,0,0,0,0,0,0,0,-2.81375,-0.0202201,0,0,0,0,0,0,0.31611,-0.0116266,0,0,0,0,0,0,1.309,0,0,0,0,0,0,0,-2.81086,0.0485283,
503,0,0,0,0,0,0,0.107296,-0.081386,0,0,0,0,0,0,1.32196,0.00387552,0,0,0,0,0,0,-2.83482,-0.00404402,0,0,0,0,0,0,-0.0580346,-0.104639,0,0,0,0,0,0,1.30255,-0.0426308,0,0,0,0,0,0,-2.80471,0.0202201,0,0,0,0,0,0,-0.296793,-0.0155021,0,0,0,0,0,0,1.31635,0,0,0,0,0,0,0,-2.81375,-0.0202201,0,0,0,0,0,0,0.31611,-0.00775105,0,0,0,0,0,0,1.309,-0.00387552,0,0,0,0,0,0,-2.81089,0.0202201,
504,0,0,0,0,0,0,0.107357,0.0155021,0,0,0,0,0,0,1.32199,0.0387552,0,0,0,0,0,0,-2.83484,-0.0262862,0,0,0,0,0,0,-0.057974,0,0,0,0,0,0,0,1.30255,-0.0426308,0,0,0,0,0,0,-2.80473,0,0,0,0,0,0,0,-0.296732,0.0697594,0,0,0,0,0,0,1.31639,0.0426308,0,0,0,0,0,0,-2.81372,0.0384182,0,0,0,0,0,0,0.31611,-0.0193776,0,0,0,0,0,0,1.309,0,0,0,0,0,0,0,-2.81087,0.0202201,
505,0,0,0,0,0,0,0.107296,-0.0852615,0,0,0,0,0,0,1.32196,0.0155021,0,0,0,0,0,0,-2.83484,-0.0384182,0,0,0,0,0,0,-0.0580043,-0.0542573,0,0,0,0,0,0,1.30258,0,0,0,0,0,0,0,-2.80473,0.00808805,0,0,0,0,0,0,-0.296732,0.0581329,0,0,0,0,0,0,1.31635,0.00387552,0,0,0,0,0,0,-2.81375,-0.0303302,0,0,0,0,0,0,0.31614,0.0387552,0,0,0,0,0,0,1.309,-0.0503818,0,0,0,0,0,0,-2.81089,-0.0101101,
506,0,0,0,0,0,0,0.107357,0.0387552,0,0,0,0,0,0,1.32199,0.0387552,0,0,0,0,0,0,-2.83482,0.00202201,0,0,0,0,0,0,-0.0580043,-0.0503818,0,0,0,0,0,0,1.30258,0.0193776,0,0,0,0,0,0,-2.80471,0.00808805,0,0,0,0,0,0,-0.296702,0.0155021,0,0,0,0,0,0,1.31639,0.0542573,0,0,0,0,0,0,-2.81375,-0.0202201,0,0,0,0,0,0,0.31614,0.0387552,0,0,0,0,0,0,1.309,0.0503818,0,0,0,0,0,0,-2.81089,0.0222421,
507,0,0,0,0,0,0,0.107357,0.0232531,0,0,0,0,0,0,1.32196,-0.0116266,0,0,0,0,0,0,-2.83482,-0.00404402,0,0,0,0,0,0,-0.0580346,-0.0387552,0,0,0,0,0,0,1.30255,-0.0620084,0,0,0,0,0,0,-2.80475,-0.0323522,0,0,0,0,0,0,-0.296732,0.0503818,0,0,0,0,0,0,1.31635,-0.0155021,0,0,0,0,0,0,-2.81375,-0.0303302,0,0,0,0,0,0,0.31614,0.0387552,0,0,0,0,0,0,1.30897,-0.0542573,0,0,0,0,0,0,-2.81087,0.0242641,
508,0,0,0,0,0,0,0.107296,-0.0542573,0,0,0,0,0,0,1.32199,0.0503818,0,0,0,0,0,0,-2.83482,0.0303302,0,0,0,0,0,0,-0.0580043,-0.081386,0,0,0,0,0,0,1.30255,-0.0426308,0,0,0,0,0,0,-2.80471,0.0303302,0,0,0,0,0,0,-0.296763,0.00387552,0,0,0,0,0,0,1.31642,0.0426308,0,0,0,0,0,0,-2.81375,-0.0222421,0,0,0,0,0,0,0.31614,0.0387552,0,0,0,0,0,0,1.309,0.00387552,0,0,0,0,0,0,-2.81087,0.0343742,
509,0,0,0,0,0,0,0.107296,-0.11239,0,0,0,0,0,0,1.32196,0,0,0,0,0,0,0,-2.83484,-0.0404403,0,0,0,0,0,0,-0.057974,0.0387552,0,0,0,0,0,0,1.30258,0,0,0,0,0,0,0,-2.80471,0.0222421,0,0,0,0,0,0,-0.296763,0.00775105,0,0,0,0,0,0,1.31635,-0.0155021,0,0,0,0,0,0,-2.81375,-0.0283082,0,0,0,0,0,0,0.31614,0.0387552,0,0,0,0,0,0,1.30897,-0.0465063,0,0,0,0,0,0,-2.81087,0.0202201,
510,0,0,0,0,0,0,0.107296,-0.0852615,0,0,0,0,0,0,1.32196,-0.00387552,0,0,0,0,0,0,-2.83482,-0.0181981,0,0,0,0,0,0,-0.057974,0.0193776,0,0,0,0,0,0,1.30255,-0.0387552,0,0,0,0,0,0,-2.80473,0.0202201,0,0,0,0,0,0,-0.296732,0.0620084,0,0,0,0,0,0,1.31639,0.0310042,0,0,0,0,0,0,-2.81375,-0.0202201,0,0,0,0,0,0,0.31611,0,0,0,0,0,0,0,1.309,-0.00775105,0,0,0,0,0,0,-2.81087,0.0202201,
511,0,0,0,0,0,0,0.107326,-0.0348797,0,0,0,0,0,0,1.32199,0.0542573,0,0,0,0,0,0,-2.83484,-0.0363962,0,0,0,0,0,0,-0.0580043,-0.0387552,0,0,0,0,0,0,1.30258,0.0155021,0,0,0,0,0,0,-2.80471,0.0283082,0,0,0,0,0,0,-0.296763,0,0,0,0,0,0,0,1.31639,0.0310042,0,0,0,0,0,0,-2.81375,-0.0222421,0,0,0,0,0,0,0.31614,0.0387552,0,0,0,0,0,0,1.309,-0.00775105,0,0,0,0,0,0,-2.81087,0.0242641,
512,0,0,0,0,0,0,0.107296,-0.0581329,0,0,0,0,0,0,1.32199,0.0581329,0,0,0,0,0,0,-2.83482,-0.00808805,0,0,0,0,0,0,-0.0580346,-0.0775105,0,0,0,0,0,0,1.30255,-0.0387552,0,0,0,0,0,0,-2.80473,0.00202201,0,0,0,0,0,0,-0.296793,0,0,0,0,0,0,0,1.31639,0.0542573,0,0,0,0,0,0,-2.81375,-0.0202201,0,0,0,0,0,0,0.31614,0.0387552,0,0,0,0,0,0,1.30897,-0.0465063,0,0,0,0,0,0,-2.81089,-0.00606604,
513,0,0,0,0,0,0,0.107357,0.0116266,0,0,0,0,0,0,1.32196,0,0,0,0,0,0,0,-2.83484,-0.0323522,0,0,0,0,0,0,-0.0580043,-0.0348797,0,0,0,0,0,0,1.30255,-0.0387552,0,0,0,0,0,0,-2.80471,0.0161761,0,0,0,0,0,0,-0.296763,0.0271287,0,0,0,0,0,0,1.31639,0.0542573,0,0,0,0,0,0,-2.81375,-0.0202201,0,0,0,0,0,0,0.31614,0.0387552,0,0,0,0,0,0,1.30897,-0.0620084,0,0,0,0,0,0,-2.81089,-0.0101101,
514,0,0,0,0,0,0,0.107326,-0.0387552,0,0,0,0,0,0,1.32196,-0.0116266,0,0,0,0,0,0,-2.83484,-0.0323522,0,0,0,0,0,0,-0.0580346,-0.0581329,0,0,0,0,0,0,1.30258,-0.00387552,0,0,0,0,0,0,-2.80473,0,0,0,0,0,0,0,-0.296732,0.089137,0,0,0,0,0,0,1.31635,-0.0193776,0,0,0,0,0,0,-2.81375,-0.0262862,0,0,0,0,0,0,0.31614,0.0387552,0,0,0,0,0,0,1.30897,-0.0503818,0,0,0,0,0,0,-2.81089,-0.00606604,
515,0,0,0,0,0,0,0.107357,0.0193776,0,0,0,0,0,0,1.32196,0.00775105,0,0,0,0,0,0,-2.83484,-0.0262862,0,0,0,0,0,0,-0.0580346,-0.073635,0,0,0,0,0,0,1.30255,-0.0426308,0,0,0,0,0,0,-2.80473,0.00404402,0,0,0,0,0,0,-0.296793,-0.0116266,0,0,0,0,0,0,1.31635,-0.0232531,0,0,0,0,0,0,-2.81375,-0.0202201,0,0,0,0,0,0,0.31611,-0.0193776,0,0,0,0,0,0,1.309,0.00387552,0,0,0,0,0,0,-2.81087,0.0202201,
516,0,0,0,0,0,0,0.107296,-0.0852615,0,0,0,0,0,0,1.32196,-0.0155021,0,0,0,0,0,0,-2.83484,-0.0242641,0,0,0,0,0,0,-0.0580346,-0.0697594,0,0,0,0,0,0,1.30255,-0.0581329,0,0,0,0,0,0,-2.80471,0.0141541,0,0,0,0,0,0,-0.296763,0.0232531,0,0,0,0,0,0,1.31639,0.0387552,0,0,0,0,0,0,-2.81373,0.0101101,0,0,0,0,0,0,0.31614,0.0387552,0,0,0,0,0,0,1.309,0.00387552,0,0,0,0,0,0,-2.81089,-0.00808805,
517,0,0,0,0,0,0,0.107357,0.00387552,0,0,0,0,0,0,1.32196,0.00387552,0,0,0,0,0,0,-2.83482,0,0,0,0,0,0,0,-0.0580346,-0.0465063,0,0,0,0,0,0,1.30255,-0.0503818,0,0,0,0,0,0,-2.80473,-0.00606604,0,0,0,0,0,0,-0.296763,0.0193776,0,0,0,0,0,0,1.31642,0.108515,0,0,0,0,0,0,-2.81375,-0.0141541,0,0,0,0,0,0,0.31614,0.0426308,0,0,0,0,0,0,1.309,-0.0581329,0,0,0,0,0,0,-2.81089,-0.00606604,
518,0,0,0,0,0,0,0.107357,0.0232531,0,0,0,0,0,0,1.32199,0.0581329,0,0,0,0,0,0,-2.83482,0.00808805,0,0,0,0,0,0,-0.057974,0.0116266,0,0,0,0,0,0,1.30255,-0.0465063,0,0,0,0,0,0,-2.80473,-0.00202201,0,0,0,0,0,0,-0.296732,0.0155021,0,0,0,0,0,0,1.31635,-0.0193776,0,0,0,0,0,0,-2.81373,0.00808805,0,0,0,0,0,0,0.31614,0.0426308,0,0,0,0,0,0,1.30897,-0.0852615,0,0,0,0,0,0,-2.81086,0.0586384,
519,0,0,0,0,0,0,0.107296,-0.089137,0,0,0,0,0,0,1.32199,0.0387552,0,0,0,0,0,0,-2.83482,0.0101101,0,0,0,0,0,0,-0.057974,0.0465063,0,0,0,0,0,0,1.30258,0,0,0,0,0,0,0,-2.80471,0.0343742,0,0,0,0,0,0,-0.296793,-0.0465063,0,0,0,0,0,0,1.31635,0,0,0,0,0,0,0,-2.81373,0.0101101,0,0,0,0,0,0,0.31614,0.0426308,0,0,0,0,0,0,1.309,-0.0155021,0,0,0,0,0,0,-2.81087,0.0262862,
520,0,0,0,0,0,0,0.107326,-0.0116266,0,0,0,0,0,0,1.32196,0,0,0,0,0,0,0,-2.83484,-0.0202201,0,0,0,0,0,0,-0.057974,0.00387552,0,0,0,0,0,0,1.30255,-0.0271287,0,0,0,0,0,0,-2.80471,0.0161761,0,0,0,0,0,0,-0.296763,0.0387552,0,0,0,0,0,0,1.31635,-0.0193776,0,0,0,0,0,0,-2.81375,-0.0181981,0,0,0,0,0,0,0.31614,0.0426308,0,0,0,0,0,0,1.30897,-0.0581329,0,0,0,0,0,0,-2.81087,0.0283082,
521,0,0,0,0,0,0,0.107326,-0.073635,0,0,0,0,0,0,1.32199,0.0348797,0,0,0,0,0,0,-2.83484,-0.0283082,0,0,0,0,0,0,-0.0580043,-0.0232531,0,0,0,0,0,0,1.30258,0,0,0,0,0,0,0,-2.80473,0,0,0,0,0,0,0,-0.296763,0.0310042,0,0,0,0,0,0,1.31639,0.0387552,0,0,0,0,0,0,-2.81375,-0.0202201,0,0,0,0,0,0,0.31614,0.0503818,0,0,0,0,0,0,1.309,0,0,0,0,0,0,0,-2.81089,-0.00404402,
522,0,0,0,0,0,0,0.107357,0.00775105,0,0,0,0,0,0,1.32196,0,0,0,0,0,0,0,-2.83484,-0.0303302,0,0,0,0,0,0,-0.057974,0.00775105,0,0,0,0,0,0,1.30255,-0.0387552,0,0,0,0,0,0,-2.80473,-0.0101101,0,0,0,0,0,0,-0.296732,0.0387552,0,0,0,0,0,0,1.31635,-0.0232531,0,0,0,0,0,0,-2.81373,0.00808805,0,0,0,0,0,0,0.31614,0.0387552,0,0,0,0,0,0,1.309,0,0,0,0,0,0,0,-2.81089,-0.0101101,
523,0,0,0,0,0,0,0.107357,0.0116266,0,0,0,0,0,0,1.32196,-0.0155021,0,0,0,0,0,0,-2.83482,-0.00202201,0,0,0,0,0,0,-0.057974,0,0,0,0,0,0,0,1.30255,-0.0426308,0,0,0,0,0,0,-2.80473,0.00202201,0,0,0,0,0,0,-0.296763,0.0193776,0,0,0,0,0,0,1.31642,0.104639,0,0,0,0,0,0,-2.81375,0.0101101,0,0,0,0,0,0,0.31614,-0.0193776,0,0,0,0,0,0,1.309,-0.00387552,0,0,0,0,0,0,-2.81089,-0.00202201,
524,0,0,0,0,0,0,0.107387,0.0930126,0,0,0,0,0,0,1.32196,-0.0193776,0,0,0,0,0,0,-2.83482,-0.00404402,0,0,0,0,0,0,-0.057974,0,0,0,0,0,0,0,1.30258,0.0155021,0,0,0,0,0,0,-2.80471,0.0202201,0,0,0,0,0,0,-0.296763,0.0155021,0,0,0,0,0,0,1.31639,0.0348797,0,0,0,0,0,0,-2.81375,-0.0202201,0,0,0,0,0,0,0.31614,0.0387552,0,0,0,0,0,0,1.30897,-0.0620084,0,0,0,0,0,0,-2.81087,0.0222421,
525,0,0,0,0,0,0,0.107296,-0.0968881,0,0,0,0,0,0,1.32196,0.00387552,0,0,0,0,0,0,-2.83482,-0.00404402,0,0,0,0,0,0,-0.057974,0,0,0,0,0,0,0,1.30258,0.0193776,0,0,0,0,0,0,-2.80473,-0.0101101,0,0,0,0,0,0,-0.296732,0.0620084,0,0,0,0,0,0,1.31639,0.0387552,0,0,0,0,0,0,-2.81375,-0.0202201,0,0,0,0,0,0,0.31614,0.0232531,0,0,0,0,0,0,1.309,0,0,0,0,0,0,0,-2.81087,0.0283082,
526,0,0,0,0,0,0,0.107357,0,0,0,0,0,0,0,1.32196,0,0,0,0,0,0,0,-2.83482,0,0,0,0,0,0,0,-0.0580043,-0.0542573,0,0,0,0,0,0,1.30255,-0.0542573,0,0,0,0,0,0,-2.80471,0.0202201,0,0,0,0,0,0,-0.296763,0.0155021,0,0,0,0,0,0,1.31635,-0.0116266,0,0,0,0,0,0,-2.81373,0.0101101,0,0,0,0,0,0,0.31614,0.0503818,0,0,0,0,0,0,1.309,0.00387552,0,0,0,0,0,0,-2.81089,-0.00404402,
527,0,0,0,0,0,0,0.107387,0.0465063,0,0,0,0,0,0,1.32196,0,0,0,0,0,0,0,-2.83484,-0.0303302,0,0,0,0,0,0,-0.057974,-0.00775105,0,0,0,0,0,0,1.30255,-0.0542573,0,0,0,0,0,0,-2.80473,-0.00404402,0,0,0,0,0,0,-0.296763,0,0,0,0,0,0,0,1.31642,0.100764,0,0,0,0,0,0,-2.81375,-0.0161761,0,0,0,0,0,0,0.31611,-0.0155021,0,0,0,0,0,0,1.30897,-0.0465063,0,0,0,0,0,0,-2.81087,0.0202201,
528,0,0,0,0,0,0,0.107296,-0.073635,0,0,0,0,0,0,1.32199,0.0581329,0,0,0,0,0,0,-2.83484,-0.0384182,0,0,0,0,0,0,-0.057974,0.0116266,0,0,0,0,0,0,1.30258,0.0116266,0,0,0,0,0,0,-2.80473,0.00606604,0,0,0,0,0,0,-0.296763,0.00775105,0,0,0,0,0,0,1.31635,0.00775105,0,0,0,0,0,0,-2.81372,0.0363962,0,0,0,0,0,0,0.31614,0.0387552,0,0,0,0,0,0,1.309,0,0,0,0,0,0,0,-2.81087,0.0323522,
529,0,0,0,0,0,0,0.107357,-0.0232531,0,0,0,0,0,0,1.32199,0.0465063,0,0,0,0,0,0,-2.83484,-0.0363962,0,0,0,0,0,0,-0.057974,0.0193776,0,0,0,0,0,0,1.30255,-0.0426308,0,0,0,0,0,0,-2.8047,0.0161761,0,0,0,0,0,0,-0.296793,-0.0387552,0,0,0,0,0,0,1.31639,0.0426308,0,0,0,0,0,0,-2.81375,-0.0202201,0,0,0,0,0,0,0.31611,-0.0155021,0,0,0,0,0,0,1.309,-0.00387552,0,0,0,0,0,0,-2.81089,-0.00606604,
530,0,0,0,0,0,0,0.107387,0.0697594,0,0,0,0,0,0,1.32196,0,0,0,0,0,0,0,-2.83482,0.00606604,0,0,0,0,0,0,-0.057974,0.0232531,0,0,0,0,0,0,1.30255,-0.0581329,0,0,0,0,0,0,-2.80471,0.0222421,0,0,0,0,0,0,-0.296763,0.00387552,0,0,0,0,0,0,1.31635,0.00387552,0,0,0,0,0,0,-2.81373,0.0101101,0,0,0,0,0,0,0.31611,0.0387552,0,0,0,0,0,0,1.309,0,0,0,0,0,0,0,-2.81089,-0.00808805,
531,0,0,0,0,0,0,0.107326,-0.0426308,0,0,0,0,0,0,1.32199,0.0581329,0,0,0,0,0,0,-2.83482,-0.0101101,0,0,0,0,0,0,-0.0580043,-0.0581329,0,0,0,0,0,0,1.30255,-0.0503818,0,0,0,0,0,0,-2.80475,-0.0242641,0,0,0,0,0,0,-0.296763,-0.00775105,0,0,0,0,0,0,1.31639,0.0426308,0,0,0,0,0,0,-2.81375,-0.0242641,0,0,0,0,0,0,0.31614,0.0503818,0,0,0,0,0,0,1.30897,-0.0581329,0,0,0,0,0,0,-2.81087,0.0283082,
532,0,0,0,0,0,0,0.107296,-0.0697594,0,0,0,0,0,0,1.32196,-0.00775105,0,0,0,0,0,0,-2.83482,0.0101101,0,0,0,0,0,0,-0.0580043,-0.0503818,0,0,0,0,0,0,1.30255,-0.0387552,0,0,0,0,0,0,-2.80471,0.0303302,0,0,0,0,0,0,-0.296763,0.0116266,0,0,0,0,0,0,1.31639,0.0426308,0,0,0,0,0,0,-2.81375,-0.0181981,0,0,0,0,0,0,0.31614,0.0503818,0,0,0,0,0,0,1.30897,-0.0581329,0,0,0,0,0,0,-2.81087,0.0202201,
533,0,0,0,0,0,0,0.107296,-0.0232531,0,0,0,0,0,0,1.32196,-0.00387552,0,0,0,0,0,0,-2.83484,-0.0283082,0,0,0,0,0,0,-0.0580043,-0.0387552,0,0,0,0,0,0,1.30258,0,0,0,0,0,0,0,-2.80471,0.0202201,0,0,0,0,0,0,-0.296763,0.00775105,0,0,0,0,0,0,1.31635,-0.0193776,0,0,0,0,0,0,-2.81373,0.00606604,0,0,0,0,0,0,0.31611,-0.0193776,0,0,0,0,0,0,1.309,0,0,0,0,0,0,0,-2.81087,0.0303302,
534,0,0,0,0,0,0,0.107326,-0.0465063,0,0,0,0,0,0,1.32196,0.00775105,0,0,0,0,0,0,-2.83484,-0.0424623,0,0,0,0,0,0,-0.0580043,-0.0503818,0,0,0,0,0,0,1.30255,-0.0387552,0,0,0,0,0,0,-2.80473,0.00808805,0,0,0,0,0,0,-0.296763,0.00775105,0,0,0,0,0,0,1.31635,0,0,0,0,0,0,0,-2.81377,-0.0525723,0,0,0,0,0,0,0.31614,0.0387552,0,0,0,0,0,0,1.30897,-0.0542573,0,0,0,0,0,0,-2.81089,0.0202201,
535,0,0,0,0,0,0,0.107326,-0.0193776,0,0,0,0,0,0,1.32196,0,0,0,0,0,0,0,-2.83482,-0.00808805,0,0,0,0,0,0,-0.057974,0,0,0,0,0,0,0,1.30258,0,0,0,0,0,0,0,-2.80473,0,0,0,0,0,0,0,-0.296732,0.0697594,0,0,0,0,0,0,1.31635,-0.0116266,0,0,0,0,0,0,-2.81375,-0.0202201,0,0,0,0,0,0,0.31614,0.0348797,0,0,0,0,0,0,1.309,0,0,0,0,0,0,0,-2.81087,0.0202201,
536,0,0,0,0,0,0,0.107296,-0.0775105,0,0,0,0,0,0,1.32196,-0.00387552,0,0,0,0,0,0,-2.83482,-0.0101101,0,0,0,0,0,0,-0.057974,0,0,0,0,0,0,0,1.30255,-0.0426308,0,0,0,0,0,0,-2.8047,0.0505503,0,0,0,0,0,0,-0.296732,0.00775105,0,0,0,0,0,0,1.31639,0.0465063,0,0,0,0,0,0,-2.81373,0.0121321,0,0,0,0,0,0,0.31608,-0.073635,0,0,0,0,0,0,1.309,0.00387552,0,0,0,0,0,0,-2.81087,0.0202201,
537,0,0,0,0,0,0,0.107357,0.0271287,0,0,0,0,0,0,1.32199,0.0387552,0,0,0,0,0,0,-2.83484,-0.0343742,0,0,0,0,0,0,-0.0580043,-0.0581329,0,0,0,0,0,0,1.30258,0.0193776,0,0,0,0,0,0,-2.80473,-0.0101101,0,0,0,0,0,0,-0.296793,-0.0465063,0,0,0,0,0,0,1.31639,-0.0116266,0,0,0,0,0,0,-2.81375,-0.0202201,0,0,0,0,0,0,0.31611,0.0542573,0,0,0,0,0,0,1.30897,-0.0465063,0,0,0,0,0,0,-2.81087,0.0262862,
538,0,0,0,0,0,0,0.107296,-0.0620084,0,0,0,0,0,0,1.32199,0.0387552,0,0,0,0,0,0,-2.83482,-0.0161761,0,0,0,0,0,0,-0.0580043,-0.0581329,0,0,0,0,0,0,1.30255,-0.0465063,0,0,0,0,0,0,-2.80473,-0.00404402,0,0,0,0,0,0,-0.296793,-0.0465063,0,0,0,0,0,0,1.31639,0.0465063,0,0,0,0,0,0,-2.81375,-0.0202201,0,0,0,0,0,0,0.31614,0.0387552,0,0,0,0,0,0,1.309,0,0,0,0,0,0,0,-2.81087,0.0262862,
539,0,0,0,0,0,0,0.107357,0.0232531,0,0,0,0,0,0,1.32196,-0.0155021,0,0,0,0,0,0,-2.83482,-0.00202201,0,0,0,0,0,0,-0.057974,0.0155021,0,0,0,0,0,0,1.30258,0,0,0,0,0,0,0,-2.80473,0,0,0,0,0,0,0,-0.296793,-0.0387552,0,0,0,0,0,0,1.31639,0.0465063,0,0,0,0,0,0,-2.81377,-0.0444843,0,0,0,0,0,0,0.31614,0.0581329,0,0,0,0,0,0,1.309,0,0,0,0,0,0,0,-2.81087,0.0283082,
540,0,0,0,0,0,0,0.107357,0.0116266,0,0,0,0,0,0,1.32199,0.0581329,0,0,0,0,0,0,-2.83482,-0.00808805,0,0,0,0,0,0,-0.0580346,-0.089137,0,0,0,0,0,0,1.30258,0.0155021,0,0,0,0,0,0,-2.80471,0.0202201,0,0,0,0,0,0,-0.296763,0.0271287,0,0,0,0,0,0,1.31639,0.0387552,0,0,0,0,0,0,-2.81375,0.0101101,0,0,0,0,0,0,0.31614,0.0387552,0,0,0,0,0,0,1.30897,0.00775105,0,0,0,0,0,0,-2.81087,0.0202201,
541,0,0,0,0,0,0,0.107326,-0.0232531,0,0,0,0,0,0,1.32199,0.0387552,0,0,0,0,0,0,-2.83484,-0.0323522,0,0,0,0,0,0,-0.0580043,-0.0581329,0,0,0,0,0,0,1.30258,0.0193776,0,0,0,0,0,0,-2.80473,-0.0101101,0,0,0,0,0,0,-0.296763,0.0310042,0,0,0,0,0,0,1.31635,-0.0116266,0,0,0,0,0,0,-2.81375,-0.0222421,0,0,0,0,0,0,0.31611,-0.0155021,0,0,0,0,0,0,1.309,0,0,0,0,0,0,0,-2.81087,0.0161761,
542,0,0,0,0,0,0,0.107326,-0.0465063,0,0,0,0,0,0,1.32196,-0.00387552,0,0,0,0,0,0,-2.83481,0.0303302,0,0,0,0,0,0,-0.0580346,-0.104639,0,0,0,0,0,0,1.30258,0.00775105,0,0,0,0,0,0,-2.8047,0.0525723,0,0,0,0,0,0,-0.296763,0.0271287,0,0,0,0,0,0,1.31639,0.0387552,0,0,0,0,0,0,-2.81375,0.0101101,0,0,0,0,0,0,0.31611,-0.0193776,0,0,0,0,0,0,1.30897,-0.0581329,0,0,0,0,0,0,-2.81087,0.0202201,
543,0,0,0,0,0,0,0.107387,0.0775105,0,0,0,0,0,0,1.32199,0.0503818,0,0,0,0,0,0,-2.83482,-0.00808805,0,0,0,0,0,0,-0.057974,0.00775105,0,0,0,0,0,0,1.30255,-0.0426308,0,0,0,0,0,0,-2.80473,0,0,0,0,0,0,0,-0.296763,0.0155021,0,0,0,0,0,0,1.31635,0.00387552,0,0,0,0,0,0,-2.81373,0.00606604,0,0,0,0,0,0,0.31611,-0.0193776,0,0,0,0,0,0,1.30897,-0.0542573,0,0,0,0,0,0,-2.81087,0,
544,0,0,0,0,0,0,0.107357,0,0,0,0,0,0,0,1.32196,-0.0193776,0,0,0,0,0,0,-2.83481,0.0323522,0,0,0,0,0,0,-0.057974,0,0,0,0,0,0,0,1.30255,-0.0503818,0,0,0,0,0,0,-2.80473,0.00808805,0,0,0,0,0,0,-0.296732,0.0697594,0,0,0,0,0,0,1.31639,0.0387552,0,0,0,0,0,0,-2.81375,-0.0161761,0,0,0,0,0,0,0.31611,0,0,0,0,0,0,0,1.30897,-0.0581329,0,0,0,0,0,0,-2.81087,0.0202201,
545,0,0,0,0,0,0,0.107357,0,0,0,0,0,0,0,1.32196,0,0,0,0,0,0,0,-2.83481,0.0242641,0,0,0,0,0,0,-0.057974,0.0348797,0,0,0,0,0,0,1.30255,-0.0387552,0,0,0,0,0,0,-2.80473,-0.0101101,0,0,0,0,0,0,-0.296793,-0.0232531,0,0,0,0,0,0,1.31639,0.0387552,0,0,0,0,0,0,-2.81375,0.00808805,0,0,0,0,0,0,0.31614,-0.0193776,0,0,0,0,0,0,1.30897,-0.0658839,0,0,0,0,0,0,-2.81087,0.0202201,
546,0,0,0,0,0,0,0.107326,-0.0387552,0,0,0,0,0,0,1.32199,0.0465063,0,0,0,0,0,0,-2.83482,-0.00808805,0,0,0,0,0,0,-0.0580043,-0.0310042,0,0,0,0,0,0,1.30258,0.0193776,0,0,0,0,0,0,-2.80473,-0.0101101,0,0,0,0,0,0,-0.296763,0.00775105,0,0,0,0,0,0,1.31639,0.0387552,0,0,0,0,0,0,-2.81377,0,0,0,0,0,0,0,0.31614,0.0387552,0,0,0,0,0,0,1.30897,0,0,0,0,0,0,0,-2.81087,0.0323522,
547,0,0,0,0,0,0,0.107357,0.0348797,0,0,0,0,0,0,1.32196,-0.00387552,0,0,0,0,0,0,-2.83484,-0.0242641,0,0,0,0,0,0,-0.057974,0.0155021,0,0,0,0,0,0,1.30255,-0.0542573,0,0,0,0,0,0,-2.80471,0.0262862,0,0,0,0,0,0,-0.296763,0.0155021,0,0,0,0,0,0,1.31639,0.0387552,0,0,0,0,0,0,-2.81375,-0.0202201,0,0,0,0,0,0,0.31614,0.0387552,0,0,0,0,0,0,1.309,0.00387552,0,0,0,0,0,0,-2.81087,0.0323522,
548,0,0,0,0,0,0,0.107387,0.0697594,0,0,0,0,0,0,1.32199,0.0426308,0,0,0,0,0,0,-2.83484,-0.0303302,0,0,0,0,0,0,-0.0580346,0.0387552,0,0,0,0,0,0,1.30258,0,0,0,0,0,0,0,-2.80473,-0.00404402,0,0,0,0,0,0,-0.296732,0.073635,0,0,0,0,0,0,1.31632,-0.0581329,0,0,0,0,0,0,-2.81373,0.0101101,0,0,0,0,0,0,0.31614,0.0387552,0,0,0,0,0,0,1.30897,-0.0465063,0,0,0,0,0,0,-2.81087,0.0303302,
549,0,0,0,0,0,0,0.107296,-0.0775105,0,0,0,0,0,0,1.32199,0.0620084,0,0,0,0,0,0,-2.83482,0,0,0,0,0,0,0,-0.057974,0,0,0,0,0,0,0,1.30258,0.0155021,0,0,0,0,0,0,-2.80471,0.0303302,0,0,0,0,0,0,-0.296763,0.0155021,0,0,0,0,0,0,1.31639,0.0426308,0,0,0,0,0,0,-2.81373,0.00404402,0,0,0,0,0,0,0.31614,0.0426308,0,0,0,0,0,0,1.30897,-0.0620084,0,0,0,0,0,0,-2.81089,-0.00404402,
550,0,0,0,0,0,0,0.107326,-0.0387552,0,0,0,0,0,0,1.32196,-0.0155021,0,0,0,0,0,0,-2.83484,-0.0202201,0,0,0,0,0,0,-0.0580043,-0.0387552,0,0,0,0,0,0,1.30258,0.0193776,0,0,0,0,0,0,-2.80471,0.0202201,0,0,0,0,0,0,-0.296732,0.0426308,0,0,0,0,0,0,1.31639,0.0387552,0,0,0,0,0,0,-2.81375,-0.0262862,0,0,0,0,0,0,0.31614,0.0465063,0,0,0,0,0,0,1.309,0,0,0,0,0,0,0,-2.81087,0.0202201,
551,0,0,0,0,0,0,0.107357,0.0155021,0,0,0,0,0,0,1.32196,0,0,0,0,0,0,0,-2.83484,-0.0262862,0,0,0,0,0,0,-0.057974,0,0,0,0,0,0,0,1.30252,-0.11239,0,0,0,0,0,0,-2.80471,0.0303302,0,0,0,0,0,0,-0.296732,0,0,0,0,0,0,0,1.31642,0.0930126,0,0,0,0,0,0,-2.81373,0.00808805,0,0,0,0,0,0,0.31614,0.0387552,0,0,0,0,0,0,1.309,0.0116266,0,0,0,0,0,0,-2.81087,0.0202201,
552,0,0,0,0,0,0,0.107357,0.0271287,0,0,0,0,0,0,1.32199,0.0581329,0,0,0,0,0,0,-2.83481,0.00606604,0,0,0,0,0,0,-0.057974,0,0,0,0,0,0,0,1.30255,-0.0348797,0,0,0,0,0,0,-2.80473,0.00202201,0,0,0,0,0,0,-0.296763,0.0271287,0,0,0,0,0,0,1.31635,-0.0193776,0,0,0,0,0,0,-2.81375,-0.0242641,0,0,0,0,0,0,0.31608,-0.0658839,0,0,0,0,0,0,1.30897,-0.0542573,0,0,0,0,0,0,-2.81087,0.0242641,
553,0,0,0,0,0,0,0.107326,-0.0116266,0,0,0,0,0,0,1.32193,-0.0542573,0,0,0,0,0,0,-2.83484,-0.0262862,0,0,0,0,0,0,-0.0580043,0,0,0,0,0,0,0,1.30258,0.00387552,0,0,0,0,0,0,-2.80471,0.0505503,0,0,0,0,0,0,-0.296763,0.0155021,0,0,0,0,0,0,1.31639,0.0581329,0,0,0,0,0,0,-2.81375,-0.0202201,0,0,0,0,0,0,0.31614,0.0697594,0,0,0,0,0,0,1.30897,-0.0426308,0,0,0,0,0,0,-2.81086,0.0485283,
554,0,0,0,0,0,0,0.107296,-0.0852615,0,0,0,0,0,0,1.32196,-0.0116266,0,0,0,0,0,0,-2.83481,0.0363962,0,0,0,0,0,0,-0.057974,0,0,0,0,0,0,0,1.30255,-0.0426308,0,0,0,0,0,0,-2.80473,0,0,0,0,0,0,0,-0.296732,0.0620084,0,0,0,0,0,0,1.31642,0.0852615,0,0,0,0,0,0,-2.81373,0.0101101,0,0,0,0,0,0,0.31611,-0.0155021,0,0,0,0,0,0,1.309,0.0193776,0,0,0,0,0,0,-2.81087,0.0202201,
555,0,0,0,0,0,0,0.107357,0.0193776,0,0,0,0,0,0,1.32199,0.0503818,0,0,0,0,0,0,-2.83481,0.0343742,0,0,0,0,0,0,-0.0580346,-0.108515,0,0,0,0,0,0,1.30258,0.0116266,0,0,0,0,0,0,-2.80471,0.0202201,0,0,0,0,0,0,-0.296732,0.0852615,0,0,0,0,0,0,1.31635,-0.00387552,0,0,0,0,0,0,-2.81375,-0.0202201,0,0,0,0,0,0,0.31611,-0.00387552,0,0,0,0,0,0,1.30897,-0.0542573,0,0,0,0,0,0,-2.81091,-0.0283082,
556,0,0,0,0,0,0,0.107357,-0.0387552,0,0,0,0,0,0,1.32199,0.0387552,0,0,0,0,0,0,-2.83482,0,0,0,0,0,0,0,-0.057974,0,0,0,0,0,0,0,1.30255,-0.0503818,0,0,0,0,0,0,-2.80471,0.0121321,0,0,0,0,0,0,-0.296763,0.0193776,0,0,0,0,0,0,1.31635,-0.00387552,0,0,0,0,0,0,-2.81375,-0.0222421,0,0,0,0,0,0,0.31611,0,0,0,0,0,0,0,1.309,-0.00775105,0,0,0,0,0,0,-2.81089,-0.00808805,
557,0,0,0,0,0,0,0.107357,-0.0542573,0,0,0,0,0,0,1.32199,-0.00775105,0,0,0,0,0,0,-2.83482,0,0,0,0,0,0,0,-0.0580043,-0.0503818,0,0,0,0,0,0,1.30258,0,0,0,0,0,0,0,-2.80471,0.0202201,0,0,0,0,0,0,-0.296763,0.0116266,0,0,0,0,0,0,1.31639,0.108515,0,0,0,0,0,0,-2.81375,-0.0202201,0,0,0,0,0,0,0.31611,0,0,0,0,0,0,0,1.309,0,0,0,0,0,0,0,-2.81089,-0.00808805,
558,0,0,0,0,0,0,0.107357,0.0348797,0,0,0,0,0,0,1.32199,0.0503818,0,0,0,0,0,0,-2.83484,-0.0262862,0,0,0,0,0,0,-0.0580346,-0.11239,0,0,0,0,0,0,1.30258,0.0193776,0,0,0,0,0,0,-2.80471,0.0262862,0,0,0,0,0,0,-0.296763,0,0,0,0,0,0,0,1.31639,0.0465063,0,0,0,0,0,0,-2.81375,-0.0283082,0,0,0,0,0,0,0.31611,-0.0193776,0,0,0,0,0,0,1.309,0,0,0,0,0,0,0,-2.81089,0,
559,0,0,0,0,0,0,0.107357,0.0271287,0,0,0,0,0,0,1.32196,-0.0193776,0,0,0,0,0,0,-2.83482,-0.00404402,0,0,0,0,0,0,-0.0580346,-0.0542573,0,0,0,0,0,0,1.30255,-0.0620084,0,0,0,0,0,0,-2.80473,0,0,0,0,0,0,0,-0.296732,0.0620084,0,0,0,0,0,0,1.31635,-0.00387552,0,0,0,0,0,0,-2.81373,0.00808805,0,0,0,0,0,0,0.31614,0.0581329,0,0,0,0,0,0,1.309,0.00775105,0,0,0,0,0,0,-2.81087,0.0202201,
560,0,0,0,0,0,0,0.107326,-0.0310042,0,0,0,0,0,0,1.32199,0.0387552,0,0,0,0,0,0,-2.83484,-0.0202201,0,0,0,0,0,0,-0.057974,0.0193776,0,0,0,0,0,0,1.30258,0.0155021,0,0,0,0,0,0,-2.80473,-0.0101101,0,0,0,0,0,0,-0.296763,0.0155021,0,0,0,0,0,0,1.31635,0.0232531,0,0,0,0,0,0,-2.81373,0.0101101,0,0,0,0,0,0,0.31611,-0.0193776,0,0,0,0,0,0,1.309,0,0,0,0,0,0,0,-2.81087,0.0181981,
561,0,0,0,0,0,0,0.107326,-0.0620084,0,0,0,0,0,0,1.32199,0.0348797,0,0,0,0,0,0,-2.83484,-0.0404403,0,0,0,0,0,0,-0.0580043,-0.0387552,0,0,0,0,0,0,1.30258,0.00387552,0,0,0,0,0,0,-2.80471,0.0222421,0,0,0,0,0,0,-0.296763,0.0193776,0,0,0,0,0,0,1.31635,0.0465063,0,0,0,0,0,0,-2.81373,0.0101101,0,0,0,0,0,0,0.31614,0.0426308,0,0,0,0,0,0,1.309,0,0,0,0,0,0,0,-2.81089,-0.00606604,
562,0,0,0,0,0,0,0.107357,0.0193776,0,0,0,0,0,0,1.32196,-0.00775105,0,0,0,0,0,0,-2.83481,-0.0101101,0,0,0,0,0,0,-0.0580346,-0.0930126,0,0,0,0,0,0,1.30255,-0.0503818,0,0,0,0,0,0,-2.80471,0.0323522,0,0,0,0,0,0,-0.296732,0.0465063,0,0,0,0,0,0,1.31635,-0.0155021,0,0,0,0,0,0,-2.81373,0.0101101,0,0,0,0,0,0,0.31614,0.0503818,0,0,0,0,0,0,1.30897,-0.0465063,0,0,0,0,0,0,-2.81087,0.0202201,
563,0,0,0,0,0,0,0.107326,-0.0155021,0,0,0,0,0,0,1.32196,-0.00775105,0,0,0,0,0,0,-2.83482,-0.0121321,0,0,0,0,0,0,-0.0580346,-0.0930126,0,0,0,0,0,0,1.30255,-0.0503818,0,0,0,0,0,0,-2.8047,0.0181981,0,0,0,0,0,0,-0.296732,0.0465063,0,0,0,0,0,0,1.31635,-0.0155021,0,0,0,0,0,0,-2.81375,-0.0181981,0,0,0,0,0,0,0.31614,0.0503818,0,0,0,0,0,0,1.309,0.00775105,0,0,0,0,0,0,-2.81087,0.0202201,
564,0,0,0,0,0,0,0.107326,-0.00775105,0,0,0,0,0,0,1.32196,0,0,0,0,0,0,0,-2.83482,-0.00404402,0,0,0,0,0,0,-0.057974,0.0193776,0,0,0,0,0,0,1.30255,-0.0542573,0,0,0,0,0,0,-2.8047,0.0626824,0,0,0,0,0,0,-0.296763,0.00775105,0,0,0,0,0,0,1.31635,-0.00387552,0,0,0,0,0,0,-2.81373,0.0101101,0,0,0,0,0,0,0.31614,0.0426308,0,0,0,0,0,0,1.309,0,0,0,0,0,0,0,-2.81089,0.00404402,
565,0,0,0,0,0,0,0.107357,0.00387552,0,0,0,0,0,0,1.32196,-0.0155021,0,0,0,0,0,0,-2.83482,0.00202201,0,0,0,0,0,0,-0.0580346,-0.0658839,0,0,0,0,0,0,1.30255,-0.0465063,0,0,0,0,0,0,-2.80471,0.0283082,0,0,0,0,0,0,-0.296763,0.0155021,0,0,0,0,0,0,1.31639,0.0348797,0,0,0,0,0,0,-2.81375,-0.0323522,0,0,0,0,0,0,0.31614,0.0503818,0,0,0,0,0,0,1.309,0.00775105,0,0,0,0,0,0,-2.81089,-0.00606604,
566,0,0,0,0,0,0,0.107357,0.0193776,0,0,0,0,0,0,1.32199,0.0620084,0,0,0,0,0,0,-2.83484,-0.0323522,0,0,0,0,0,0,-0.057974,0.0271287,0,0,0,0,0,0,1.30258,0.0155021,0,0,0,0,0,0,-2.80471,0.0303302,0,0,0,0,0,0,-0.296763,0.0155021,0,0,0,0,0,0,1.31635,0,0,0,0,0,0,0,-2.81375,-0.0303302,0,0,0,0,0,0,0.31611,-0.00387552,0,0,0,0,0,0,1.309,0.00387552,0,0,0,0,0,0,-2.81087,0.0222421,
567,0,0,0,0,0,0,0.107357,0.0193776,0,0,0,0,0,0,1.32199,0.0426308,0,0,0,0,0,0,-2.83481,-0.0363962,0,0,0,0,0,0,-0.0580346,-0.108515,0,0,0,0,0,0,1.30255,-0.0542573,0,0,0,0,0,0,-2.80473,0,0,0,0,0,0,0,-0.296732,0.073635,0,0,0,0,0,0,1.31635,0.0348797,0,0,0,0,0,0,-2.81373,0.0101101,0,0,0,0,0,0,0.31614,0.0387552,0,0,0,0,0,0,1.309,-0.00387552,0,0,0,0,0,0,-2.81089,-0.0101101,
568,0,0,0,0,0,0,0.107357,0.0271287,0,0,0,0,0,0,1.32196,0,0,0,0,0,0,0,-2.83482,-0.00404402,0,0,0,0,0,0,-0.0580043,0,0,0,0,0,0,0,1.30255,-0.0426308,0,0,0,0,0,0,-2.80473,0,0,0,0,0,0,0,-0.296732,0.0620084,0,0,0,0,0,0,1.31635,-0.00387552,0,0,0,0,0,0,-2.81373,0.0101101,0,0,0,0,0,0,0.31611,-0.00387552,0,0,0,0,0,0,1.309,0,0,0,0,0,0,0,-2.81087,0.0323522,
569,0,0,0,0,0,0,0.107326,0.0465063,0,0,0,0,0,0,1.32199,0.0348797,0,0,0,0,0,0,-2.83481,0.0283082,0,0,0,0,0,0,-0.057974,0.0310042,0,0,0,0,0,0,1.30255,-0.0387552,0,0,0,0,0,0,-2.80473,-0.00404402,0,0,0,0,0,0,-0.296763,0.0271287,0,0,0,0,0,0,1.31642,0.124017,0,0,0,0,0,0,-2.81375,-0.0222421,0,0,0,0,0,0,0.31611,0,0,0,0,0,0,0,1.30897,-0.0581329,0,0,0,0,0,0,-2.81087,0.0202201,
570,0,0,0,0,0,0,0.107357,0.0387552,0,0,0,0,0,0,1.32196,-0.00387552,0,0,0,0,0,0,-2.83484,-0.0242641,0,0,0,0,0,0,-0.057974,0.0310042,0,0,0,0,0,0,1.30255,-0.0426308,0,0,0,0,0,0,-2.80471,0.0222421,0,0,0,0,0,0,-0.296763,0.0387552,0,0,0,0,0,0,1.31639,0.0581329,0,0,0,0,0,0,-2.81375,-0.0202201,0,0,0,0,0,0,0.31614,0.0697594,0,0,0,0,0,0,1.30897,-0.0581329,0,0,0,0,0,0,-2.81089,-0.00202201,
571,0,0,0,0,0,0,0.107326,-0.00387552,0,0,0,0,0,0,1.32199,0.0503818,0,0,0,0,0,0,-2.83484,-0.0202201,0,0,0,0,0,0,-0.0580346,-0.0930126,0,0,0,0,0,0,1.30255,-0.0465063,0,0,0,0,0,0,-2.80473,-0.0101101,0,0,0,0,0,0,-0.296763,0.0348797,0,0,0,0,0,0,1.31639,0.0581329,0,0,0,0,0,0,-2.81375,-0.0202201,0,0,0,0,0,0,0.31611,-0.0155021,0,0,0,0,0,0,1.309,0,0,0,0,0,0,0,-2.81087,0.0202201,
572,0,0,0,0,0,0,0.107357,0.0193776,0,0,0,0,0,0,1.32196,0.0387552,0,0,0,0,0,0,-2.83484,-0.0283082,0,0,0,0,0,0,-0.0580043,-0.0465063,0,0,0,0,0,0,1.30255,-0.0503818,0,0,0,0,0,0,-2.80473,0.0303302,0,0,0,0,0,0,-0.296732,0.089137,0,0,0,0,0,0,1.31639,0.0581329,0,0,0,0,0,0,-2.81375,-0.0202201,0,0,0,0,0,0,0.31611,-0.0155021,0,0,0,0,0,0,1.309,-0.0116266,0,0,0,0,0,0,-2.81087,0.0222421,
573,0,0,0,0,0,0,0.107326,-0.0581329,0,0,0,0,0,0,1.32196,-0.00387552,0,0,0,0,0,0,-2.83484,0.00202201,0,0,0,0,0,0,-0.0580346,-0.0930126,0,0,0,0,0,0,1.30255,-0.0542573,0,0,0,0,0,0,-2.80473,0,0,0,0,0,0,0,-0.296763,0.0387552,0,0,0,0,0,0,1.31635,-0.0155021,0,0,0,0,0,0,-2.81375,-0.0202201,0,0,0,0,0,0,0.31614,0.0465063,0,0,0,0,0,0,1.30897,-0.0503818,0,0,0,0,0,0,-2.81087,0.0222421,
574,0,0,0,0,0,0,0.107357,0,0,0,0,0,0,0,1.32199,0.0387552,0,0,0,0,0,0,-2.83484,0.0101101,0,0,0,0,0,0,-0.0580346,0.0387552,0,0,0,0,0,0,1.30255,-0.0542573,0,0,0,0,0,0,-2.80471,0.0202201,0,0,0,0,0,0,-0.296732,0.0658839,0,0,0,0,0,0,1.31642,0.0968881,0,0,0,0,0,0,-2.81375,-0.0222421,0,0,0,0,0,0,0.31611,-0.00387552,0,0,0,0,0,0,1.309,0.0116266,0,0,0,0,0,0,-2.81087,0.0242641,
575,0,0,0,0,0,0,0.107296,-0.0775105,0,0,0,0,0,0,1.32199,0.0116266,0,0,0,0,0,0,-2.83482,0.00404402,0,0,0,0,0,0,-0.057974,0.0271287,0,0,0,0,0,0,1.30255,-0.0387552,0,0,0,0,0,0,-2.80471,0.0343742,0,0,0,0,0,0,-0.296763,0.0193776,0,0,0,0,0,0,1.31639,0.0465063,0,0,0,0,0,0,-2.81373,0.00808805,0,0,0,0,0,0,0.31614,0.0426308,0,0,0,0,0,0,1.30897,-0.0465063,0,0,0,0,0,0,-2.81087,0.0202201,
576,0,0,0,0,0,0,0.107357,-0.0271287,0,0,0,0,0,0,1.32199,0.0503818,0,0,0,0,0,0,-2.83482,0.0101101,0,0,0,0,0,0,-0.0580043,-0.0542573,0,0,0,0,0,0,1.30258,-0.00387552,0,0,0,0,0,0,-2.80471,0.0242641,0,0,0,0,0,0,-0.296793,-0.0348797,0,0,0,0,0,0,1.31635,-0.0193776,0,0,0,0,0,0,-2.81373,0.00404402,0,0,0,0,0,0,0.31611,-0.0155021,0,0,0,0,0,0,1.309,0,0,0,0,0,0,0,-2.81091,-0.0303302,
577,0,0,0,0,0,0,0.107296,-0.104639,0,0,0,0,0,0,1.32196,-0.0155021,0,0,0,0,0,0,-2.83481,0.0303302,0,0,0,0,0,0,-0.057974,0.00775105,0,0,0,0,0,0,1.30255,-0.0465063,0,0,0,0,0,0,-2.80473,0.00404402,0,0,0,0,0,0,-0.296793,-0.0387552,0,0,0,0,0,0,1.31632,-0.0697594,0,0,0,0,0,0,-2.81375,-0.0202201,0,0,0,0,0,0,0.31611,0.00775105,0,0,0,0,0,0,1.30897,-0.0542573,0,0,0,0,0,0,-2.81089,0.0222421,
578,0,0,0,0,0,0,0.107357,0.0155021,0,0,0,0,0,0,1.32199,0.0542573,0,0,0,0,0,0,-2.83482,0,0,0,0,0,0,0,-0.0580043,-0.0426308,0,0,0,0,0,0,1.30258,0,0,0,0,0,0,0,-2.80471,0.0323522,0,0,0,0,0,0,-0.296763,0.0193776,0,0,0,0,0,0,1.31635,0.00387552,0,0,0,0,0,0,-2.81375,-0.0222421,0,0,0,0,0,0,0.31614,0.0348797,0,0,0,0,0,0,1.30897,-0.0465063,0,0,0,0,0,0,-2.81087,0.0283082,
579,0,0,0,0,0,0,0.107357,0,0,0,0,0,0,0,1.32196,-0.0155021,0,0,0,0,0,0,-2.83482,0.00404402,0,0,0,0,0,0,-0.0580043,-0.0387552,0,0,0,0,0,0,1.30258,0,0,0,0,0,0,0,-2.80473,0,0,0,0,0,0,0,-0.296823,-0.073635,0,0,0,0,0,0,1.31639,0.0465063,0,0,0,0,0,0,-2.81373,0.0101101,0,0,0,0,0,0,0.31614,0.0465063,0,0,0,0,0,0,1.30897,-0.0503818,0,0,0,0,0,0,-2.81087,0.0262862,
580,0,0,0,0,0,0,0.107326,-0.0155021,0,0,0,0,0,0,1.32199,0.0620084,0,0,0,0,0,0,-2.83481,0.0242641,0,0,0,0,0,0,-0.0580043,-0.0542573,0,0,0,0,0,0,1.30258,0.0155021,0,0,0,0,0,0,-2.80473,0.00202201,0,0,0,0,0,0,-0.296793,-0.0193776,0,0,0,0,0,0,1.31635,0.00387552,0,0,0,0,0,0,-2.81373,-0.0202201,0,0,0,0,0,0,0.31614,0.0387552,0,0,0,0,0,0,1.309,0.00387552,0,0,0,0,0,0,-2.81087,0.0202201,
581,0,0,0,0,0,0,0.107357,0.0271287,0,0,0,0,0,0,1.32199,0.0426308,0,0,0,0,0,0,-2.83484,-0.0404403,0,0,0,0,0,0,-0.057974,0,0,0,0,0,0,0,1.30258,0.0193776,0,0,0,0,0,0,-2.80471,0.0283082,0,0,0,0,0,0,-0.296793,-0.0193776,0,0,0,0,0,0,1.31635,0.00387552,0,0,0,0,0,0,-2.81373,0.0101101,0,0,0,0,0,0,0.31611,0,0,0,0,0,0,0,1.309,0,0,0,0,0,0,0,-2.81089,-0.00202201,
582,0,0,0,0,0,0,0.107326,0,0,0,0,0,0,0,1.32196,-0.00387552,0,0,0,0,0,0,-2.83481,0.0202201,0,0,0,0,0,0,-0.0580043,-0.0581329,0,0,0,0,0,0,1.30258,0.0155021,0,0,0,0,0,0,-2.80473,-0.00404402,0,0,0,0,0,0,-0.296763,0.0310042,0,0,0,0,0,0,1.31639,0.0387552,0,0,0,0,0,0,-2.81373,0.0101101,0,0,0,0,0,0,0.31608,-0.0542573,0,0,0,0,0,0,1.30903,0.0155021,0,0,0,0,0,0,-2.81087,0.0222421,
583,0,0,0,0,0,0,0.107266,-0.124017,0,0,0,0,0,0,1.32199,0.0426308,0,0,0,0,0,0,-2.83482,-0.0283082,0,0,0,0,0,0,-0.0580043,-0.0581329,0,0,0,0,0,0,1.30255,-0.0581329,0,0,0,0,0,0,-2.80473,0,0,0,0,0,0,0,-0.296763,0.0155021,0,0,0,0,0,0,1.31635,-0.00387552,0,0,0,0,0,0,-2.81375,-0.0202201,0,0,0,0,0,0,0.31611,-0.0193776,0,0,0,0,0,0,1.309,0,0,0,0,0,0,0,-2.81087,0.0202201,
584,0,0,0,0,0,0,0.107357,0.0193776,0,0,0,0,0,0,1.32199,0.0581329,0,0,0,0,0,0,-2.83484,-0.0404403,0,0,0,0,0,0,-0.0580346,-0.0968881,0,0,0,0,0,0,1.30255,-0.0387552,0,0,0,0,0,0,-2.80473,-0.00202201,0,0,0,0,0,0,-0.296732,0.0852615,0,0,0,0,0,0,1.31635,-0.0155021,0,0,0,0,0,0,-2.81373,0.0101101,0,0,0,0,0,0,0.31611,-0.0193776,0,0,0,0,0,0,1.309,0,0,0,0,0,0,0,-2.81089,-0.00606604,
585,0,0,0,0,0,0,0.107296,-0.0697594,0,0,0,0,0,0,1.32196,0,0,0,0,0,0,0,-2.83484,-0.0303302,0,0,0,0,0,0,-0.0580043,-0.0271287,0,0,0,0,0,0,1.30255,-0.0465063,0,0,0,0,0,0,-2.80473,0.0242641,0,0,0,0,0,0,-0.296763,0.0348797,0,0,0,0,0,0,1.31635,-0.00775105,0,0,0,0,0,0,-2.81375,-0.0202201,0,0,0,0,0,0,0.31614,0.0387552,0,0,0,0,0,0,1.30897,-0.0620084,0,0,0,0,0,0,-2.81091,-0.0283082,
586,0,0,0,0,0,0,0.107357,0.0155021,0,0,0,0,0,0,1.32199,0.0387552,0,0,0,0,0,0,-2.83481,0.0121321,0,0,0,0,0,0,-0.057974,0.0271287,0,0,0,0,0,0,1.30255,-0.0387552,0,0,0,0,0,0,-2.80471,0.0283082,0,0,0,0,0,0,-0.296793,-0.0116266,0,0,0,0,0,0,1.31635,0,0,0,0,0,0,0,-2.81375,-0.0202201,0,0,0,0,0,0,0.31614,0.0387552,0,0,0,0,0,0,1.309,0,0,0,0,0,0,0,-2.81087,0.0202201,
587,0,0,0,0,0,0,0.107326,-0.0310042,0,0,0,0,0,0,1.32196,-0.00387552,0,0,0,0,0,0,-2.83484,-0.0384182,0,0,0,0,0,0,-0.057974,0.0116266,0,0,0,0,0,0,1.30255,-0.0581329,0,0,0,0,0,0,-2.80471,0.0202201,0,0,0,0,0,0,-0.296763,0.0271287,0,0,0,0,0,0,1.31639,0.0658839,0,0,0,0,0,0,-2.81375,-0.0202201,0,0,0,0,0,0,0.31611,0.00775105,0,0,0,0,0,0,1.30897,-0.0542573,0,0,0,0,0,0,-2.81089,0,
588,0,0,0,0,0,0,0.107326,-0.0310042,0,0,0,0,0,0,1.32196,-0.00387552,0,0,0,0,0,0,-2.83481,0.0323522,0,0,0,0,0,0,-0.0580346,-0.0775105,0,0,0,0,0,0,1.30258,-0.0116266,0,0,0,0,0,0,-2.80471,0.0202201,0,0,0,0,0,0,-0.296763,0.0310042,0,0,0,0,0,0,1.31632,-0.0542573,0,0,0,0,0,0,-2.81375,-0.0222421,0,0,0,0,0,0,0.31614,0.0387552,0,0,0,0,0,0,1.30897,-0.0620084,0,0,0,0,0,0,-2.81089,-0.0101101,
589,0,0,0,0,0,0,0.107326,-0.0271287,0,0,0,0,0,0,1.32199,0.0387552,0,0,0,0,0,0,-2.83482,-0.0141541,0,0,0,0,0,0,-0.0580346,-0.0775105,0,0,0,0,0,0,1.30258,-0.00775105,0,0,0,0,0,0,-2.80473,-0.00606604,0,0,0,0,0,0,-0.296763,0.0387552,0,0,0,0,0,0,1.31642,0.100764,0,0,0,0,0,0,-2.81375,-0.0283082,0,0,0,0,0,0,0.31614,0.0387552,0,0,0,0,0,0,1.309,-0.00387552,0,0,0,0,0,0,-2.81087,0.0202201,
590,0,0,0,0,0,0,0.107326,-0.0310042,0,0,0,0,0,0,1.32202,0.0968881,0,0,0,0,0,0,-2.83484,-0.00202201,0,0,0,0,0,0,-0.0580346,-0.108515,0,0,0,0,0,0,1.30258,0.00775105,0,0,0,0,0,0,-2.80473,-0.00606604,0,0,0,0,0,0,-0.296763,0.0387552,0,0,0,0,0,0,1.31632,-0.0542573,0,0,0,0,0,0,-2.81375,-0.0202201,0,0,0,0,0,0,0.31611,-0.0193776,0,0,0,0,0,0,1.30897,-0.0542573,0,0,0,0,0,0,-2.81087,0.0242641,
591,0,0,0,0,0,0,0.107296,-0.0775105,0,0,0,0,0,0,1.32199,0.0581329,0,0,0,0,0,0,-2.83481,0.0283082,0,0,0,0,0,0,-0.0580346,-0.11239,0,0,0,0,0,0,1.30255,-0.0503818,0,0,0,0,0,0,-2.80473,-0.0101101,0,0,0,0,0,0,-0.296793,0.0232531,0,0,0,0,0,0,1.31639,0.0581329,0,0,0,0,0,0,-2.81375,-0.0303302,0,0,0,0,0,0,0.31614,0.0387552,0,0,0,0,0,0,1.30897,-0.0620084,0,0,0,0,0,0,-2.81087,0.0303302,
592,0,0,0,0,0,0,0.107357,0.0193776,0,0,0,0,0,0,1.32196,-0.0116266,0,0,0,0,0,0,-2.83482,0,0,0,0,0,0,0,-0.0580346,-0.073635,0,0,0,0,0,0,1.30258,0.0116266,0,0,0,0,0,0,-2.80471,0.0161761,0,0,0,0,0,0,-0.296793,-0.0426308,0,0,0,0,0,0,1.31639,0.0465063,0,0,0,0,0,0,-2.81373,-0.0283082,0,0,0,0,0,0,0.31611,-0.0193776,0,0,0,0,0,0,1.309,0.00387552,0,0,0,0,0,0,-2.81089,-0.0101101,
593,0,0,0,0,0,0,0.107326,-0.0193776,0,0,0,0,0,0,1.32193,-0.0542573,0,0,0,0,0,0,-2.83481,0.0202201,0,0,0,0,0,0,-0.0580043,-0.073635,0,0,0,0,0,0,1.30255,-0.0426308,0,0,0,0,0,0,-2.80471,0.0303302,0,0,0,0,0,0,-0.296763,0.0232531,0,0,0,0,0,0,1.31639,0.0465063,0,0,0,0,0,0,-2.81375,-0.0202201,0,0,0,0,0,0,0.31611,-0.0193776,0,0,0,0,0,0,1.309,-0.00387552,0,0,0,0,0,0,-2.81087,0.0262862,
594,0,0,0,0,0,0,0.107326,-0.0271287,0,0,0,0,0,0,1.32199,0.0387552,0,0,0,0,0,0,-2.83482,0.00202201,0,0,0,0,0,0,-0.057974,0.0116266,0,0,0,0,0,0,1.30258,0.00387552,0,0,0,0,0,0,-2.80471,0.0202201,0,0,0,0,0,0,-0.296763,0.0271287,0,0,0,0,0,0,1.31632,-0.073635,0,0,0,0,0,0,-2.81375,-0.0283082,0,0,0,0,0,0,0.31611,0,0,0,0,0,0,0,1.30897,-0.0581329,0,0,0,0,0,0,-2.81089,-0.00606604,
595,0,0,0,0,0,0,0.107296,-0.081386,0,0,0,0,0,0,1.32196,0,0,0,0,0,0,0,-2.83484,-0.0424623,0,0,0,0,0,0,-0.057974,-0.0465063,0,0,0,0,0,0,1.30255,-0.0542573,0,0,0,0,0,0,-2.80473,-0.00202201,0,0,0,0,0,0,-0.296763,0.0271287,0,0,0,0,0,0,1.31639,0.0581329,0,0,0,0,0,0,-2.81375,-0.0202201,0,0,0,0,0,0,0.31614,0.0387552,0,0,0,0,0,0,1.309,0.00387552,0,0,0,0,0,0,-2.81089,-0.00202201,
596,0,0,0,0,0,0,0.107296,-0.081386,0,0,0,0,0,0,1.32196,-0.00775105,0,0,0,0,0,0,-2.83484,-0.0303302,0,0,0,0,0,0,-0.0580043,-0.0348797,0,0,0,0,0,0,1.30255,-0.0581329,0,0,0,0,0,0,-2.80473,-0.00606604,0,0,0,0,0,0,-0.296763,0.0348797,0,0,0,0,0,0,1.31639,0.0465063,0,0,0,0,0,0,-2.81373,-0.00202201,0,0,0,0,0,0,0.31614,0.0387552,0,0,0,0,0,0,1.309,-0.00387552,0,0,0,0,0,0,-2.81087,0.0222421,
597,0,0,0,0,0,0,0.107357,0.0271287,0,0,0,0,0,0,1.32196,-0.0155021,0,0,0,0,0,0,-2.83481,0.0283082,0,0,0,0,0,0,-0.0580346,-0.0968881,0,0,0,0,0,0,1.30255,-0.0542573,0,0,0,0,0,0,-2.80471,0.0141541,0,0,0,0,0,0,-0.296763,0.0387552,0,0,0,0,0,0,1.31635,0.00387552,0,0,0,0,0,0,-2.81373,0,0,0,0,0,0,0,0.31614,0.0387552,0,0,0,0,0,0,1.309,0.00775105,0,0,0,0,0,0,-2.81087,0.0303302,
598,0,0,0,0,0,0,0.107296,-0.0697594,0,0,0,0,0,0,1.32196,0,0,0,0,0,0,0,-2.83484,-0.0222421,0,0,0,0,0,0,-0.057974,0.0232531,0,0,0,0,0,0,1.30255,-0.0503818,0,0,0,0,0,0,-2.80471,0.0202201,0,0,0,0,0,0,-0.296793,-0.0155021,0,0,0,0,0,0,1.31639,0.0542573,0,0,0,0,0,0,-2.81375,-0.0202201,0,0,0,0,0,0,0.31611,-0.0193776,0,0,0,0,0,0,1.309,-0.00387552,0,0,0,0,0,0,-2.81087,0.0202201,
599,0,0,0,0,0,0,0.107326,-0.0271287,0,0,0,0,0,0,1.32199,-0.00775105,0,0,0,0,0,0,-2.83481,0.0242641,0,0,0,0,0,0,-0.057974,0.0310042,0,0,0,0,0,0,1.30258,0,0,0,0,0,0,0,-2.80473,-0.00202201,0,0,0,0,0,0,-0.296763,0.0310042,0,0,0,0,0,0,1.31639,0.0426308,0,0,0,0,0,0,-2.81373,0.0101101,0,0,0,0,0,0,0.31611,-0.0193776,0,0,0,0,0,0,1.309,-0.00387552,0,0,0,0,0,0,-2.81087,0.0202201,
600,0,0,0,0,0,0,0.107326,-0.00387552,0,0,0,0,0,0,1.32199,0.0542573,0,0,0,0,0,0,-2.83484,-0.0343742,0,0,0,0,0,0,-0.0580043,-0.0310042,0,0,0,0,0,0,1.30258,0.0193776,0,0,0,0,0,0,-2.80471,0.0262862,0,0,0,0,0,0,-0.296793,-0.0193776,0,0,0,0,0,0,1.31635,0.00387552,0,0,0,0,0,0,-2.81375,-0.0181981,0,0,0,0,0,0,0.31611,-0.0155021,0,0,0,0,0,0,1.309,0,0,0,0,0,0,0,-2.81089,0.0262862,
601,0,0,0,0,0,0,0.107296,-0.0620084,0,0,0,0,0,0,1.32196,0,0,0,0,0,0,0,-2.83484,-0.0222421,0,0,0,0,0,0,-0.0580043,-0.0465063,0,0,0,0,0,0,1.30255,-0.0387552,0,0,0,0,0,0,-2.80471,-0.0101101,0,0,0,0,0,0,-0.296793,-0.0426308,0,0,0,0,0,0,1.31635,0,0,0,0,0,0,0,-2.81375,-0.0202201,0,0,0,0,0,0,0.31611,-0.00775105,0,0,0,0,0,0,1.30897,-0.0503818,0,0,0,0,0,0,-2.81086,0.0444843,
602,0,0,0,0,0,0,0.107296,-0.0193776,0,0,0,0,0,0,1.32196,-0.0155021,0,0,0,0,0,0,-2.83482,-0.00808805,0,0,0,0,0,0,-0.057974,0.0387552,0,0,0,0,0,0,1.30255,-0.0387552,0,0,0,0,0,0,-2.80471,0.0303302,0,0,0,0,0,0,-0.296763,0.0348797,0,0,0,0,0,0,1.31635,-0.00775105,0,0,0,0,0,0,-2.81375,-0.0202201,0,0,0,0,0,0,0.31611,-0.0116266,0,0,0,0,0,0,1.309,0.00775105,0,0,0,0,0,0,-2.81087,0.0323522,
603,0,0,0,0,0,0,0.107326,-0.0387552,0,0,0,0,0,0,1.32199,0.0503818,0,0,0,0,0,0,-2.83482,0,0,0,0,0,0,0,-0.0580043,-0.0271287,0,0,0,0,0,0,1.30258,0.0542573,0,0,0,0,0,0,-2.80473,-0.0101101,0,0,0,0,0,0,-0.296763,-0.0193776,0,0,0,0,0,0,1.31635,-0.00387552,0,0,0,0,0,0,-2.81375,-0.0202201,0,0,0,0,0,0,0.31611,-0.0116266,0,0,0,0,0,0,1.30897,-0.0581329,0,0,0,0,0,0,-2.81089,-0.00404402,
604,0,0,0,0,0,0,0.107296,-0.0968881,0,0,0,0,0,0,1.32199,0.0542573,0,0,0,0,0,0,-2.83484,-0.0303302,0,0,0,0,0,0,-0.057974,0.0271287,0,0,0,0,0,0,1.30258,0,0,0,0,0,0,0,-2.80473,-0.0101101,0,0,0,0,0,0,-0.296732,0.089137,0,0,0,0,0,0,1.31635,-0.00387552,0,0,0,0,0,0,-2.81375,-0.0202201,0,0,0,0,0,0,0.31614,0.0465063,0,0,0,0,0,0,1.309,0.00387552,0,0,0,0,0,0,-2.81089,0,
605,0,0,0,0,0,0,0.107357,0.0116266,0,0,0,0,0,0,1.32196,-0.00387552,0,0,0,0,0,0,-2.83482,0.0101101,0,0,0,0,0,0,-0.0580043,-0.0503818,0,0,0,0,0,0,1.30258,0.0193776,0,0,0,0,0,0,-2.80473,0.00202201,0,0,0,0,0,0,-0.296732,0.0775105,0,0,0,0,0,0,1.31642,0.00387552,0,0,0,0,0,0,-2.81377,-0.0485283,0,0,0,0,0,0,0.31614,0.0503818,0,0,0,0,0,0,1.309,0.00775105,0,0,0,0,0,0,-2.81089,-0.0121321,
606,0,0,0,0,0,0,0.107296,-0.0775105,0,0,0,0,0,0,1.32193,-0.0620084,0,0,0,0,0,0,-2.83482,0,0,0,0,0,0,0,-0.057974,0,0,0,0,0,0,0,1.30255,-0.0387552,0,0,0,0,0,0,-2.80473,0,0,0,0,0,0,0,-0.296763,0.0116266,0,0,0,0,0,0,1.31635,-0.00387552,0,0,0,0,0,0,-2.81373,0.0101101,0,0,0,0,0,0,0.31611,-0.0193776,0,0,0,0,0,0,1.309,0,0,0,0,0,0,0,-2.81091,-0.0363962,
607,0,0,0,0,0,0,0.107357,0.0116266,0,0,0,0,0,0,1.32193,-0.0620084,0,0,0,0,0,0,-2.83484,-0.0161761,0,0,0,0,0,0,-0.057974,0.0310042,0,0,0,0,0,0,1.30252,-0.0968881,0,0,0,0,0,0,-2.80471,0.0283082,0,0,0,0,0,0,-0.296763,0.0387552,0,0,0,0,0,0,1.31635,-0.00387552,0,0,0,0,0,0,-2.81375,-0.0202201,0,0,0,0,0,0,0.31611,-0.0193776,0,0,0,0,0,0,1.309,0.0193776,0,0,0,0,0,0,-2.81091,-0.0363962,
608,0,0,0,0,0,0,0.107296,-0.0852615,0,0,0,0,0,0,1.32196,-0.0193776,0,0,0,0,0,0,-2.83484,-0.0283082,0,0,0,0,0,0,-0.057974,0,0,0,0,0,0,0,1.30255,-0.0426308,0,0,0,0,0,0,-2.80471,0.0323522,0,0,0,0,0,0,-0.296732,0.0155021,0,0,0,0,0,0,1.31635,0,0,0,0,0,0,0,-2.81375,-0.0161761,0,0,0,0,0,0,0.31614,0.0387552,0,0,0,0,0,0,1.309,0,0,0,0,0,0,0,-2.81089,0.0222421,
609,0,0,0,0,0,0,0.107357,0.00387552,0,0,0,0,0,0,1.32196,-0.00775105,0,0,0,0,0,0,-2.83481,-0.0262862,0,0,0,0,0,0,-0.057974,0,0,0,0,0,0,0,1.30255,0.0193776,0,0,0,0,0,0,-2.80473,0.0303302,0,0,0,0,0,0,-0.296793,-0.0348797,0,0,0,0,0,0,1.31639,0,0,0,0,0,0,0,-2.81373,0.00808805,0,0,0,0,0,0,0.31614,0.0503818,0,0,0,0,0,0,1.309,0,0,0,0,0,0,0,-2.81089,-0.00404402,
610,0,0,0,0,0,0,0.107326,-0.0503818,0,0,0,0,0,0,1.32199,0.0542573,0,0,0,0,0,0,-2.83482,-0.00404402,0,0,0,0,0,0,-0.0580043,-0.0387552,0,0,0,0,0,0,1.30255,-0.0542573,0,0,0,0,0,0,-2.80471,0.0242641,0,0,0,0,0,0,-0.296763,0.0387552,0,0,0,0,0,0,1.31635,0.00387552,0,0,0,0,0,0,-2.81375,-0.0242641,0,0,0,0,0,0,0.31611,-0.0232531,0,0,0,0,0,0,1.309,-0.00775105,0,0,0,0,0,0,-2.81087,0.0202201,
611,0,0,0,0,0,0,0.107326,-0.0310042,0,0,0,0,0,0,1.32196,0,0,0,0,0,0,0,-2.83484,-0.0283082,0,0,0,0,0,0,-0.057974,0.0116266,0,0,0,0,0,0,1.30258,0,0,0,0,0,0,0,-2.80473,-0.00202201,0,0,0,0,0,0,-0.296763,0.073635,0,0,0,0,0,0,1.31639,0.0581329,0,0,0,0,0,0,-2.81375,0.0101101,0,0,0,0,0,0,0.31611,-0.00387552,0,0,0,0,0,0,1.309,-0.00387552,0,0,0,0,0,0,-2.81086,0.0465063,
612,0,0,0,0,0,0,0.107357,0,0,0,0,0,0,0,1.32199,0.0503818,0,0,0,0,0,0,-2.83482,0.0101101,0,0,0,0,0,0,-0.057974,0.0116266,0,0,0,0,0,0,1.30258,0.0193776,0,0,0,0,0,0,-2.80473,-0.0101101,0,0,0,0,0,0,-0.296763,0.0271287,0,0,0,0,0,0,1.31635,-0.0116266,0,0,0,0,0,0,-2.81375,-0.0242641,0,0,0,0,0,0,0.31614,0.0503818,0,0,0,0,0,0,1.30897,-0.0581329,0,0,0,0,0,0,-2.81087,0.0202201,
613,0,0,0,0,0,0,0.107296,-0.0852615,0,0,0,0,0,0,1.32199,0.0426308,0,0,0,0,0,0,-2.83484,-0.0202201,0,0,0,0,0,0,-0.057974,0.0348797,0,0,0,0,0,0,1.30258,0.00387552,0,0,0,0,0,0,-2.80473,-0.00404402,0,0,0,0,0,0,-0.296763,0.0387552,0,0,0,0,0,0,1.31635,0,0,0,0,0,0,0,-2.81375,-0.0222421,0,0,0,0,0,0,0.31614,0.0465063,0,0,0,0,0,0,1.309,0,0,0,0,0,0,0,-2.81089,-0.00808805,
614,0,0,0,0,0,0,0.107326,-0.0426308,0,0,0,0,0,0,1.32199,0.0581329,0,0,0,0,0,0,-2.83482,-0.00606604,0,0,0,0,0,0,-0.0580043,-0.0116266,0,0,0,0,0,0,1.30258,0.0116266,0,0,0,0,0,0,-2.80473,-0.00606604,0,0,0,0,0,0,-0.296763,0.0387552,0,0,0,0,0,0,1.31639,0.0581329,0,0,0,0,0,0,-2.81375,-0.0242641,0,0,0,0,0,0,0.31611,-0.0116266,0,0,0,0,0,0,1.309,0,0,0,0,0,0,0,-2.81089,-0.00404402,
615,0,0,0,0,0,0,0.107357,0,0,0,0,0,0,0,1.32196,-0.00775105,0,0,0,0,0,0,-2.83484,-0.0283082,0,0,0,0,0,0,-0.057974,0.0503818,0,0,0,0,0,0,1.30255,0,0,0,0,0,0,0,-2.80473,0.00606604,0,0,0,0,0,0,-0.296793,-0.0116266,0,0,0,0,0,0,1.31635,0,0,0,0,0,0,0,-2.81373,0.0161761,0,0,0,0,0,0,0.31614,0.0387552,0,0,0,0,0,0,1.309,-0.0581329,0,0,0,0,0,0,-2.81089,-0.0141541,
616,0,0,0,0,0,0,0.107357,0.0193776,0,0,0,0,0,0,1.32199,0.0542573,0,0,0,0,0,0,-2.83482,-0.00606604,0,0,0,0,0,0,-0.057974,0.0271287,0,0,0,0,0,0,1.30255,-0.0387552,0,0,0,0,0,0,-2.80471,0.0181981,0,0,0,0,0,0,-0.296763,0.0426308,0,0,0,0,0,0,1.31635,-0.00387552,0,0,0,0,0,0,-2.81373,0,0,0,0,0,0,0,0.31614,0.0426308,0,0,0,0,0,0,1.309,0.00387552,0,0,0,0,0,0,-2.81086,0.0525723,
617,0,0,0,0,0,0,0.107326,-0.0465063,0,0,0,0,0,0,1.32199,0.0387552,0,0,0,0,0,0,-2.83482,0.00606604,0,0,0,0,0,0,-0.0580346,-0.0581329,0,0,0,0,0,0,1.30258,0.0155021,0,0,0,0,0,0,-2.80473,0,0,0,0,0,0,0,-0.296763,0.0271287,0,0,0,0,0,0,1.31642,0.108515,0,0,0,0,0,0,-2.81375,-0.0202201,0,0,0,0,0,0,0.31611,-0.0155021,0,0,0,0,0,0,1.309,0.0155021,0,0,0,0,0,0,-2.81087,0.0242641,
618,0,0,0,0,0,0,0.107296,0.0155021,0,0,0,0,0,0,1.32199,0.0542573,0,0,0,0,0,0,-2.83482,0.00404402,0,0,0,0,0,0,-0.0580346,-0.0620084,0,0,0,0,0,0,1.30258,-0.00387552,0,0,0,0,0,0,-2.80471,0.0202201,0,0,0,0,0,0,-0.296763,0.0387552,0,0,0,0,0,0,1.31639,0.0387552,0,0,0,0,0,0,-2.81373,0.00808805,0,0,0,0,0,0,0.31614,0.0465063,0,0,0,0,0,0,1.309,0,0,0,0,0,0,0,-2.81087,-0.00404402,
619,0,0,0,0,0,0,0.107357,0.0271287,0,0,0,0,0,0,1.32199,0.0426308,0,0,0,0,0,0,-2.83482,0,0,0,0,0,0,0,-0.0580346,-0.0620084,0,0,0,0,0,0,1.30255,-0.0465063,0,0,0,0,0,0,-2.80475,-0.0363962,0,0,0,0,0,0,-0.296763,0.0116266,0,0,0,0,0,0,1.31635,0,0,0,0,0,0,0,-2.81375,0,0,0,0,0,0,0,0.31614,0.0503818,0,0,0,0,0,0,1.30897,-0.0387552,0,0,0,0,0,0,-2.81086,0.0545943,
620,0,0,0,0,0,0,0.107326,-0.0465063,0,0,0,0,0,0,1.32196,-0.0271287,0,0,0,0,0,0,-2.83484,-0.0363962,0,0,0,0,0,0,-0.0580346,-0.0271287,0,0,0,0,0,0,1.30261,0.0542573,0,0,0,0,0,0,-2.80473,-0.0101101,0,0,0,0,0,0,-0.296763,0.0387552,0,0,0,0,0,0,1.31639,0.0387552,0,0,0,0,0,0,-2.81373,0.0121321,0,0,0,0,0,0,0.31611,-0.0155021,0,0,0,0,0,0,1.309,0.0193776,0,0,0,0,0,0,-2.81087,0.0303302,
621,0,0,0,0,0,0,0.107357,0,0,0,0,0,0,0,1.32199,0.0581329,0,0,0,0,0,0,-2.83484,-0.0202201,0,0,0,0,0,0,-0.0580346,-0.0581329,0,0,0,0,0,0,1.30255,-0.0426308,0,0,0,0,0,0,-2.80473,-0.00202201,0,0,0,0,0,0,-0.296732,0.0852615,0,0,0,0,0,0,1.31635,0.00387552,0,0,0,0,0,0,-2.81375,-0.0202201,0,0,0,0,0,0,0.31611,-0.0155021,0,0,0,0,0,0,1.309,0.00775105,0,0,0,0,0,0,-2.81089,-0.0101101,
622,0,0,0,0,0,0,0.107357,0.00775105,0,0,0,0,0,0,1.32196,0,0,0,0,0,0,0,-2.83484,-0.0283082,0,0,0,0,0,0,-0.057974,0.0697594,0,0,0,0,0,0,1.30255,-0.0387552,0,0,0,0,0,0,-2.80473,-0.00202201,0,0,0,0,0,0,-0.296793,-0.0271287,0,0,0,0,0,0,1.31635,-0.0155021,0,0,0,0,0,0,-2.81375,-0.0222421,0,0,0,0,0,0,0.31608,-0.0581329,0,0,0,0,0,0,1.30897,-0.0465063,0,0,0,0,0,0,-2.81087,0.0202201,
623,0,0,0,0,0,0,0.107357,0.0232531,0,0,0,0,0,0,1.32196,0,0,0,0,0,0,0,-2.83481,0.0323522,0,0,0,0,0,0,-0.0580043,-0.0232531,0,0,0,0,0,0,1.30258,0.0193776,0,0,0,0,0,0,-2.80471,0.0202201,0,0,0,0,0,0,-0.296763,0.0387552,0,0,0,0,0,0,1.31635,0,0,0,0,0,0,0,-2.81375,-0.0181981,0,0,0,0,0,0,0.31614,0.0387552,0,0,0,0,0,0,1.309,0,0,0,0,0,0,0,-2.81089,-0.00808805,
624,0,0,0,0,0,0,0.107326,-0.0542573,0,0,0,0,0,0,1.32196,-0.00387552,0,0,0,0,0,0,-2.83484,-0.0202201,0,0,0,0,0,0,-0.0580043,-0.0193776,0,0,0,0,0,0,1.30255,-0.0542573,0,0,0,0,0,0,-2.80471,0.0202201,0,0,0,0,0,0,-0.296763,0.0232531,0,0,0,0,0,0,1.31635,-0.00775105,0,0,0,0,0,0,-2.81375,-0.0202201,0,0,0,0,0,0,0.31611,-0.00775105,0,0,0,0,0,0,1.309,0.00775105,0,0,0,0,0,0,-2.81089,-0.00606604,
625,0,0,0,0,0,0,0.107326,-0.0620084,0,0,0,0,0,0,1.32196,0,0,0,0,0,0,0,-2.83482,-0.00404402,0,0,0,0,0,0,-0.0580043,-0.0193776,0,0,0,0,0,0,1.30255,-0.0426308,0,0,0,0,0,0,-2.80471,0.0202201,0,0,0,0,0,0,-0.296763,0.0310042,0,0,0,0,0,0,1.31635,0,0,0,0,0,0,0,-2.81377,-0.0485283,0,0,0,0,0,0,0.31608,-0.0658839,0,0,0,0,0,0,1.30897,-0.0465063,0,0,0,0,0,0,-2.81087,-0.0101101,
626,0,0,0,0,0,0,0.107326,-0.0271287,0,0,0,0,0,0,1.32196,-0.00387552,0,0,0,0,0,0,-2.83484,-0.0343742,0,0,0,0,0,0,-0.0580043,-0.0271287,0,0,0,0,0,0,1.30258,0.0116266,0,0,0,0,0,0,-2.80473,0,0,0,0,0,0,0,-0.296732,0.0697594,0,0,0,0,0,0,1.31635,0,0,0,0,0,0,0,-2.81375,-0.0222421,0,0,0,0,0,0,0.31614,0.0348797,0,0,0,0,0,0,1.30897,-0.0465063,0,0,0,0,0,0,-2.81087,0.0262862,
627,0,0,0,0,0,0,0.107326,-0.0271287,0,0,0,0,0,0,1.32196,-0.00387552,0,0,0,0,0,0,-2.83484,-0.0343742,0,0,0,0,0,0,-0.0580043,-0.0271287,0,0,0,0,0,0,1.30258,0.0116266,0,0,0,0,0,0,-2.80473,0,0,0,0,0,0,0,-0.296732,0.0697594,0,0,0,0,0,0,1.31635,0,0,0,0,0,0,0,-2.81375,-0.0222421,0,0,0,0,0,0,0.31614,0.0348797,0,0,0,0,0,0,1.30897,-0.0465063,0,0,0,0,0,0,-2.81087,0.0262862,
628,0,0,0,0,0,0,0.107357,0,0,0,0,0,0,0,1.32199,0.0581329,0,0,0,0,0,0,-2.83481,0.0283082,0,0,0,0,0,0,-0.0580346,-0.0697594,0,0,0,0,0,0,1.30258,-0.0620084,0,0,0,0,0,0,-2.80471,0.0222421,0,0,0,0,0,0,-0.296763,0.0155021,0,0,0,0,0,0,1.31639,0.0465063,0,0,0,0,0,0,-2.81375,-0.0181981,0,0,0,0,0,0,0.31608,-0.0581329,0,0,0,0,0,0,1.309,0.00387552,0,0,0,0,0,0,-2.81089,-0.00404402,
629,0,0,0,0,0,0,0.107357,0.00775105,0,0,0,0,0,0,1.32199,0.0426308,0,0,0,0,0,0,-2.83482,0,0,0,0,0,0,0,-0.0580043,-0.0426308,0,0,0,0,0,0,1.30258,0,0,0,0,0,0,0,-2.80473,-0.00606604,0,0,0,0,0,0,-0.296763,0.0271287,0,0,0,0,0,0,1.31639,0.0387552,0,0,0,0,0,0,-2.81375,0,0,0,0,0,0,0,0.31611,-0.0193776,0,0,0,0,0,0,1.309,-0.0542573,0,0,0,0,0,0,-2.81087,0.0202201,
630,0,0,0,0,0,0,0.107357,0.0426308,0,0,0,0,0,0,1.32199,0.0426308,0,0,0,0,0,0,-2.83482,-0.0343742,0,0,0,0,0,0,-0.057974,0.0310042,0,0,0,0,0,0,1.30258,0,0,0,0,0,0,0,-2.80473,0.00202201,0,0,0,0,0,0,-0.296793,-0.0387552,0,0,0,0,0,0,1.31635,-0.00775105,0,0,0,0,0,0,-2.81375,-0.0202201,0,0,0,0,0,0,0.31611,-0.00775105,0,0,0,0,0,0,1.309,0,0,0,0,0,0,0,-2.81087,0.0202201,
631,0,0,0,0,0,0,0.107296,-0.100764,0,0,0,0,0,0,1.32196,-0.0155021,0,0,0,0,0,0,-2.83484,-0.0363962,0,0,0,0,0,0,-0.0580346,-0.073635,0,0,0,0,0,0,1.30255,-0.0348797,0,0,0,0,0,0,-2.80471,0.0363962,0,0,0,0,0,0,-0.296763,-0.0193776,0,0,0,0,0,0,1.31635,0.00387552,0,0,0,0,0,0,-2.81375,-0.0242641,0,0,0,0,0,0,0.31611,0.00775105,0,0,0,0,0,0,1.309,0,0,0,0,0,0,0,-2.81087,0.0161761,
632,0,0,0,0,0,0,0.107326,-0.0271287,0,0,0,0,0,0,1.32196,-0.0193776,0,0,0,0,0,0,-2.83484,-0.0202201,0,0,0,0,0,0,-0.0580043,0.00775105,0,0,0,0,0,0,1.30255,-0.0581329,0,0,0,0,0,0,-2.8047,0.0202201,0,0,0,0,0,0,-0.296763,0,0,0,0,0,0,0,1.31635,0.00387552,0,0,0,0,0,0,-2.81375,-0.0262862,0,0,0,0,0,0,0.31611,0.0426308,0,0,0,0,0,0,1.30897,-0.0581329,0,0,0,0,0,0,-2.81089,-0.00202201,
633,0,0,0,0,0,0,0.107326,-0.0348797,0,0,0,0,0,0,1.32199,0.0387552,0,0,0,0,0,0,-2.83484,-0.0303302,0,0,0,0,0,0,-0.057974,-0.0193776,0,0,0,0,0,0,1.30258,0.0155021,0,0,0,0,0,0,-2.80475,-0.0363962,0,0,0,0,0,0,-0.296763,0.0193776,0,0,0,0,0,0,1.31639,0.0542573,0,0,0,0,0,0,-2.81373,0.00808805,0,0,0,0,0,0,0.31611,0.00387552,0,0,0,0,0,0,1.309,0,0,0,0,0,0,0,-2.81087,0.0202201,
634,0,0,0,0,0,0,0.107296,-0.089137,0,0,0,0,0,0,1.32196,-0.0116266,0,0,0,0,0,0,-2.83482,-0.00808805,0,0,0,0,0,0,-0.0580043,-0.0503818,0,0,0,0,0,0,1.30258,0.0116266,0,0,0,0,0,0,-2.80473,0.00606604,0,0,0,0,0,0,-0.296763,0.0310042,0,0,0,0,0,0,1.31642,0.108515,0,0,0,0,0,0,-2.81375,-0.0141541,0,0,0,0,0,0,0.31614,0.0581329,0,0,0,0,0,0,1.30897,-0.0620084,0,0,0,0,0,0,-2.81089,-0.00404402,
635,0,0,0,0,0,0,0.107326,-0.0155021,0,0,0,0,0,0,1.32196,-0.0155021,0,0,0,0,0,0,-2.83481,0.0384182,0,0,0,0,0,0,-0.0580346,-0.0697594,0,0,0,0,0,0,1.30255,-0.0581329,0,0,0,0,0,0,-2.80471,0.0404403,0,0,0,0,0,0,-0.296763,-0.00775105,0,0,0,0,0,0,1.31635,-0.0193776,0,0,0,0,0,0,-2.81375,-0.0202201,0,0,0,0,0,0,0.31611,-0.0116266,0,0,0,0,0,0,1.309,-0.00387552,0,0,0,0,0,0,-2.81089,-0.00404402,
636,0,0,0,0,0,0,0.107357,0.0193776,0,0,0,0,0,0,1.32199,0.0348797,0,0,0,0,0,0,-2.83484,-0.0343742,0,0,0,0,0,0,-0.057974,0.00775105,0,0,0,0,0,0,1.30255,-0.0503818,0,0,0,0,0,0,-2.80471,0.0202201,0,0,0,0,0,0,-0.296793,-0.0426308,0,0,0,0,0,0,1.31639,0.0387552,0,0,0,0,0,0,-2.81373,0.00606604,0,0,0,0,0,0,0.31611,0,0,0,0,0,0,0,1.309,-0.00775105,0,0,0,0,0,0,-2.81087,0.0303302,
637,0,0,0,0,0,0,0.107326,-0.0465063,0,0,0,0,0,0,1.32199,0.0465063,0,0,0,0,0,0,-2.83481,-0.0283082,0,0,0,0,0,0,-0.057974,0.0193776,0,0,0,0,0,0,1.30258,0.0193776,0,0,0,0,0,0,-2.80471,0.0262862,0,0,0,0,0,0,-0.296763,0.0232531,0,0,0,0,0,0,1.31639,0.0348797,0,0,0,0,0,0,-2.81375,-0.0222421,0,0,0,0,0,0,0.31614,0.0387552,0,0,0,0,0,0,1.309,0,0,0,0,0,0,0,-2.81087,0.0202201,
638,0,0,0,0,0,0,0.107357,0.0155021,0,0,0,0,0,0,1.32199,0.0503818,0,0,0,0,0,0,-2.83481,-0.0283082,0,0,0,0,0,0,-0.057974,0.00775105,0,0,0,0,0,0,1.30258,0.0193776,0,0,0,0,0,0,-2.80473,0.0121321,0,0,0,0,0,0,-0.296732,0.0620084,0,0,0,0,0,0,1.31639,0.0348797,0,0,0,0,0,0,-2.81375,-0.0242641,0,0,0,0,0,0,0.31614,0.0503818,0,0,0,0,0,0,1.309,-0.0116266,0,0,0,0,0,0,-2.81087,0.0222421,
639,0,0,0,0,0,0,0.107296,-0.11239,0,0,0,0,0,0,1.32196,-0.0193776,0,0,0,0,0,0,-2.83482,-0.00202201,0,0,0,0,0,0,-0.057974,0,0,0,0,0,0,0,1.30258,0.0193776,0,0,0,0,0,0,-2.80473,0,0,0,0,0,0,0,-0.296763,0.00387552,0,0,0,0,0,0,1.31639,0.0581329,0,0,0,0,0,0,-2.81375,-0.0202201,0,0,0,0,0,0,0.31614,0.0387552,0,0,0,0,0,0,1.309,-0.00775105,0,0,0,0,0,0,-2.81087,0.0242641,
640,0,0,0,0,0,0,0.107296,-0.089137,0,0,0,0,0,0,1.32196,-0.0116266,0,0,0,0,0,0,-2.83484,-0.0202201,0,0,0,0,0,0,-0.057974,0.0193776,0,0,0,0,0,0,1.30258,0.0155021,0,0,0,0,0,0,-2.80473,-0.00606604,0,0,0,0,0,0,-0.296763,0.0155021,0,0,0,0,0,0,1.31635,-0.00387552,0,0,0,0,0,0,-2.81373,0.0101101,0,0,0,0,0,0,0.31614,0.0310042,0,0,0,0,0,0,1.309,-0.00775105,0,0,0,0,0,0,-2.81089,-0.00606604,
641,0,0,0,0,0,0,0.107326,-0.0503818,0,0,0,0,0,0,1.32199,0.0310042,0,0,0,0,0,0,-2.83484,-0.0202201,0,0,0,0,0,0,-0.057974,0.00387552,0,0,0,0,0,0,1.30255,-0.0465063,0,0,0,0,0,0,-2.80471,0.0181981,0,0,0,0,0,0,-0.296763,0.0193776,0,0,0,0,0,0,1.31639,0.0387552,0,0,0,0,0,0,-2.81375,-0.0202201,0,0,0,0,0,0,0.31614,0.0387552,0,0,0,0,0,0,1.309,0.0116266,0,0,0,0,0,0,-2.81087,0.0202201,
642,0,0,0,0,0,0,0.107296,-0.0930126,0,0,0,0,0,0,1.32196,-0.0116266,0,0,0,0,0,0,-2.83482,-0.00404402,0,0,0,0,0,0,-0.0580346,-0.0852615,0,0,0,0,0,0,1.30255,-0.0465063,0,0,0,0,0,0,-2.8047,0.0505503,0,0,0,0,0,0,-0.296732,0.0697594,0,0,0,0,0,0,1.31635,-0.00775105,0,0,0,0,0,0,-2.81375,-0.0202201,0,0,0,0,0,0,0.31614,0.0387552,0,0,0,0,0,0,1.30897,-0.0503818,0,0,0,0,0,0,-2.81089,0,
643,0,0,0,0,0,0,0.107326,-0.0348797,0,0,0,0,0,0,1.32199,0.0542573,0,0,0,0,0,0,-2.83484,-0.0202201,0,0,0,0,0,0,-0.0580346,-0.0348797,0,0,0,0,0,0,1.30255,-0.0387552,0,0,0,0,0,0,-2.80473,0,0,0,0,0,0,0,-0.296763,0.0116266,0,0,0,0,0,0,1.31632,-0.0542573,0,0,0,0,0,0,-2.81373,0.0101101,0,0,0,0,0,0,0.31614,0.0542573,0,0,0,0,0,0,1.30897,-0.0581329,0,0,0,0,0,0,-2.81089,-0.0101101,
644,0,0,0,0,0,0,0.107357,0.0232531,0,0,0,0,0,0,1.32199,0.0542573,0,0,0,0,0,0,-2.83482,0,0,0,0,0,0,0,-0.057974,0.0193776,0,0,0,0,0,0,1.30258,0.0116266,0,0,0,0,0,0,-2.80473,0,0,0,0,0,0,0,-0.296793,-0.0232531,0,0,0,0,0,0,1.31635,-0.00775105,0,0,0,0,0,0,-2.81375,-0.0202201,0,0,0,0,0,0,0.31614,0.0542573,0,0,0,0,0,0,1.309,-0.00775105,0,0,0,0,0,0,-2.81089,-0.00404402,
645,0,0,0,0,0,0,0.107326,-0.0116266,0,0,0,0,0,0,1.32196,0,0,0,0,0,0,0,-2.83484,-0.00808805,0,0,0,0,0,0,-0.057974,0.0426308,0,0,0,0,0,0,1.30258,0.00387552,0,0,0,0,0,0,-2.80471,0.0101101,0,0,0,0,0,0,-0.296793,-0.0348797,0,0,0,0,0,0,1.31635,0,0,0,0,0,0,0,-2.81373,0.0101101,0,0,0,0,0,0,0.31611,-0.0155021,0,0,0,0,0,0,1.309,0,0,0,0,0,0,0,-2.81087,0.0202201,
646,0,0,0,0,0,0,0.107326,-0.0310042,0,0,0,0,0,0,1.32196,-0.00387552,0,0,0,0,0,0,-2.83482,0.0101101,0,0,0,0,0,0,-0.0580043,-0.0387552,0,0,0,0,0,0,1.30258,0,0,0,0,0,0,0,-2.80475,-0.0222421,0,0,0,0,0,0,-0.296763,0.0271287,0,0,0,0,0,0,1.31639,0.0387552,0,0,0,0,0,0,-2.81373,0.0101101,0,0,0,0,0,0,0.31614,0.0387552,0,0,0,0,0,0,1.30897,-0.0620084,0,0,0,0,0,0,-2.81087,0.0202201,
647,0,0,0,0,0,0,0.107296,-0.0658839,0,0,0,0,0,0,1.32196,0,0,0,0,0,0,0,-2.83482,-0.00202201,0,0,0,0,0,0,-0.057974,-0.0387552,0,0,0,0,0,0,1.30255,-0.0503818,0,0,0,0,0,0,-2.80473,-0.00202201,0,0,0,0,0,0,-0.296763,0.0310042,0,0,0,0,0,0,1.31635,-0.0155021,0,0,0,0,0,0,-2.81375,-0.0202201,0,0,0,0,0,0,0.31614,0.0465063,0,0,0,0,0,0,1.309,0,0,0,0,0,0,0,-2.81087,0.0202201,
648,0,0,0,0,0,0,0.107326,-0.0232531,0,0,0,0,0,0,1.32196,-0.00387552,0,0,0,0,0,0,-2.83482,-0.00808805,0,0,0,0,0,0,-0.057974,0.0116266,0,0,0,0,0,0,1.30255,-0.0503818,0,0,0,0,0,0,-2.8047,0.0485283,0,0,0,0,0,0,-0.296793,-0.0155021,0,0,0,0,0,0,1.31635,0,0,0,0,0,0,0,-2.81375,-0.0222421,0,0,0,0,0,0,0.31614,0.0465063,0,0,0,0,0,0,1.309,-0.00387552,0,0,0,0,0,0,-2.81087,0.0262862,
649,0,0,0,0,0,0,0.107326,0.00775105,0,0,0,0,0,0,1.32196,0,0,0,0,0,0,0,-2.83482,0.00202201,0,0,0,0,0,0,-0.057974,0.0155021,0,0,0,0,0,0,1.30258,0,0,0,0,0,0,0,-2.80473,-0.00202201,0,0,0,0,0,0,-0.296763,0.0387552,0,0,0,0,0,0,1.31639,0.0348797,0,0,0,0,0,0,-2.81375,-0.0202201,0,0,0,0,0,0,0.31614,0.0465063,0,0,0,0,0,0,1.309,0.00387552,0,0,0,0,0,0,-2.81087,0.0181981,
650,0,0,0,0,0,0,0.107326,-0.0232531,0,0,0,0,0,0,1.32196,0,0,0,0,0,0,0,-2.83482,-0.00202201,0,0,0,0,0,0,-0.057974,0,0,0,0,0,0,0,1.30258,0.0193776,0,0,0,0,0,0,-2.80473,0.00808805,0,0,0,0,0,0,-0.296732,0.0930126,0,0,0,0,0,0,1.31639,0.0465063,0,0,0,0,0,0,-2.81375,-0.0121321,0,0,0,0,0,0,0.31611,0,0,0,0,0,0,0,1.309,0,0,0,0,0,0,0,-2.81091,-0.0283082,
651,0,0,0,0,0,0,0.107296,-0.081386,0,0,0,0,0,0,1.32199,0.0387552,0,0,0,0,0,0,-2.83484,-0.0303302,0,0,0,0,0,0,-0.0580043,-0.0542573,0,0,0,0,0,0,1.30261,0.0581329,0,0,0,0,0,0,-2.80471,0.0303302,0,0,0,0,0,0,-0.296763,0.0426308,0,0,0,0,0,0,1.31639,0.0387552,0,0,0,0,0,0,-2.81375,-0.0242641,0,0,0,0,0,0,0.31611,-0.0193776,0,0,0,0,0,0,1.309,-0.00387552,0,0,0,0,0,0,-2.81087,0.0303302,
652,0,0,0,0,0,0,0.107296,-0.0620084,0,0,0,0,0,0,1.32196,0,0,0,0,0,0,0,-2.83481,0.0343742,0,0,0,0,0,0,-0.0580043,-0.0503818,0,0,0,0,0,0,1.30255,-0.0620084,0,0,0,0,0,0,-2.80473,-0.00404402,0,0,0,0,0,0,-0.296763,0.0348797,0,0,0,0,0,0,1.31639,0.0348797,0,0,0,0,0,0,-2.81375,0.0384182,0,0,0,0,0,0,0.31614,0.0426308,0,0,0,0,0,0,1.30897,-0.0620084,0,0,0,0,0,0,-2.81087,0.0242641,
653,0,0,0,0,0,0,0.107357,0.0155021,0,0,0,0,0,0,1.32199,0.0387552,0,0,0,0,0,0,-2.83484,-0.0181981,0,0,0,0,0,0,-0.0580043,-0.0310042,0,0,0,0,0,0,1.30258,0.00387552,0,0,0,0,0,0,-2.80473,0.00808805,0,0,0,0,0,0,-0.296763,0.0310042,0,0,0,0,0,0,1.31635,-0.00775105,0,0,0,0,0,0,-2.81375,-0.0202201,0,0,0,0,0,0,0.31614,0.0387552,0,0,0,0,0,0,1.30897,-0.0465063,0,0,0,0,0,0,-2.81086,0.0485283,
654,0,0,0,0,0,0,0.107296,-0.0581329,0,0,0,0,0,0,1.32196,-0.0155021,0,0,0,0,0,0,-2.83481,0.0323522,0,0,0,0,0,0,-0.0580346,-0.104639,0,0,0,0,0,0,1.30258,0.0116266,0,0,0,0,0,0,-2.80471,0.0202201,0,0,0,0,0,0,-0.296793,-0.0271287,0,0,0,0,0,0,1.31639,0.0620084,0,0,0,0,0,0,-2.81373,0.00404402,0,0,0,0,0,0,0.31611,-0.00775105,0,0,0,0,0,0,1.30897,-0.0387552,0,0,0,0,0,0,-2.81087,0.0202201,
655,0,0,0,0,0,0,0.107326,-0.0271287,0,0,0,0,0,0,1.32199,0.0465063,0,0,0,0,0,0,-2.83482,0.00808805,0,0,0,0,0,0,-0.057974,-0.0581329,0,0,0,0,0,0,1.30255,-0.0465063,0,0,0,0,0,0,-2.80471,0.0303302,0,0,0,0,0,0,-0.296763,0.0426308,0,0,0,0,0,0,1.31635,-0.0193776,0,0,0,0,0,0,-2.81375,-0.0202201,0,0,0,0,0,0,0.31611,-0.0232531,0,0,0,0,0,0,1.30897,-0.0387552,0,0,0,0,0,0,-2.81087,0.0202201,
656,0,0,0,0,0,0,0.107326,-0.0232531,0,0,0,0,0,0,1.32196,0.00775105,0,0,0,0,0,0,-2.83482,0.0121321,0,0,0,0,0,0,-0.057974,0.0387552,0,0,0,0,0,0,1.30258,0.00387552,0,0,0,0,0,0,-2.80471,0.0262862,0,0,0,0,0,0,-0.296763,0.0387552,0,0,0,0,0,0,1.31635,0.00387552,0,0,0,0,0,0,-2.81375,-0.0202201,0,0,0,0,0,0,0.31611,-0.0193776,0,0,0,0,0,0,1.30897,-0.0503818,0,0,0,0,0,0,-2.81091,-0.0303302,
657,0,0,0,0,0,0,0.107357,0.0310042,0,0,0,0,0,0,1.32202,0.108515,0,0,0,0,0,0,-2.83482,0.00606604,0,0,0,0,0,0,-0.0580346,-0.11239,0,0,0,0,0,0,1.30258,0,0,0,0,0,0,0,-2.80471,0.0242641,0,0,0,0,0,0,-0.296763,0.0387552,0,0,0,0,0,0,1.31639,-0.0581329,0,0,0,0,0,0,-2.81375,-0.0161761,0,0,0,0,0,0,0.31614,0.0387552,0,0,0,0,0,0,1.309,0,0,0,0,0,0,0,-2.81087,0.0262862,
658,0,0,0,0,0,0,0.107357,0,0,0,0,0,0,0,1.32196,0,0,0,0,0,0,0,-2.83484,-0.0323522,0,0,0,0,0,0,-0.0580043,-0.0465063,0,0,0,0,0,0,1.30258,0,0,0,0,0,0,0,-2.80471,0.0202201,0,0,0,0,0,0,-0.296793,-0.0155021,0,0,0,0,0,0,1.31642,0.0930126,0,0,0,0,0,0,-2.81375,-0.0283082,0,0,0,0,0,0,0.31614,0.0387552,0,0,0,0,0,0,1.309,0,0,0,0,0,0,0,-2.81091,-0.0384182,
659,0,0,0,0,0,0,0.107326,-0.00775105,0,0,0,0,0,0,1.32199,-0.0155021,0,0,0,0,0,0,-2.83484,-0.0222421,0,0,0,0,0,0,-0.0580043,-0.0387552,0,0,0,0,0,0,1.30255,-0.0387552,0,0,0,0,0,0,-2.80471,0.0202201,0,0,0,0,0,0,-0.296763,0.0387552,0,0,0,0,0,0,1.31639,0.0542573,0,0,0,0,0,0,-2.81375,-0.0242641,0,0,0,0,0,0,0.31611,-0.0116266,0,0,0,0,0,0,1.309,-0.0116266,0,0,0,0,0,0,-2.81087,0.0222421,
660,0,0,0,0,0,0,0.107357,0.0193776,0,0,0,0,0,0,1.32199,0.0387552,0,0,0,0,0,0,-2.83484,-0.0242641,0,0,0,0,0,0,-0.0580043,-0.0426308,0,0,0,0,0,0,1.30255,-0.0581329,0,0,0,0,0,0,-2.80471,0.0303302,0,0,0,0,0,0,-0.296763,0.0387552,0,0,0,0,0,0,1.31635,0.00775105,0,0,0,0,0,0,-2.81377,-0.0465063,0,0,0,0,0,0,0.31611,-0.0193776,0,0,0,0,0,0,1.309,0.0581329,0,0,0,0,0,0,-2.81089,-0.00606604,
661,0,0,0,0,0,0,0.107296,-0.089137,0,0,0,0,0,0,1.32196,-0.0116266,0,0,0,0,0,0,-2.83484,-0.0222421,0,0,0,0,0,0,-0.0580043,-0.0387552,0,0,0,0,0,0,1.30255,-0.0426308,0,0,0,0,0,0,-2.80473,0.0242641,0,0,0,0,0,0,-0.296732,0.073635,0,0,0,0,0,0,1.31635,-0.0155021,0,0,0,0,0,0,-2.81375,-0.0222421,0,0,0,0,0,0,0.31614,0.0465063,0,0,0,0,0,0,1.309,0,0,0,0,0,0,0,-2.81087,0.0202201,
662,0,0,0,0,0,0,0.107357,0.0155021,0,0,0,0,0,0,1.32199,0.0387552,0,0,0,0,0,0,-2.83484,-0.0202201,0,0,0,0,0,0,-0.0580043,-0.0542573,0,0,0,0,0,0,1.30255,-0.0387552,0,0,0,0,0,0,-2.80471,0.0323522,0,0,0,0,0,0,-0.296793,-0.0155021,0,0,0,0,0,0,1.31639,0.0387552,0,0,0,0,0,0,-2.81377,-0.0586384,0,0,0,0,0,0,0.31611,-0.0116266,0,0,0,0,0,0,1.30897,-0.0581329,0,0,0,0,0,0,-2.81089,0,
663,0,0,0,0,0,0,0.107326,-0.0155021,0,0,0,0,0,0,1.32199,0.0387552,0,0,0,0,0,0,-2.83484,-0.0202201,0,0,0,0,0,0,-0.0580346,-0.108515,0,0,0,0,0,0,1.30255,-0.0387552,0,0,0,0,0,0,-2.80471,0.0323522,0,0,0,0,0,0,-0.296763,0.0271287,0,0,0,0,0,0,1.31639,0.0387552,0,0,0,0,0,0,-2.81375,-0.0161761,0,0,0,0,0,0,0.31611,-0.0116266,0,0,0,0,0,0,1.309,-0.0155021,0,0,0,0,0,0,-2.81087,0.0222421,
664,0,0,0,0,0,0,0.107326,-0.0426308,0,0,0,0,0,0,1.32196,-0.0116266,0,0,0,0,0,0,-2.83482,0.0101101,0,0,0,0,0,0,-0.0580043,-0.0503818,0,0,0,0,0,0,1.30258,0,0,0,0,0,0,0,-2.80471,-0.00606604,0,0,0,0,0,0,-0.296793,-0.0542573,0,0,0,0,0,0,1.31635,-0.00775105,0,0,0,0,0,0,-2.81375,-0.0242641,0,0,0,0,0,0,0.31611,-0.0155021,0,0,0,0,0,0,1.309,-0.0155021,0,0,0,0,0,0,-2.81087,0.0202201,
665,0,0,0,0,0,0,0.107357,0.0348797,0,0,0,0,0,0,1.32199,0.0542573,0,0,0,0,0,0,-2.83484,-0.0161761,0,0,0,0,0,0,-0.057974,0.00775105,0,0,0,0,0,0,1.30255,-0.0465063,0,0,0,0,0,0,-2.80473,0,0,0,0,0,0,0,-0.296793,-0.0503818,0,0,0,0,0,0,1.31635,-0.0155021,0,0,0,0,0,0,-2.81375,-0.0202201,0,0,0,0,0,0,0.31611,-0.0193776,0,0,0,0,0,0,1.309,0,0,0,0,0,0,0,-2.81087,0.0202201,
666,0,0,0,0,0,0,0.107296,-0.0968881,0,0,0,0,0,0,1.32199,0.0581329,0,0,0,0,0,0,-2.83484,-0.0222421,0,0,0,0,0,0,-0.0580043,-0.0503818,0,0,0,0,0,0,1.30258,0.0193776,0,0,0,0,0,0,-2.80471,0.0222421,0,0,0,0,0,0,-0.296732,0.073635,0,0,0,0,0,0,1.31639,0.0426308,0,0,0,0,0,0,-2.81373,0.00808805,0,0,0,0,0,0,0.31614,0.0465063,0,0,0,0,0,0,1.30897,-0.0581329,0,0,0,0,0,0,-2.81087,0.0202201,
667,0,0,0,0,0,0,0.107357,0.0310042,0,0,0,0,0,0,1.32199,0.0581329,0,0,0,0,0,0,-2.83482,-0.00404402,0,0,0,0,0,0,-0.0580043,-0.0116266,0,0,0,0,0,0,1.30255,-0.0465063,0,0,0,0,0,0,-2.80471,0.0283082,0,0,0,0,0,0,-0.296732,0.073635,0,0,0,0,0,0,1.31635,-0.0116266,0,0,0,0,0,0,-2.81373,-0.0262862,0,0,0,0,0,0,0.31614,0.0426308,0,0,0,0,0,0,1.30897,-0.0503818,0,0,0,0,0,0,-2.81087,0.0202201,
668,0,0,0,0,0,0,0.107387,0.0697594,0,0,0,0,0,0,1.32196,-0.00775105,0,0,0,0,0,0,-2.83481,0.0343742,0,0,0,0,0,0,-0.057974,0.0232531,0,0,0,0,0,0,1.30255,-0.0387552,0,0,0,0,0,0,-2.80473,-0.0323522,0,0,0,0,0,0,-0.296763,0.0271287,0,0,0,0,0,0,1.31635,-0.00775105,0,0,0,0,0,0,-2.81373,0.0101101,0,0,0,0,0,0,0.31611,-0.0310042,0,0,0,0,0,0,1.30897,-0.0503818,0,0,0,0,0,0,-2.81089,-0.00606604,
669,0,0,0,0,0,0,0.107326,-0.0387552,0,0,0,0,0,0,1.32196,-0.0155021,0,0,0,0,0,0,-2.83484,-0.0283082,0,0,0,0,0,0,-0.0580346,-0.0697594,0,0,0,0,0,0,1.30255,-0.0542573,0,0,0,0,0,0,-2.80471,-0.0384182,0,0,0,0,0,0,-0.296763,0.0116266,0,0,0,0,0,0,1.31635,0,0,0,0,0,0,0,-2.81373,0.00808805,0,0,0,0,0,0,0.31611,-0.00387552,0,0,0,0,0,0,1.30897,-0.0503818,0,0,0,0,0,0,-2.81089,0,
670,0,0,0,0,0,0,0.107357,0.0310042,0,0,0,0,0,0,1.32196,0,0,0,0,0,0,0,-2.83484,0.00606604,0,0,0,0,0,0,-0.0580043,-0.0232531,0,0,0,0,0,0,1.30258,0,0,0,0,0,0,0,-2.80473,-0.0121321,0,0,0,0,0,0,-0.296732,0.0852615,0,0,0,0,0,0,1.31635,-0.00387552,0,0,0,0,0,0,-2.81373,0.00606604,0,0,0,0,0,0,0.31611,-0.0193776,0,0,0,0,0,0,1.309,0,0,0,0,0,0,0,-2.81087,0.0202201,
671,0,0,0,0,0,0,0.107357,0.0155021,0,0,0,0,0,0,1.32199,0.0387552,0,0,0,0,0,0,-2.83482,0.00606604,0,0,0,0,0,0,-0.0580043,-0.0155021,0,0,0,0,0,0,1.30258,0.00775105,0,0,0,0,0,0,-2.80473,0.00606604,0,0,0,0,0,0,-0.296763,0.0387552,0,0,0,0,0,0,1.31635,0,0,0,0,0,0,0,-2.81375,-0.0202201,0,0,0,0,0,0,0.31611,0,0,0,0,0,0,0,1.309,0,0,0,0,0,0,0,-2.81089,-0.00808805,
672,0,0,0,0,0,0,0.107296,0.0310042,0,0,0,0,0,0,1.32196,-0.0116266,0,0,0,0,0,0,-2.83482,0.00404402,0,0,0,0,0,0,-0.0580043,0,0,0,0,0,0,0,1.30258,0,0,0,0,0,0,0,-2.80471,0.0303302,0,0,0,0,0,0,-0.296823,-0.0697594,0,0,0,0,0,0,1.31635,-0.0116266,0,0,0,0,0,0,-2.81373,0.00606604,0,0,0,0,0,0,0.31611,-0.00775105,0,0,0,0,0,0,1.30903,-0.0155021,0,0,0,0,0,0,-2.81089,-0.00606604,
673,0,0,0,0,0,0,0.107357,0.0271287,0,0,0,0,0,0,1.32196,-0.00387552,0,0,0,0,0,0,-2.83482,0,0,0,0,0,0,0,-0.057974,0.0271287,0,0,0,0,0,0,1.30258,-0.00387552,0,0,0,0,0,0,-2.80471,0.0202201,0,0,0,0,0,0,-0.296793,-0.0271287,0,0,0,0,0,0,1.31639,0.0387552,0,0,0,0,0,0,-2.81373,0.00606604,0,0,0,0,0,0,0.31614,0.0387552,0,0,0,0,0,0,1.309,-0.00775105,0,0,0,0,0,0,-2.81089,0,
674,0,0,0,0,0,0,0.107296,-0.108515,0,0,0,0,0,0,1.32196,-0.00387552,0,0,0,0,0,0,-2.83482,0.0141541,0,0,0,0,0,0,-0.0580346,-0.0620084,0,0,0,0,0,0,1.30258,-0.0620084,0,0,0,0,0,0,-2.80473,-0.00202201,0,0,0,0,0,0,-0.296793,-0.0193776,0,0,0,0,0,0,1.31635,0,0,0,0,0,0,0,-2.81375,-0.0222421,0,0,0,0,0,0,0.31614,0.0503818,0,0,0,0,0,0,1.309,-0.0232531,0,0,0,0,0,0,-2.81087,0.0283082,
675,0,0,0,0,0,0,0.107357,0.00775105,0,0,0,0,0,0,1.32196,0,0,0,0,0,0,0,-2.83482,0.0101101,0,0,0,0,0,0,-0.0580346,-0.0620084,0,0,0,0,0,0,1.30258,0.0116266,0,0,0,0,0,0,-2.80473,0.00606604,0,0,0,0,0,0,-0.296763,0.0387552,0,0,0,0,0,0,1.31635,0,0,0,0,0,0,0,-2.81373,0.00202201,0,0,0,0,0,0,0.31614,0.0542573,0,0,0,0,0,0,1.309,-0.0271287,0,0,0,0,0,0,-2.81089,0,
676,0,0,0,0,0,0,0.107357,0,0,0,0,0,0,0,1.32196,0.00775105,0,0,0,0,0,0,-2.83482,-0.0303302,0,0,0,0,0,0,-0.057974,0.0348797,0,0,0,0,0,0,1.30258,0,0,0,0,0,0,0,-2.80471,0.0101101,0,0,0,0,0,0,-0.296793,-0.0155021,0,0,0,0,0,0,1.31635,0,0,0,0,0,0,0,-2.81375,-0.0202201,0,0,0,0,0,0,0.31614,0.0465063,0,0,0,0,0,0,1.309,-0.00387552,0,0,0,0,0,0,-2.81089,-0.0101101,
677,0,0,0,0,0,0,0.107266,-0.127892,0,0,0,0,0,0,1.32196,-0.00387552,0,0,0,0,0,0,-2.83484,-0.0202201,0,0,0,0,0,0,-0.0580346,-0.0697594,0,0,0,0,0,0,1.30255,-0.0542573,0,0,0,0,0,0,-2.80471,0.0121321,0,0,0,0,0,0,-0.296763,0.0232531,0,0,0,0,0,0,1.31639,0.0387552,0,0,0,0,0,0,-2.81373,0.0121321,0,0,0,0,0,0,0.31614,0.0387552,0,0,0,0,0,0,1.309,-0.0116266,0,0,0,0,0,0,-2.81087,0.0202201,
678,0,0,0,0,0,0,0.107326,-0.0271287,0,0,0,0,0,0,1.32199,0.0310042,0,0,0,0,0,0,-2.83482,-0.00606604,0,0,0,0,0,0,-0.057974,0.0193776,0,0,0,0,0,0,1.30258,0,0,0,0,0,0,0,-2.80473,-0.00202201,0,0,0,0,0,0,-0.296732,0.0852615,0,0,0,0,0,0,1.31639,0.0581329,0,0,0,0,0,0,-2.81375,-0.0202201,0,0,0,0,0,0,0.31614,0.0426308,0,0,0,0,0,0,1.309,-0.0193776,0,0,0,0,0,0,-2.81086,0.0444843,
679,0,0,0,0,0,0,0.107326,-0.0271287,0,0,0,0,0,0,1.32199,0.0310042,0,0,0,0,0,0,-2.83482,-0.00606604,0,0,0,0,0,0,-0.057974,0.0193776,0,0,0,0,0,0,1.30258,0,0,0,0,0,0,0,-2.80473,-0.00202201,0,0,0,0,0,0,-0.296732,0.0852615,0,0,0,0,0,0,1.31639,0.0581329,0,0,0,0,0,0,-2.81375,-0.0202201,0,0,0,0,0,0,0.31614,0.0426308,0,0,0,0,0,0,1.309,-0.0193776,0,0,0,0,0,0,-2.81086,0.0444843,
680,0,0,0,0,0,0,0.107357,0.0232531,0,0,0,0,0,0,1.32196,-0.0155021,0,0,0,0,0,0,-2.83481,0.0202201,0,0,0,0,0,0,-0.057974,0.0116266,0,0,0,0,0,0,1.30258,0,0,0,0,0,0,0,-2.80473,0,0,0,0,0,0,0,-0.296763,0.00775105,0,0,0,0,0,0,1.31639,0.0426308,0,0,0,0,0,0,-2.81373,0.0101101,0,0,0,0,0,0,0.31614,0.0465063,0,0,0,0,0,0,1.309,0.00387552,0,0,0,0,0,0,-2.81087,0.0202201,
681,0,0,0,0,0,0,0.107326,-0.0348797,0,0,0,0,0,0,1.32199,0.0542573,0,0,0,0,0,0,-2.83481,0.0283082,0,0,0,0,0,0,-0.0580346,-0.0775105,0,0,0,0,0,0,1.30258,0.0193776,0,0,0,0,0,0,-2.80471,0.0242641,0,0,0,0,0,0,-0.296763,0.00775105,0,0,0,0,0,0,1.31639,0.0348797,0,0,0,0,0,0,-2.81375,-0.0202201,0,0,0,0,0,0,0.31614,0.0426308,0,0,0,0,0,0,1.30897,-0.0503818,0,0,0,0,0,0,-2.81089,-0.00808805,
682,0,0,0,0,0,0,0.107357,0.0348797,0,0,0,0,0,0,1.32196,0.0503818,0,0,0,0,0,0,-2.83484,-0.0283082,0,0,0,0,0,0,-0.057974,0.0155021,0,0,0,0,0,0,1.30261,0.0542573,0,0,0,0,0,0,-2.80471,0.0181981,0,0,0,0,0,0,-0.296763,0.0155021,0,0,0,0,0,0,1.31635,0,0,0,0,0,0,0,-2.81373,0.00808805,0,0,0,0,0,0,0.31611,-0.0193776,0,0,0,0,0,0,1.309,-0.00387552,0,0,0,0,0,0,-2.81087,0.0222421,
683,0,0,0,0,0,0,0.107326,-0.0155021,0,0,0,0,0,0,1.32196,-0.0193776,0,0,0,0,0,0,-2.83484,-0.0242641,0,0,0,0,0,0,-0.0580043,-0.0387552,0,0,0,0,0,0,1.30258,0,0,0,0,0,0,0,-2.80473,0.0121321,0,0,0,0,0,0,-0.296732,0.0620084,0,0,0,0,0,0,1.31635,0,0,0,0,0,0,0,-2.81375,-0.0222421,0,0,0,0,0,0,0.31614,0.0542573,0,0,0,0,0,0,1.309,0.00775105,0,0,0,0,0,0,-2.81087,0.0202201,
684,0,0,0,0,0,0,0.107357,0.0232531,0,0,0,0,0,0,1.32199,0.0387552,0,0,0,0,0,0,-2.83484,-0.0242641,0,0,0,0,0,0,-0.057974,0,0,0,0,0,0,0,1.30258,0.0155021,0,0,0,0,0,0,-2.80473,-0.00606604,0,0,0,0,0,0,-0.296763,0.0348797,0,0,0,0,0,0,1.31642,0.0930126,0,0,0,0,0,0,-2.81373,0.0101101,0,0,0,0,0,0,0.31614,0.0658839,0,0,0,0,0,0,1.30897,-0.0542573,0,0,0,0,0,0,-2.81086,0.0161761,
685,0,0,0,0,0,0,0.107326,-0.0426308,0,0,0,0,0,0,1.32196,0.0387552,0,0,0,0,0,0,-2.83484,-0.0343742,0,0,0,0,0,0,-0.0580043,-0.0310042,0,0,0,0,0,0,1.30258,0.0155021,0,0,0,0,0,0,-2.80471,0.0202201,0,0,0,0,0,0,-0.296763,0.0116266,0,0,0,0,0,0,1.31635,-0.0232531,0,0,0,0,0,0,-2.81373,0.0101101,0,0,0,0,0,0,0.31608,-0.0503818,0,0,0,0,0,0,1.309,0.0193776,0,0,0,0,0,0,-2.81089,-0.00808805,
686,0,0,0,0,0,0,0.107326,-0.0426308,0,0,0,0,0,0,1.32196,0,0,0,0,0,0,0,-2.83482,0,0,0,0,0,0,0,-0.0580043,-0.0155021,0,0,0,0,0,0,1.30255,-0.0387552,0,0,0,0,0,0,-2.80473,0,0,0,0,0,0,0,-0.296763,0.0193776,0,0,0,0,0,0,1.31639,0.0658839,0,0,0,0,0,0,-2.81375,0.0101101,0,0,0,0,0,0,0.31611,-0.0193776,0,0,0,0,0,0,1.30897,-0.0620084,0,0,0,0,0,0,-2.81087,0.0202201,
687,0,0,0,0,0,0,0.107326,0.00775105,0,0,0,0,0,0,1.32196,-0.0193776,0,0,0,0,0,0,-2.83482,-0.00404402,0,0,0,0,0,0,-0.0580346,-0.0658839,0,0,0,0,0,0,1.30258,0.0155021,0,0,0,0,0,0,-2.80471,0.0262862,0,0,0,0,0,0,-0.296732,0.081386,0,0,0,0,0,0,1.31635,0.00387552,0,0,0,0,0,0,-2.81375,-0.0202201,0,0,0,0,0,0,0.31614,0.0387552,0,0,0,0,0,0,1.309,-0.00387552,0,0,0,0,0,0,-2.81087,0.0202201,
688,0,0,0,0,0,0,0.107326,0.00775105,0,0,0,0,0,0,1.32196,-0.0193776,0,0,0,0,0,0,-2.83482,0.00404402,0,0,0,0,0,0,-0.0580346,-0.0658839,0,0,0,0,0,0,1.30258,0.0155021,0,0,0,0,0,0,-2.80471,0.0202201,0,0,0,0,0,0,-0.296732,0.081386,0,0,0,0,0,0,1.31635,0.00387552,0,0,0,0,0,0,-2.81373,0.00606604,0,0,0,0,0,0,0.31614,0.0503818,0,0,0,0,0,0,1.30903,0.0542573,0,0,0,0,0,0,-2.81087,0.0202201,
689,0,0,0,0,0,0,0.107326,-0.0116266,0,0,0,0,0,0,1.32199,0.0542573,0,0,0,0,0,0,-2.83484,-0.0363962,0,0,0,0,0,0,-0.0580346,-0.081386,0,0,0,0,0,0,1.30258,0.0116266,0,0,0,0,0,0,-2.80473,0,0,0,0,0,0,0,-0.296763,0.0232531,0,0,0,0,0,0,1.31635,-0.0155021,0,0,0,0,0,0,-2.81373,0.00202201,0,0,0,0,0,0,0.31614,0.0387552,0,0,0,0,0,0,1.309,-0.0426308,0,0,0,0,0,0,-2.81087,0.0202201,
690,0,0,0,0,0,0,0.107296,-0.0620084,0,0,0,0,0,0,1.32199,0.0503818,0,0,0,0,0,0,-2.83482,-0.00606604,0,0,0,0,0,0,-0.057974,0.0581329,0,0,0,0,0,0,1.30258,0.00387552,0,0,0,0,0,0,-2.80471,0,0,0,0,0,0,0,-0.296763,0.0271287,0,0,0,0,0,0,1.31639,0.0426308,0,0,0,0,0,0,-2.81375,-0.0242641,0,0,0,0,0,0,0.31614,0.0387552,0,0,0,0,0,0,1.309,0.00387552,0,0,0,0,0,0,-2.81087,0.0303302,
691,0,0,0,0,0,0,0.107357,0.0426308,0,0,0,0,0,0,1.32199,0.0542573,0,0,0,0,0,0,-2.83482,-0.0141541,0,0,0,0,0,0,-0.0580346,-0.0503818,0,0,0,0,0,0,1.30258,0,0,0,0,0,0,0,-2.80471,0.0202201,0,0,0,0,0,0,-0.296763,-0.0271287,0,0,0,0,0,0,1.31635,0,0,0,0,0,0,0,-2.81375,-0.0222421,0,0,0,0,0,0,0.31614,0.0271287,0,0,0,0,0,0,1.30897,-0.0387552,0,0,0,0,0,0,-2.81087,0.0303302,
692,0,0,0,0,0,0,0.107296,-0.0852615,0,0,0,0,0,0,1.32196,0,0,0,0,0,0,0,-2.83484,-0.0283082,0,0,0,0,0,0,-0.057974,0.0620084,0,0,0,0,0,0,1.30255,-0.0232531,0,0,0,0,0,0,-2.80471,0.0202201,0,0,0,0,0,0,-0.296763,0.0387552,0,0,0,0,0,0,1.31639,0.0426308,0,0,0,0,0,0,-2.81375,-0.0202201,0,0,0,0,0,0,0.31614,0.0542573,0,0,0,0,0,0,1.309,-0.00387552,0,0,0,0,0,0,-2.81087,0.0202201,
693,0,0,0,0,0,0,0.107296,-0.0581329,0,0,0,0,0,0,1.32196,-0.0193776,0,0,0,0,0,0,-2.83484,-0.0363962,0,0,0,0,0,0,-0.0580043,-0.0116266,0,0,0,0,0,0,1.30258,0,0,0,0,0,0,0,-2.80471,0.0363962,0,0,0,0,0,0,-0.296763,0.0387552,0,0,0,0,0,0,1.31639,0.0387552,0,0,0,0,0,0,-2.81373,0.0121321,0,0,0,0,0,0,0.31611,-0.0155021,0,0,0,0,0,0,1.30897,-0.0387552,0,0,0,0,0,0,-2.81089,-0.00404402,
694,0,0,0,0,0,0,0.107296,-0.100764,0,0,0,0,0,0,1.32199,0.0542573,0,0,0,0,0,0,-2.83484,-0.0262862,0,0,0,0,0,0,-0.057974,-0.0426308,0,0,0,0,0,0,1.30255,-0.0581329,0,0,0,0,0,0,-2.80473,0.00202201,0,0,0,0,0,0,-0.296763,0.0465063,0,0,0,0,0,0,1.31635,-0.0155021,0,0,0,0,0,0,-2.81373,0.00808805,0,0,0,0,0,0,0.31614,0.0503818,0,0,0,0,0,0,1.309,0,0,0,0,0,0,0,-2.81089,-0.00808805,
695,0,0,0,0,0,0,0.107357,0.0348797,0,0,0,0,0,0,1.32193,-0.0581329,0,0,0,0,0,0,-2.83485,-0.0505503,0,0,0,0,0,0,-0.0580346,-0.0387552,0,0,0,0,0,0,1.30258,0,0,0,0,0,0,0,-2.80473,-0.00808805,0,0,0,0,0,0,-0.296763,0.0310042,0,0,0,0,0,0,1.31635,0,0,0,0,0,0,0,-2.81375,-0.0202201,0,0,0,0,0,0,0.31614,0.0426308,0,0,0,0,0,0,1.309,-0.0581329,0,0,0,0,0,0,-2.81087,0.0202201,
696,0,0,0,0,0,0,0.107326,-0.0193776,0,0,0,0,0,0,1.32196,0.00775105,0,0,0,0,0,0,-2.83484,-0.0363962,0,0,0,0,0,0,-0.0580346,-0.0620084,0,0,0,0,0,0,1.30258,-0.0581329,0,0,0,0,0,0,-2.80471,0.0262862,0,0,0,0,0,0,-0.296793,-0.0271287,0,0,0,0,0,0,1.31639,0.0387552,0,0,0,0,0,0,-2.81375,0.00404402,0,0,0,0,0,0,0.31611,-0.0116266,0,0,0,0,0,0,1.309,0,0,0,0,0,0,0,-2.81087,0.0222421,
697,0,0,0,0,0,0,0.107326,-0.0155021,0,0,0,0,0,0,1.32199,0.0387552,0,0,0,0,0,0,-2.83482,0.00606604,0,0,0,0,0,0,-0.057974,0.0465063,0,0,0,0,0,0,1.30258,0,0,0,0,0,0,0,-2.80473,-0.00202201,0,0,0,0,0,0,-0.296763,0.0193776,0,0,0,0,0,0,1.31632,-0.0620084,0,0,0,0,0,0,-2.81373,0.0141541,0,0,0,0,0,0,0.31614,0.0503818,0,0,0,0,0,0,1.30903,0.0542573,0,0,0,0,0,0,-2.81087,0.0202201,
698,0,0,0,0,0,0,0.107326,-0.00775105,0,0,0,0,0,0,1.32199,0.0426308,0,0,0,0,0,0,-2.83484,0.00606604,0,0,0,0,0,0,-0.0580346,-0.0658839,0,0,0,0,0,0,1.30255,-0.0387552,0,0,0,0,0,0,-2.80471,0.00202201,0,0,0,0,0,0,-0.296763,0.0155021,0,0,0,0,0,0,1.31639,0.0542573,0,0,0,0,0,0,-2.81375,-0.0202201,0,0,0,0,0,0,0.31611,0.00387552,0,0,0,0,0,0,1.309,-0.00387552,0,0,0,0,0,0,-2.81089,-0.0101101,
699,0,0,0,0,0,0,0.107357,0.0155021,0,0,0,0,0,0,1.32196,-0.00775105,0,0,0,0,0,0,-2.83482,0.0101101,0,0,0,0,0,0,-0.0580043,-0.00775105,0,0,0,0,0,0,1.30258,0,0,0,0,0,0,0,-2.80471,0.0303302,0,0,0,0,0,0,-0.296732,0.0775105,0,0,0,0,0,0,1.31642,0.0930126,0,0,0,0,0,0,-2.81375,-0.0222421,0,0,0,0,0,0,0.31614,0.0387552,0,0,0,0,0,0,1.309,0.0116266,0,0,0,0,0,0,-2.81089,-0.00606604,
700,0,0,0,0,0,0,0.107296,-0.0581329,0,0,0,0,0,0,1.32196,0,0,0,0,0,0,0,-2.83482,0,0,0,0,0,0,0,-0.0580043,-0.0387552,0,0,0,0,0,0,1.30258,0.0155021,0,0,0,0,0,0,-2.80473,-0.00202201,0,0,0,0,0,0,-0.296732,0.0852615,0,0,0,0,0,0,1.31635,-0.00775105,0,0,0,0,0,0,-2.81373,0.0161761,0,0,0,0,0,0,0.31614,0.0387552,0,0,0,0,0,0,1.30897,-0.0426308,0,0,0,0,0,0,-2.81089,-0.00202201,
701,0,0,0,0,0,0,0.107296,-0.0658839,0,0,0,0,0,0,1.32199,0.0542573,0,0,0,0,0,0,-2.83484,-0.0323522,0,0,0,0,0,0,-0.057974,0.0542573,0,0,0,0,0,0,1.30255,-0.0387552,0,0,0,0,0,0,-2.80473,-0.0101101,0,0,0,0,0,0,-0.296763,0.0310042,0,0,0,0,0,0,1.31639,0.0581329,0,0,0,0,0,0,-2.81375,-0.0202201,0,0,0,0,0,0,0.31611,-0.0116266,0,0,0,0,0,0,1.30897,-0.0581329,0,0,0,0,0,0,-2.81087,0.0202201,
702,0,0,0,0,0,0,0.107326,-0.0193776,0,0,0,0,0,0,1.32196,-0.0116266,0,0,0,0,0,0,-2.83482,0.00808805,0,0,0,0,0,0,-0.0580346,-0.0852615,0,0,0,0,0,0,1.30258,-0.0581329,0,0,0,0,0,0,-2.80473,0.0161761,0,0,0,0,0,0,-0.296763,0.0387552,0,0,0,0,0,0,1.31639,0.0503818,0,0,0,0,0,0,-2.81375,-0.0202201,0,0,0,0,0,0,0.31611,-0.00775105,0,0,0,0,0,0,1.309,0,0,0,0,0,0,0,-2.81089,-0.00808805,
703,0,0,0,0,0,0,0.107357,0.0503818,0,0,0,0,0,0,1.32199,0.0542573,0,0,0,0,0,0,-2.83484,-0.0303302,0,0,0,0,0,0,-0.0580346,-0.0271287,0,0,0,0,0,0,1.30255,-0.0503818,0,0,0,0,0,0,-2.80471,0.0202201,0,0,0,0,0,0,-0.296763,0.0387552,0,0,0,0,0,0,1.31632,-0.0697594,0,0,0,0,0,0,-2.81375,-0.0222421,0,0,0,0,0,0,0.31614,0.0465063,0,0,0,0,0,0,1.309,0.00775105,0,0,0,0,0,0,-2.81087,0.0202201,
704,0,0,0,0,0,0,0.107326,0,0,0,0,0,0,0,1.32196,0,0,0,0,0,0,0,-2.83484,-0.0283082,0,0,0,0,0,0,-0.0580043,-0.0193776,0,0,0,0,0,0,1.30255,-0.0542573,0,0,0,0,0,0,-2.80471,0.00808805,0,0,0,0,0,0,-0.296793,0.0465063,0,0,0,0,0,0,1.31635,0.0775105,0,0,0,0,0,0,-2.81375,-0.0202201,0,0,0,0,0,0,0.31614,0.0387552,0,0,0,0,0,0,1.309,0.00775105,0,0,0,0,0,0,-2.81087,0.0161761,
705,0,0,0,0,0,0,0.107296,-0.0658839,0,0,0,0,0,0,1.32196,-0.00775105,0,0,0,0,0,0,-2.83482,0,0,0,0,0,0,0,-0.057974,0.0193776,0,0,0,0,0,0,1.30258,0,0,0,0,0,0,0,-2.80471,0.0121321,0,0,0,0,0,0,-0.296793,-0.0193776,0,0,0,0,0,0,1.31642,0.0968881,0,0,0,0,0,0,-2.81375,0.00808805,0,0,0,0,0,0,0.31614,0.0387552,0,0,0,0,0,0,1.30897,-0.0387552,0,0,0,0,0,0,-2.81089,0.00202201,
706,0,0,0,0,0,0,0.107326,0.0155021,0,0,0,0,0,0,1.32196,-0.00775105,0,0,0,0,0,0,-2.83482,0.00202201,0,0,0,0,0,0,-0.0580043,0,0,0,0,0,0,0,1.30258,-0.0581329,0,0,0,0,0,0,-2.80471,0.0242641,0,0,0,0,0,0,-0.296763,0.0387552,0,0,0,0,0,0,1.31635,-0.0155021,0,0,0,0,0,0,-2.81375,-0.0202201,0,0,0,0,0,0,0.31614,0.0387552,0,0,0,0,0,0,1.30897,-0.0387552,0,0,0,0,0,0,-2.81087,0.0262862,
707,0,0,0,0,0,0,0.107296,-0.0620084,0,0,0,0,0,0,1.32196,-0.00775105,0,0,0,0,0,0,-2.83482,0.00808805,0,0,0,0,0,0,-0.0580346,-0.0465063,0,0,0,0,0,0,1.30258,0,0,0,0,0,0,0,-2.80471,0.0202201,0,0,0,0,0,0,-0.296763,0.0387552,0,0,0,0,0,0,1.31639,0.0426308,0,0,0,0,0,0,-2.81375,-0.0202201,0,0,0,0,0,0,0.31614,0.0387552,0,0,0,0,0,0,1.30897,-0.0542573,0,0,0,0,0,0,-2.81087,0.0303302,
708,0,0,0,0,0,0,0.107296,0.0581329,0,0,0,0,0,0,1.32199,0.0465063,0,0,0,0,0,0,-2.83484,-0.0303302,0,0,0,0,0,0,-0.0580043,-0.081386,0,0,0,0,0,0,1.30255,-0.0387552,0,0,0,0,0,0,-2.80473,0,0,0,0,0,0,0,-0.296793,-0.0155021,0,0,0,0,0,0,1.31635,-0.0193776,0,0,0,0,0,0,-2.81375,-0.0202201,0,0,0,0,0,0,0.31614,0.0387552,0,0,0,0,0,0,1.309,0.00775105,0,0,0,0,0,0,-2.81089,0,
709,0,0,0,0,0,0,0.107296,-0.073635,0,0,0,0,0,0,1.32196,-0.00387552,0,0,0,0,0,0,-2.83482,0.00606604,0,0,0,0,0,0,-0.057974,0.0155021,0,0,0,0,0,0,1.30258,0,0,0,0,0,0,0,-2.80471,0.0262862,0,0,0,0,0,0,-0.296763,-0.0232531,0,0,0,0,0,0,1.31639,0.0387552,0,0,0,0,0,0,-2.81373,0.00808805,0,0,0,0,0,0,0.31614,0.0620084,0,0,0,0,0,0,1.30897,-0.0387552,0,0,0,0,0,0,-2.81087,0.0181981,
710,0,0,0,0,0,0,0.107296,-0.0581329,0,0,0,0,0,0,1.32196,0,0,0,0,0,0,0,-2.83484,-0.0363962,0,0,0,0,0,0,-0.057974,0.0271287,0,0,0,0,0,0,1.30255,-0.0465063,0,0,0,0,0,0,-2.80473,0,0,0,0,0,0,0,-0.296763,0.0155021,0,0,0,0,0,0,1.31639,0.0581329,0,0,0,0,0,0,-2.81373,0.00404402,0,0,0,0,0,0,0.31614,0.0387552,0,0,0,0,0,0,1.30897,-0.0387552,0,0,0,0,0,0,-2.81087,0.0202201,
711,0,0,0,0,0,0,0.107357,0.0348797,0,0,0,0,0,0,1.32199,0.0426308,0,0,0,0,0,0,-2.83484,-0.0384182,0,0,0,0,0,0,-0.0580043,-0.0542573,0,0,0,0,0,0,1.30255,-0.0426308,0,0,0,0,0,0,-2.80473,0.0485283,0,0,0,0,0,0,-0.296732,0.0852615,0,0,0,0,0,0,1.31635,0,0,0,0,0,0,0,-2.81375,-0.0202201,0,0,0,0,0,0,0.31611,-0.00387552,0,0,0,0,0,0,1.30897,-0.0503818,0,0,0,0,0,0,-2.81087,0.0202201,
712,0,0,0,0,0,0,0.107357,0.0387552,0,0,0,0,0,0,1.32199,0.0465063,0,0,0,0,0,0,-2.83484,-0.0242641,0,0,0,0,0,0,-0.0580043,-0.0387552,0,0,0,0,0,0,1.30258,0.00387552,0,0,0,0,0,0,-2.80471,0.0101101,0,0,0,0,0,0,-0.296763,0.0348797,0,0,0,0,0,0,1.31635,-0.00775105,0,0,0,0,0,0,-2.81375,-0.0222421,0,0,0,0,0,0,0.31614,0.0387552,0,0,0,0,0,0,1.309,-0.00387552,0,0,0,0,0,0,-2.81089,-0.00808805,
713,0,0,0,0,0,0,0.107357,0.0387552,0,0,0,0,0,0,1.32196,0,0,0,0,0,0,0,-2.83485,-0.0566163,0,0,0,0,0,0,-0.0580043,-0.0387552,0,0,0,0,0,0,1.30255,-0.0426308,0,0,0,0,0,0,-2.80473,-0.00404402,0,0,0,0,0,0,-0.296763,0.0348797,0,0,0,0,0,0,1.31639,0.0620084,0,0,0,0,0,0,-2.81375,-0.0202201,0,0,0,0,0,0,0.31611,-0.00387552,0,0,0,0,0,0,1.30897,-0.0620084,0,0,0,0,0,0,-2.81089,-0.0101101,
714,0,0,0,0,0,0,0.107326,-0.0426308,0,0,0,0,0,0,1.32199,0.0503818,0,0,0,0,0,0,-2.83484,-0.0283082,0,0,0,0,0,0,-0.0580043,-0.0542573,0,0,0,0,0,0,1.30255,-0.0503818,0,0,0,0,0,0,-2.80471,0.0202201,0,0,0,0,0,0,-0.296763,0.0310042,0,0,0,0,0,0,1.31639,0.0581329,0,0,0,0,0,0,-2.81373,0.0101101,0,0,0,0,0,0,0.31611,-0.0193776,0,0,0,0,0,0,1.309,0.00775105,0,0,0,0,0,0,-2.81087,0.0181981,
715,0,0,0,0,0,0,0.107357,0.0387552,0,0,0,0,0,0,1.32196,-0.0155021,0,0,0,0,0,0,-2.83482,-0.0202201,0,0,0,0,0,0,-0.057974,0.0155021,0,0,0,0,0,0,1.30258,0.0116266,0,0,0,0,0,0,-2.80471,0.0161761,0,0,0,0,0,0,-0.296793,-0.0193776,0,0,0,0,0,0,1.31635,-0.00775105,0,0,0,0,0,0,-2.81375,-0.0202201,0,0,0,0,0,0,0.31614,0.0387552,0,0,0,0,0,0,1.309,-0.0116266,0,0,0,0,0,0,-2.81087,0.0202201,
716,0,0,0,0,0,0,0.107326,-0.0348797,0,0,0,0,0,0,1.32196,0,0,0,0,0,0,0,-2.83481,0.0283082,0,0,0,0,0,0,-0.057974,0,0,0,0,0,0,0,1.30258,0.0116266,0,0,0,0,0,0,-2.80471,0.0202201,0,0,0,0,0,0,-0.296793,0.0232531,0,0,0,0,0,0,1.31639,0.0465063,0,0,0,0,0,0,-2.81375,-0.0161761,0,0,0,0,0,0,0.31614,0.0387552,0,0,0,0,0,0,1.309,-0.0116266,0,0,0,0,0,0,-2.81087,-0.0101101,
717,0,0,0,0,0,0,0.107357,0.0271287,0,0,0,0,0,0,1.32199,0.0387552,0,0,0,0,0,0,-2.83484,-0.00404402,0,0,0,0,0,0,-0.0580043,-0.0193776,0,0,0,0,0,0,1.30258,0,0,0,0,0,0,0,-2.8047,0.0525723,0,0,0,0,0,0,-0.296763,0.0387552,0,0,0,0,0,0,1.31639,0.0542573,0,0,0,0,0,0,-2.81375,-0.0222421,0,0,0,0,0,0,0.31611,-0.0155021,0,0,0,0,0,0,1.30897,-0.0426308,0,0,0,0,0,0,-2.81087,0.0202201,
718,0,0,0,0,0,0,0.107326,0,0,0,0,0,0,0,1.32196,0.00775105,0,0,0,0,0,0,-2.83484,-0.0242641,0,0,0,0,0,0,-0.0580043,-0.0116266,0,0,0,0,0,0,1.30255,-0.0581329,0,0,0,0,0,0,-2.80471,0.0323522,0,0,0,0,0,0,-0.296793,-0.0116266,0,0,0,0,0,0,1.31635,-0.00387552,0,0,0,0,0,0,-2.81373,0.00404402,0,0,0,0,0,0,0.31611,-0.0155021,0,0,0,0,0,0,1.30897,-0.0387552,0,0,0,0,0,0,-2.81087,0.0222421,
719,0,0,0,0,0,0,0.107326,-0.0387552,0,0,0,0,0,0,1.32196,-0.0232531,0,0,0,0,0,0,-2.83484,-0.0303302,0,0,0,0,0,0,-0.0580043,-0.0348797,0,0,0,0,0,0,1.30258,0.0697594,0,0,0,0,0,0,-2.80473,0,0,0,0,0,0,0,-0.296763,0.0271287,0,0,0,0,0,0,1.31635,-0.00775105,0,0,0,0,0,0,-2.81373,0.0101101,0,0,0,0,0,0,0.31614,0.0503818,0,0,0,0,0,0,1.309,0.0193776,0,0,0,0,0,0,-2.81087,0.0202201,
720,0,0,0,0,0,0,0.107326,-0.0387552,0,0,0,0,0,0,1.32199,0.0581329,0,0,0,0,0,0,-2.83481,0.0343742,0,0,0,0,0,0,-0.0580346,-0.0581329,0,0,0,0,0,0,1.30255,-0.0387552,0,0,0,0,0,0,-2.80471,0.0202201,0,0,0,0,0,0,-0.296793,-0.0193776,0,0,0,0,0,0,1.31635,0.00387552,0,0,0,0,0,0,-2.81375,-0.0202201,0,0,0,0,0,0,0.31614,0.0426308,0,0,0,0,0,0,1.30897,-0.0542573,0,0,0,0,0,0,-2.81087,0.0283082,
721,0,0,0,0,0,0,0.107326,-0.0387552,0,0,0,0,0,0,1.32199,0.0620084,0,0,0,0,0,0,-2.83481,0.0323522,0,0,0,0,0,0,-0.057974,0.0271287,0,0,0,0,0,0,1.30258,0.0116266,0,0,0,0,0,0,-2.80473,-0.00404402,0,0,0,0,0,0,-0.296763,0.0310042,0,0,0,0,0,0,1.31635,0,0,0,0,0,0,0,-2.81373,0.0101101,0,0,0,0,0,0,0.31614,0.0387552,0,0,0,0,0,0,1.30897,-0.0387552,0,0,0,0,0,0,-2.81087,0.0202201,
722,0,0,0,0,0,0,0.107357,0.0155021,0,0,0,0,0,0,1.32196,-0.0116266,0,0,0,0,0,0,-2.83484,-0.0323522,0,0,0,0,0,0,-0.0580043,-0.00387552,0,0,0,0,0,0,1.30258,0.00775105,0,0,0,0,0,0,-2.80471,0.0161761,0,0,0,0,0,0,-0.296732,0.081386,0,0,0,0,0,0,1.31639,-0.00387552,0,0,0,0,0,0,-2.81375,-0.0181981,0,0,0,0,0,0,0.31614,0.0387552,0,0,0,0,0,0,1.309,0.0193776,0,0,0,0,0,0,-2.81089,0.00404402,
723,0,0,0,0,0,0,0.107326,-0.0465063,0,0,0,0,0,0,1.32196,0.00775105,0,0,0,0,0,0,-2.83484,0,0,0,0,0,0,0,-0.0580346,-0.073635,0,0,0,0,0,0,1.30255,-0.0465063,0,0,0,0,0,0,-2.80471,0.0181981,0,0,0,0,0,0,-0.296763,0.0116266,0,0,0,0,0,0,1.31635,0,0,0,0,0,0,0,-2.81375,-0.0202201,0,0,0,0,0,0,0.31614,0.0387552,0,0,0,0,0,0,1.30897,-0.0503818,0,0,0,0,0,0,-2.81089,0.00404402,
724,0,0,0,0,0,0,0.107326,-0.0116266,0,0,0,0,0,0,1.32199,0.0387552,0,0,0,0,0,0,-2.83484,-0.0242641,0,0,0,0,0,0,-0.0580346,-0.0620084,0,0,0,0,0,0,1.30255,-0.0465063,0,0,0,0,0,0,-2.80471,0.0303302,0,0,0,0,0,0,-0.296793,-0.0232531,0,0,0,0,0,0,1.31639,0.0387552,0,0,0,0,0,0,-2.81375,-0.0202201,0,0,0,0,0,0,0.31611,-0.0271287,0,0,0,0,0,0,1.30897,-0.0581329,0,0,0,0,0,0,-2.81087,0.0283082,
725,0,0,0,0,0,0,0.107326,-0.0193776,0,0,0,0,0,0,1.32196,0,0,0,0,0,0,0,-2.83484,-0.0202201,0,0,0,0,0,0,-0.057974,0.0581329,0,0,0,0,0,0,1.30255,-0.0542573,0,0,0,0,0,0,-2.80471,0.0303302,0,0,0,0,0,0,-0.296732,0.0503818,0,0,0,0,0,0,1.31635,-0.0155021,0,0,0,0,0,0,-2.81373,-0.00202201,0,0,0,0,0,0,0.31614,0.0387552,0,0,0,0,0,0,1.30897,-0.0581329,0,0,0,0,0,0,-2.81087,0.0202201,
726,0,0,0,0,0,0,0.107326,-0.0232531,0,0,0,0,0,0,1.32199,0.0581329,0,0,0,0,0,0,-2.83482,0.00202201,0,0,0,0,0,0,-0.0580346,-0.0581329,0,0,0,0,0,0,1.30255,-0.0542573,0,0,0,0,0,0,-2.80473,-0.00404402,0,0,0,0,0,0,-0.296763,0.0348797,0,0,0,0,0,0,1.31635,0,0,0,0,0,0,0,-2.81375,-0.0202201,0,0,0,0,0,0,0.31611,-0.0193776,0,0,0,0,0,0,1.30903,0.0465063,0,0,0,0,0,0,-2.81089,-0.00808805,
727,0,0,0,0,0,0,0.107357,0.0387552,0,0,0,0,0,0,1.32196,0,0,0,0,0,0,0,-2.83484,-0.0242641,0,0,0,0,0,0,-0.0580043,-0.0193776,0,0,0,0,0,0,1.30255,-0.0503818,0,0,0,0,0,0,-2.80473,0,0,0,0,0,0,0,-0.296793,-0.0193776,0,0,0,0,0,0,1.31635,-0.0116266,0,0,0,0,0,0,-2.81375,-0.0202201,0,0,0,0,0,0,0.31608,-0.073635,0,0,0,0,0,0,1.30897,-0.0503818,0,0,0,0,0,0,-2.81087,0.0202201,
728,0,0,0,0,0,0,0.107326,-0.0232531,0,0,0,0,0,0,1.32199,0.0503818,0,0,0,0,0,0,-2.83482,0.0303302,0,0,0,0,0,0,-0.0580346,-0.0542573,0,0,0,0,0,0,1.30255,-0.0581329,0,0,0,0,0,0,-2.80475,-0.0181981,0,0,0,0,0,0,-0.296732,0.11239,0,0,0,0,0,0,1.31639,0.0387552,0,0,0,0,0,0,-2.81373,0.00404402,0,0,0,0,0,0,0.31614,0.0387552,0,0,0,0,0,0,1.309,-0.0620084,0,0,0,0,0,0,-2.81087,-0.0384182,
729,0,0,0,0,0,0,0.107326,-0.0155021,0,0,0,0,0,0,1.32199,0.0581329,0,0,0,0,0,0,-2.83482,0.00202201,0,0,0,0,0,0,-0.0580043,-0.0581329,0,0,0,0,0,0,1.30255,-0.0465063,0,0,0,0,0,0,-2.8047,0.0485283,0,0,0,0,0,0,-0.296763,0.0348797,0,0,0,0,0,0,1.31635,-0.0116266,0,0,0,0,0,0,-2.81375,-0.0202201,0,0,0,0,0,0,0.31614,0.0310042,0,0,0,0,0,0,1.309,-0.00775105,0,0,0,0,0,0,-2.81087,0.0222421,
730,0,0,0,0,0,0,0.107357,0.0387552,0,0,0,0,0,0,1.32199,0.0620084,0,0,0,0,0,0,-2.83484,-0.0202201,0,0,0,0,0,0,-0.0580346,-0.081386,0,0,0,0,0,0,1.30258,0.00775105,0,0,0,0,0,0,-2.80471,0.0141541,0,0,0,0,0,0,-0.296793,-0.0155021,0,0,0,0,0,0,1.31635,-0.0155021,0,0,0,0,0,0,-2.81375,-0.0222421,0,0,0,0,0,0,0.31614,0.0503818,0,0,0,0,0,0,1.309,0,0,0,0,0,0,0,-2.81087,0.0161761,
731,0,0,0,0,0,0,0.107357,0.0426308,0,0,0,0,0,0,1.32199,0,0,0,0,0,0,0,-2.83484,-0.0343742,0,0,0,0,0,0,-0.0580346,-0.0852615,0,0,0,0,0,0,1.30258,0.0155021,0,0,0,0,0,0,-2.80471,0.0303302,0,0,0,0,0,0,-0.296763,0.0387552,0,0,0,0,0,0,1.31639,0.0387552,0,0,0,0,0,0,-2.81375,-0.0202201,0,0,0,0,0,0,0.31614,0.0271287,0,0,0,0,0,0,1.30897,-0.0542573,0,0,0,0,0,0,-2.81089,-0.00404402,
732,0,0,0,0,0,0,0.107326,-0.0348797,0,0,0,0,0,0,1.32196,0.0581329,0,0,0,0,0,0,-2.83482,0.00606604,0,0,0,0,0,0,-0.057974,0.00387552,0,0,0,0,0,0,1.30255,0.00775105,0,0,0,0,0,0,-2.80473,0,0,0,0,0,0,0,-0.296793,-0.0271287,0,0,0,0,0,0,1.31635,-0.00775105,0,0,0,0,0,0,-2.81375,-0.0283082,0,0,0,0,0,0,0.31614,0.0387552,0,0,0,0,0,0,1.30903,0.0658839,0,0,0,0,0,0,-2.81087,0.0242641,
733,0,0,0,0,0,0,0.107266,-0.135643,0,0,0,0,0,0,1.32199,0.0542573,0,0,0,0,0,0,-2.83482,0,0,0,0,0,0,0,-0.057974,0.0271287,0,0,0,0,0,0,1.30258,-0.00387552,0,0,0,0,0,0,-2.80473,-0.00404402,0,0,0,0,0,0,-0.296793,-0.0155021,0,0,0,0,0,0,1.31639,0.0542573,0,0,0,0,0,0,-2.81375,-0.0202201,0,0,0,0,0,0,0.31614,0.0387552,0,0,0,0,0,0,1.30897,-0.0581329,0,0,0,0,0,0,-2.81089,-0.0101101,
734,0,0,0,0,0,0,0.107296,-0.0697594,0,0,0,0,0,0,1.32196,0,0,0,0,0,0,0,-2.83482,0.00606604,0,0,0,0,0,0,-0.0580043,-0.0271287,0,0,0,0,0,0,1.30255,-0.0465063,0,0,0,0,0,0,-2.80473,0.00202201,0,0,0,0,0,0,-0.296763,0.0310042,0,0,0,0,0,0,1.31639,0.0426308,0,0,0,0,0,0,-2.81375,-0.0202201,0,0,0,0,0,0,0.31614,0.0542573,0,0,0,0,0,0,1.309,0.00775105,0,0,0,0,0,0,-2.81089,-0.00606604,
735,0,0,0,0,0,0,0.107326,-0.0387552,0,0,0,0,0,0,1.32199,0.0503818,0,0,0,0,0,0,-2.83482,0.0141541,0,0,0,0,0,0,-0.0580346,-0.073635,0,0,0,0,0,0,1.30258,-0.0387552,0,0,0,0,0,0,-2.80471,0.0283082,0,0,0,0,0,0,-0.296763,0.00775105,0,0,0,0,0,0,1.31635,-0.0193776,0,0,0,0,0,0,-2.81375,-0.0242641,0,0,0,0,0,0,0.31614,0.0387552,0,0,0,0,0,0,1.30897,0.0116266,0,0,0,0,0,0,-2.81089,0,
736,0,0,0,0,0,0,0.107326,-0.0155021,0,0,0,0,0,0,1.32199,0.0581329,0,0,0,0,0,0,-2.83482,0.00202201,0,0,0,0,0,0,-0.0580043,-0.0387552,0,0,0,0,0,0,1.30258,0.00387552,0,0,0,0,0,0,-2.80473,-0.0141541,0,0,0,0,0,0,-0.296763,0.0116266,0,0,0,0,0,0,1.31639,0.0426308,0,0,0,0,0,0,-2.81375,-0.0303302,0,0,0,0,0,0,0.31611,-0.00387552,0,0,0,0,0,0,1.309,0.00775105,0,0,0,0,0,0,-2.81087,0.0202201,
737,0,0,0,0,0,0,0.107326,-0.0155021,0,0,0,0,0,0,1.32199,-0.0155021,0,0,0,0,0,0,-2.83484,-0.0242641,0,0,0,0,0,0,-0.057974,0,0,0,0,0,0,0,1.30255,-0.0193776,0,0,0,0,0,0,-2.80471,0.0202201,0,0,0,0,0,0,-0.296793,-0.0193776,0,0,0,0,0,0,1.31635,-0.00775105,0,0,0,0,0,0,-2.81375,-0.0202201,0,0,0,0,0,0,0.31611,-0.00387552,0,0,0,0,0,0,1.309,0,0,0,0,0,0,0,-2.81087,0.0202201,
738,0,0,0,0,0,0,0.107357,0.0232531,0,0,0,0,0,0,1.32196,-0.0193776,0,0,0,0,0,0,-2.83482,-0.0242641,0,0,0,0,0,0,-0.0580043,-0.0503818,0,0,0,0,0,0,1.30255,-0.0581329,0,0,0,0,0,0,-2.80471,0.0202201,0,0,0,0,0,0,-0.296763,0.0232531,0,0,0,0,0,0,1.31639,0.0387552,0,0,0,0,0,0,-2.81375,-0.0283082,0,0,0,0,0,0,0.31614,0.0581329,0,0,0,0,0,0,1.309,0,0,0,0,0,0,0,-2.81087,0.0222421,
739,0,0,0,0,0,0,0.107357,0.0310042,0,0,0,0,0,0,1.32196,0,0,0,0,0,0,0,-2.83484,-0.0202201,0,0,0,0,0,0,-0.0580043,-0.0465063,0,0,0,0,0,0,1.30255,-0.0387552,0,0,0,0,0,0,-2.80473,0,0,0,0,0,0,0,-0.296763,0.0387552,0,0,0,0,0,0,1.31642,0,0,0,0,0,0,0,-2.81375,-0.0202201,0,0,0,0,0,0,0.31611,-0.0155021,0,0,0,0,0,0,1.309,-0.00387552,0,0,0,0,0,0,-2.81089,-0.0101101,
740,0,0,0,0,0,0,0.107326,-0.0503818,0,0,0,0,0,0,1.32196,0.00775105,0,0,0,0,0,0,-2.83484,-0.0202201,0,0,0,0,0,0,-0.0580043,-0.0503818,0,0,0,0,0,0,1.30255,-0.0581329,0,0,0,0,0,0,-2.80471,-0.00808805,0,0,0,0,0,0,-0.296763,0.0232531,0,0,0,0,0,0,1.31635,0,0,0,0,0,0,0,-2.81375,-0.0202201,0,0,0,0,0,0,0.31614,0.0387552,0,0,0,0,0,0,1.309,-0.00387552,0,0,0,0,0,0,-2.81089,-0.0101101,
741,0,0,0,0,0,0,0.107357,0.0193776,0,0,0,0,0,0,1.32193,-0.0542573,0,0,0,0,0,0,-2.83484,-0.0303302,0,0,0,0,0,0,-0.0580346,-0.073635,0,0,0,0,0,0,1.30255,-0.0581329,0,0,0,0,0,0,-2.80471,0.0222421,0,0,0,0,0,0,-0.296763,0.0271287,0,0,0,0,0,0,1.31635,0,0,0,0,0,0,0,-2.81373,0.00202201,0,0,0,0,0,0,0.31614,0.0387552,0,0,0,0,0,0,1.30903,0.0271287,0,0,0,0,0,0,-2.81089,0,
742,0,0,0,0,0,0,0.107357,0.0465063,0,0,0,0,0,0,1.32196,0.00775105,0,0,0,0,0,0,-2.83481,0.0283082,0,0,0,0,0,0,-0.057974,-0.0116266,0,0,0,0,0,0,1.30255,-0.0387552,0,0,0,0,0,0,-2.80471,0.0202201,0,0,0,0,0,0,-0.296793,-0.0310042,0,0,0,0,0,0,1.31635,0,0,0,0,0,0,0,-2.81373,0.0101101,0,0,0,0,0,0,0.31614,0.0387552,0,0,0,0,0,0,1.309,-0.0116266,0,0,0,0,0,0,-2.81087,0.0202201,
743,0,0,0,0,0,0,0.107296,-0.0697594,0,0,0,0,0,0,1.32199,0.0387552,0,0,0,0,0,0,-2.83484,-0.0222421,0,0,0,0,0,0,-0.0580043,-0.0193776,0,0,0,0,0,0,1.30255,-0.0348797,0,0,0,0,0,0,-2.80471,0.0202201,0,0,0,0,0,0,-0.296763,0.0232531,0,0,0,0,0,0,1.31642,0.100764,0,0,0,0,0,0,-2.81373,0.00202201,0,0,0,0,0,0,0.31608,-0.073635,0,0,0,0,0,0,1.309,-0.00775105,0,0,0,0,0,0,-2.81087,0.0202201,
744,0,0,0,0,0,0,0.107357,0.0542573,0,0,0,0,0,0,1.32196,0,0,0,0,0,0,0,-2.83482,0,0,0,0,0,0,0,-0.0580043,-0.0116266,0,0,0,0,0,0,1.30258,0,0,0,0,0,0,0,-2.80473,-0.0161761,0,0,0,0,0,0,-0.296793,-0.0232531,0,0,0,0,0,0,1.31635,-0.0155021,0,0,0,0,0,0,-2.81373,0.00808805,0,0,0,0,0,0,0.31611,0,0,0,0,0,0,0,1.309,-0.00387552,0,0,0,0,0,0,-2.81089,-0.0101101,
745,0,0,0,0,0,0,0.107326,-0.0193776,0,0,0,0,0,0,1.32199,0.0465063,0,0,0,0,0,0,-2.83482,0.00202201,0,0,0,0,0,0,-0.0580043,-0.0193776,0,0,0,0,0,0,1.30258,0.0155021,0,0,0,0,0,0,-2.80471,0.0283082,0,0,0,0,0,0,-0.296732,0.0775105,0,0,0,0,0,0,1.31639,0.0503818,0,0,0,0,0,0,-2.81375,-0.0141541,0,0,0,0,0,0,0.316171,0.0968881,0,0,0,0,0,0,1.309,-0.00387552,0,0,0,0,0,0,-2.81089,-0.0101101,
746,0,0,0,0,0,0,0.107357,0.00387552,0,0,0,0,0,0,1.32199,0.0503818,0,0,0,0,0,0,-2.83484,-0.0283082,0,0,0,0,0,0,-0.0580346,-0.0620084,0,0,0,0,0,0,1.30255,-0.0542573,0,0,0,0,0,0,-2.80471,0.0242641,0,0,0,0,0,0,-0.296732,0.0658839,0,0,0,0,0,0,1.31642,0.108515,0,0,0,0,0,0,-2.81373,0.00202201,0,0,0,0,0,0,0.31611,0,0,0,0,0,0,0,1.309,-0.00387552,0,0,0,0,0,0,-2.81089,-0.00606604,
747,0,0,0,0,0,0,0.107357,0.0155021,0,0,0,0,0,0,1.32199,0.0465063,0,0,0,0,0,0,-2.83484,-0.0202201,0,0,0,0,0,0,-0.0580346,-0.0658839,0,0,0,0,0,0,1.30258,0.00775105,0,0,0,0,0,0,-2.80471,-0.0343742,0,0,0,0,0,0,-0.296763,0.0155021,0,0,0,0,0,0,1.31635,-0.00775105,0,0,0,0,0,0,-2.81375,-0.0202201,0,0,0,0,0,0,0.31614,0.0503818,0,0,0,0,0,0,1.309,0,0,0,0,0,0,0,-2.81089,-0.00404402,
748,0,0,0,0,0,0,0.107296,-0.0658839,0,0,0,0,0,0,1.32199,0.0542573,0,0,0,0,0,0,-2.83481,-0.00606604,0,0,0,0,0,0,-0.0580043,-0.0193776,0,0,0,0,0,0,1.30258,-0.00775105,0,0,0,0,0,0,-2.80471,0.0161761,0,0,0,0,0,0,-0.296763,0.0155021,0,0,0,0,0,0,1.31635,-0.0193776,0,0,0,0,0,0,-2.81375,-0.0181981,0,0,0,0,0,0,0.31614,0.0542573,0,0,0,0,0,0,1.309,-0.00775105,0,0,0,0,0,0,-2.81087,0.0283082,
749,0,0,0,0,0,0,0.107326,0.0503818,0,0,0,0,0,0,1.32196,0.0155021,0,0,0,0,0,0,-2.83482,-0.0101101,0,0,0,0,0,0,-0.0580346,-0.0387552,0,0,0,0,0,0,1.30255,-0.0426308,0,0,0,0,0,0,-2.80471,0.0202201,0,0,0,0,0,0,-0.296763,0.00775105,0,0,0,0,0,0,1.31639,0.0348797,0,0,0,0,0,0,-2.81373,0.00606604,0,0,0,0,0,0,0.31614,0.0426308,0,0,0,0,0,0,1.30897,-0.073635,0,0,0,0,0,0,-2.81089,-0.00404402,
750,0,0,0,0,0,0,0.107357,0.0387552,0,0,0,0,0,0,1.32196,-0.0155021,0,0,0,0,0,0,-2.83484,-0.0222421,0,0,0,0,0,0,-0.0579438,0.0542573,0,0,0,0,0,0,1.30258,-0.00775105,0,0,0,0,0,0,-2.80471,0.0181981,0,0,0,0,0,0,-0.296763,0.0155021,0,0,0,0,0,0,1.31639,0.104639,0,0,0,0,0,0,-2.81375,-0.0202201,0,0,0,0,0,0,0.31614,0.0503818,0,0,0,0,0,0,1.309,-0.00387552,0,0,0,0,0,0,-2.81089,-0.0101101,
751,0,0,0,0,0,0,0.107296,-0.089137,0,0,0,0,0,0,1.32199,0.0503818,0,0,0,0,0,0,-2.83481,0.0303302,0,0,0,0,0,0,-0.057974,0.0116266,0,0,0,0,0,0,1.30258,0.0193776,0,0,0,0,0,0,-2.80473,-0.0101101,0,0,0,0,0,0,-0.296793,-0.0426308,0,0,0,0,0,0,1.31639,0.0542573,0,0,0,0,0,0,-2.81375,-0.0202201,0,0,0,0,0,0,0.31611,-0.0193776,0,0,0,0,0,0,1.309,-0.0116266,0,0,0,0,0,0,-2.81087,0.0202201,
752,0,0,0,0,0,0,0.107326,-0.0232531,0,0,0,0,0,0,1.32202,0.108515,0,0,0,0,0,0,-2.83484,-0.0262862,0,0,0,0,0,0,-0.0580346,-0.089137,0,0,0,0,0,0,1.30258,0.0116266,0,0,0,0,0,0,-2.80471,0.0303302,0,0,0,0,0,0,-0.296763,0.00775105,0,0,0,0,0,0,1.31639,0.0348797,0,0,0,0,0,0,-2.81373,0.0121321,0,0,0,0,0,0,0.31611,-0.0193776,0,0,0,0,0,0,1.30903,0.0155021,0,0,0,0,0,0,-2.81087,0.0202201,
753,0,0,0,0,0,0,0.107296,-0.11239,0,0,0,0,0,0,1.32196,-0.0116266,0,0,0,0,0,0,-2.83484,-0.0202201,0,0,0,0,0,0,-0.057974,0.0232531,0,0,0,0,0,0,1.30255,-0.0426308,0,0,0,0,0,0,-2.80473,-0.00202201,0,0,0,0,0,0,-0.296763,0.0155021,0,0,0,0,0,0,1.31639,0.0387552,0,0,0,0,0,0,-2.81375,-0.0262862,0,0,0,0,0,0,0.31614,0.0310042,0,0,0,0,0,0,1.30897,-0.0930126,0,0,0,0,0,0,-2.81087,0.0202201,
754,0,0,0,0,0,0,0.107296,-0.073635,0,0,0,0,0,0,1.32199,0,0,0,0,0,0,0,-2.83482,0.00404402,0,0,0,0,0,0,-0.057974,0.0155021,0,0,0,0,0,0,1.30258,-0.00387552,0,0,0,0,0,0,-2.80471,0.0202201,0,0,0,0,0,0,-0.296793,-0.0465063,0,0,0,0,0,0,1.31635,-0.0232531,0,0,0,0,0,0,-2.81373,0.00606604,0,0,0,0,0,0,0.31608,-0.0697594,0,0,0,0,0,0,1.309,-0.0310042,0,0,0,0,0,0,-2.81089,0,
755,0,0,0,0,0,0,0.107357,0.0116266,0,0,0,0,0,0,1.32196,0,0,0,0,0,0,0,-2.83482,0.00404402,0,0,0,0,0,0,-0.0580346,-0.0775105,0,0,0,0,0,0,1.30255,-0.0620084,0,0,0,0,0,0,-2.80471,0.0202201,0,0,0,0,0,0,-0.296763,0.0387552,0,0,0,0,0,0,1.31639,0.0503818,0,0,0,0,0,0,-2.81375,-0.0242641,0,0,0,0,0,0,0.31614,0.0387552,0,0,0,0,0,0,1.309,-0.0193776,0,0,0,0,0,0,-2.81087,0.0202201,
756,0,0,0,0,0,0,0.107357,0.0387552,0,0,0,0,0,0,1.32199,0.0503818,0,0,0,0,0,0,-2.83484,-0.0283082,0,0,0,0,0,0,-0.0580043,-0.0581329,0,0,0,0,0,0,1.30255,-0.0387552,0,0,0,0,0,0,-2.80473,0.0222421,0,0,0,0,0,0,-0.296793,-0.0387552,0,0,0,0,0,0,1.31635,0.0387552,0,0,0,0,0,0,-2.81373,0,0,0,0,0,0,0,0.31611,-0.00387552,0,0,0,0,0,0,1.30903,0.00387552,0,0,0,0,0,0,-2.81091,-0.0283082,
757,0,0,0,0,0,0,0.107296,-0.081386,0,0,0,0,0,0,1.32199,0.0581329,0,0,0,0,0,0,-2.83484,-0.0283082,0,0,0,0,0,0,-0.057974,0.00387552,0,0,0,0,0,0,1.30258,0.00387552,0,0,0,0,0,0,-2.80471,0.0161761,0,0,0,0,0,0,-0.296763,0.0310042,0,0,0,0,0,0,1.31639,0.0658839,0,0,0,0,0,0,-2.81375,-0.0222421,0,0,0,0,0,0,0.31614,0.0387552,0,0,0,0,0,0,1.30903,0.00387552,0,0,0,0,0,0,-2.81087,0.0283082,
758,0,0,0,0,0,0,0.107326,-0.0155021,0,0,0,0,0,0,1.32196,-0.0271287,0,0,0,0,0,0,-2.83482,0.00606604,0,0,0,0,0,0,-0.0580346,-0.0503818,0,0,0,0,0,0,1.30255,-0.0542573,0,0,0,0,0,0,-2.80471,0.0262862,0,0,0,0,0,0,-0.296793,0,0,0,0,0,0,0,1.31635,-0.00775105,0,0,0,0,0,0,-2.81375,-0.0262862,0,0,0,0,0,0,0.31614,0.0387552,0,0,0,0,0,0,1.30903,0.0193776,0,0,0,0,0,0,-2.81087,0.0202201,
759,0,0,0,0,0,0,0.107357,0.0348797,0,0,0,0,0,0,1.32196,-0.0155021,0,0,0,0,0,0,-2.83484,-0.0181981,0,0,0,0,0,0,-0.0580043,-0.0581329,0,0,0,0,0,0,1.30258,0.0193776,0,0,0,0,0,0,-2.80473,0.00202201,0,0,0,0,0,0,-0.296763,0.0465063,0,0,0,0,0,0,1.31635,0,0,0,0,0,0,0,-2.81375,-0.0202201,0,0,0,0,0,0,0.31611,0,0,0,0,0,0,0,1.309,-0.0503818,0,0,0,0,0,0,-2.81087,0.0202201,
760,0,0,0,0,0,0,0.107296,-0.100764,0,0,0,0,0,0,1.32199,0,0,0,0,0,0,0,-2.83484,-0.0202201,0,0,0,0,0,0,-0.0580043,-0.0310042,0,0,0,0,0,0,1.30255,-0.0503818,0,0,0,0,0,0,-2.80471,0.0222421,0,0,0,0,0,0,-0.296793,0.0620084,0,0,0,0,0,0,1.31635,-0.0116266,0,0,0,0,0,0,-2.81375,-0.0202201,0,0,0,0,0,0,0.31614,0.0387552,0,0,0,0,0,0,1.309,-0.0155021,0,0,0,0,0,0,-2.81086,0.0525723,
761,0,0,0,0,0,0,0.107357,0.0232531,0,0,0,0,0,0,1.32199,0.0581329,0,0,0,0,0,0,-2.83482,-0.0202201,0,0,0,0,0,0,-0.0580043,-0.0193776,0,0,0,0,0,0,1.30255,-0.0465063,0,0,0,0,0,0,-2.80473,-0.0101101,0,0,0,0,0,0,-0.296763,0.0348797,0,0,0,0,0,0,1.31635,-0.0193776,0,0,0,0,0,0,-2.81375,-0.0202201,0,0,0,0,0,0,0.31614,0.0310042,0,0,0,0,0,0,1.309,-0.0155021,0,0,0,0,0,0,-2.81087,0.0202201,
762,0,0,0,0,0,0,0.107357,0,0,0,0,0,0,0,1.32196,0,0,0,0,0,0,0,-2.83484,-0.0323522,0,0,0,0,0,0,-0.0580043,-0.0348797,0,0,0,0,0,0,1.30255,-0.0387552,0,0,0,0,0,0,-2.80471,0.0242641,0,0,0,0,0,0,-0.296763,0.0271287,0,0,0,0,0,0,1.31635,0,0,0,0,0,0,0,-2.81373,0.00606604,0,0,0,0,0,0,0.31614,0.0387552,0,0,0,0,0,0,1.309,-0.0310042,0,0,0,0,0,0,-2.81087,0.0161761,
763,0,0,0,0,0,0,0.107326,-0.0387552,0,0,0,0,0,0,1.32199,0.0426308,0,0,0,0,0,0,-2.83484,-0.0222421,0,0,0,0,0,0,-0.0580043,-0.0232531,0,0,0,0,0,0,1.30258,0,0,0,0,0,0,0,-2.80471,0.0323522,0,0,0,0,0,0,-0.296763,0.0348797,0,0,0,0,0,0,1.31639,0.0348797,0,0,0,0,0,0,-2.81373,0.0101101,0,0,0,0,0,0,0.31611,-0.0116266,0,0,0,0,0,0,1.309,-0.0193776,0,0,0,0,0,0,-2.81087,0.0283082,
764,0,0,0,0,0,0,0.107296,-0.089137,0,0,0,0,0,0,1.32199,0,0,0,0,0,0,0,-2.83482,0.00808805,0,0,0,0,0,0,-0.057974,-0.0310042,0,0,0,0,0,0,1.30255,-0.0426308,0,0,0,0,0,0,-2.80471,0.0181981,0,0,0,0,0,0,-0.296763,0.0387552,0,0,0,0,0,0,1.31635,0,0,0,0,0,0,0,-2.81375,-0.0202201,0,0,0,0,0,0,0.31614,0.0465063,0,0,0,0,0,0,1.309,-0.0232531,0,0,0,0,0,0,-2.81089,-0.00202201,
765,0,0,0,0,0,0,0.107326,-0.0387552,0,0,0,0,0,0,1.32199,0.0465063,0,0,0,0,0,0,-2.83484,-0.0323522,0,0,0,0,0,0,-0.0580043,-0.0426308,0,0,0,0,0,0,1.30258,0,0,0,0,0,0,0,-2.80473,0,0,0,0,0,0,0,-0.296763,0.0387552,0,0,0,0,0,0,1.31635,0,0,0,0,0,0,0,-2.81375,-0.0161761,0,0,0,0,0,0,0.31614,0.0387552,0,0,0,0,0,0,1.309,-0.0387552,0,0,0,0,0,0,-2.81089,-0.00606604,
766,0,0,0,0,0,0,0.107357,0.0310042,0,0,0,0,0,0,1.32196,-0.0193776,0,0,0,0,0,0,-2.83485,-0.0505503,0,0,0,0,0,0,-0.057974,0.00387552,0,0,0,0,0,0,1.30258,0.00775105,0,0,0,0,0,0,-2.80473,0,0,0,0,0,0,0,-0.296732,0.089137,0,0,0,0,0,0,1.31635,-0.00775105,0,0,0,0,0,0,-2.81373,0.0101101,0,0,0,0,0,0,0.31611,-0.00387552,0,0,0,0,0,0,1.309,-0.0310042,0,0,0,0,0,0,-2.81089,0.0262862,
767,0,0,0,0,0,0,0.107296,-0.0658839,0,0,0,0,0,0,1.32196,0,0,0,0,0,0,0,-2.83484,-0.0283082,0,0,0,0,0,0,-0.057974,0.00387552,0,0,0,0,0,0,1.30255,-0.0620084,0,0,0,0,0,0,-2.80471,0.0202201,0,0,0,0,0,0,-0.296732,0.089137,0,0,0,0,0,0,1.31639,0.0387552,0,0,0,0,0,0,-2.81375,-0.0202201,0,0,0,0,0,0,0.31614,0.0310042,0,0,0,0,0,0,1.309,0,0,0,0,0,0,0,-2.81087,0.0202201,
768,0,0,0,0,0,0,0.107357,0.0193776,0,0,0,0,0,0,1.32199,0.0542573,0,0,0,0,0,0,-2.83484,-0.0262862,0,0,0,0,0,0,-0.0580346,-0.089137,0,0,0,0,0,0,1.30258,0.0155021,0,0,0,0,0,0,-2.80475,-0.0283082,0,0,0,0,0,0,-0.296763,0.0465063,0,0,0,0,0,0,1.31639,0.0542573,0,0,0,0,0,0,-2.81375,-0.0222421,0,0,0,0,0,0,0.31614,0.0426308,0,0,0,0,0,0,1.30903,0.0542573,0,0,0,0,0,0,-2.81087,0.0202201,
769,0,0,0,0,0,0,0.107326,-0.0310042,0,0,0,0,0,0,1.32196,0.00387552,0,0,0,0,0,0,-2.83481,0,0,0,0,0,0,0,-0.0580346,-0.073635,0,0,0,0,0,0,1.30258,0,0,0,0,0,0,0,-2.80473,-0.00404402,0,0,0,0,0,0,-0.296763,0.0348797,0,0,0,0,0,0,1.31635,-0.00775105,0,0,0,0,0,0,-2.81372,0.0363962,0,0,0,0,0,0,0.31614,0.0387552,0,0,0,0,0,0,1.30903,0.0542573,0,0,0,0,0,0,-2.81089,-0.00808805,
770,0,0,0,0,0,0,0.107326,-0.0310042,0,0,0,0,0,0,1.32196,0.00387552,0,0,0,0,0,0,-2.83481,0,0,0,0,0,0,0,-0.0580346,-0.073635,0,0,0,0,0,0,1.30258,0,0,0,0,0,0,0,-2.80473,-0.00404402,0,0,0,0,0,0,-0.296763,0.0348797,0,0,0,0,0,0,1.31635,-0.00775105,0,0,0,0,0,0,-2.81372,0.0363962,0,0,0,0,0,0,0.31614,0.0387552,0,0,0,0,0,0,1.30903,0.0542573,0,0,0,0,0,0,-2.81089,-0.00808805,
771,0,0,0,0,0,0,0.107326,-0.0310042,0,0,0,0,0,0,1.32196,-0.0116266,0,0,0,0,0,0,-2.83484,-0.0283082,0,0,0,0,0,0,-0.057974,0.0116266,0,0,0,0,0,0,1.30255,-0.0387552,0,0,0,0,0,0,-2.80471,0.0242641,0,0,0,0,0,0,-0.296793,-0.0193776,0,0,0,0,0,0,1.31635,0,0,0,0,0,0,0,-2.81377,-0.0465063,0,0,0,0,0,0,0.31611,-0.0232531,0,0,0,0,0,0,1.309,-0.0155021,0,0,0,0,0,0,-2.81087,0.0202201,
772,0,0,0,0,0,0,0.107296,-0.0852615,0,0,0,0,0,0,1.32199,0.0542573,0,0,0,0,0,0,-2.83484,-0.0262862,0,0,0,0,0,0,-0.057974,0.0193776,0,0,0,0,0,0,1.30255,-0.0503818,0,0,0,0,0,0,-2.80471,0.0242641,0,0,0,0,0,0,-0.296763,0.0271287,0,0,0,0,0,0,1.31639,0.0620084,0,0,0,0,0,0,-2.81375,-0.0202201,0,0,0,0,0,0,0.31614,0.0387552,0,0,0,0,0,0,1.309,0,0,0,0,0,0,0,-2.81089,-0.00606604,
773,0,0,0,0,0,0,0.107296,-0.0852615,0,0,0,0,0,0,1.32199,0.0542573,0,0,0,0,0,0,-2.83484,-0.0262862,0,0,0,0,0,0,-0.057974,0.0193776,0,0,0,0,0,0,1.30255,-0.0503818,0,0,0,0,0,0,-2.80471,0.0242641,0,0,0,0,0,0,-0.296763,0.0271287,0,0,0,0,0,0,1.31639,0.0620084,0,0,0,0,0,0,-2.81375,-0.0202201,0,0,0,0,0,0,0.31614,0.0387552,0,0,0,0,0,0,1.309,0,0,0,0,0,0,0,-2.81089,-0.00606604,
774,0,0,0,0,0,0,0.107296,-0.0775105,0,0,0,0,0,0,1.32196,-0.00775105,0,0,0,0,0,0,-2.83482,0.0101101,0,0,0,0,0,0,-0.0580043,-0.0310042,0,0,0,0,0,0,1.30258,0,0,0,0,0,0,0,-2.80473,-0.0121321,0,0,0,0,0,0,-0.296763,0.0348797,0,0,0,0,0,0,1.31642,0.0930126,0,0,0,0,0,0,-2.81375,-0.0202201,0,0,0,0,0,0,0.31614,0.0581329,0,0,0,0,0,0,1.30897,-0.0697594,0,0,0,0,0,0,-2.81087,0.0222421,
775,0,0,0,0,0,0,0.107296,-0.0620084,0,0,0,0,0,0,1.32199,0.0503818,0,0,0,0,0,0,-2.83484,0.00404402,0,0,0,0,0,0,-0.057974,0.0193776,0,0,0,0,0,0,1.30258,-0.0581329,0,0,0,0,0,0,-2.80471,0.0202201,0,0,0,0,0,0,-0.296732,0.0930126,0,0,0,0,0,0,1.31639,0.0581329,0,0,0,0,0,0,-2.81375,-0.0202201,0,0,0,0,0,0,0.31611,-0.00775105,0,0,0,0,0,0,1.309,-0.00387552,0,0,0,0,0,0,-2.81087,0.0303302,
776,0,0,0,0,0,0,0.107326,-0.0271287,0,0,0,0,0,0,1.32199,0.0581329,0,0,0,0,0,0,-2.83481,-0.0222421,0,0,0,0,0,0,-0.0580043,-0.0387552,0,0,0,0,0,0,1.30258,0.0116266,0,0,0,0,0,0,-2.80473,-0.0161761,0,0,0,0,0,0,-0.296763,0.0155021,0,0,0,0,0,0,1.31635,0,0,0,0,0,0,0,-2.81375,0.00606604,0,0,0,0,0,0,0.31614,0.0465063,0,0,0,0,0,0,1.309,-0.00775105,0,0,0,0,0,0,-2.81089,-0.00808805,
777,0,0,0,0,0,0,0.107296,-0.0968881,0,0,0,0,0,0,1.32199,0.0465063,0,0,0,0,0,0,-2.83484,-0.0222421,0,0,0,0,0,0,-0.057974,0.0193776,0,0,0,0,0,0,1.30258,0.00775105,0,0,0,0,0,0,-2.80473,-0.00808805,0,0,0,0,0,0,-0.296763,0.0155021,0,0,0,0,0,0,1.31639,0.0387552,0,0,0,0,0,0,-2.81375,0.0101101,0,0,0,0,0,0,0.31611,0,0,0,0,0,0,0,1.309,0.0620084,0,0,0,0,0,0,-2.81089,-0.00202201,
778,0,0,0,0,0,0,0.107326,-0.0503818,0,0,0,0,0,0,1.32196,0,0,0,0,0,0,0,-2.83484,-0.0283082,0,0,0,0,0,0,-0.0580043,-0.0426308,0,0,0,0,0,0,1.30255,-0.00387552,0,0,0,0,0,0,-2.80471,0.0202201,0,0,0,0,0,0,-0.296763,0.0155021,0,0,0,0,0,0,1.31635,-0.0116266,0,0,0,0,0,0,-2.81377,-0.0485283,0,0,0,0,0,0,0.31608,-0.073635,0,0,0,0,0,0,1.309,0,0,0,0,0,0,0,-2.81091,-0.0323522,
779,0,0,0,0,0,0,0.107326,-0.0155021,0,0,0,0,0,0,1.32196,0.00387552,0,0,0,0,0,0,-2.83484,-0.0384182,0,0,0,0,0,0,-0.0580043,-0.0387552,0,0,0,0,0,0,1.30258,0.0116266,0,0,0,0,0,0,-2.80473,0,0,0,0,0,0,0,-0.296732,0.0581329,0,0,0,0,0,0,1.31642,0.0968881,0,0,0,0,0,0,-2.81375,-0.0262862,0,0,0,0,0,0,0.31614,0.0426308,0,0,0,0,0,0,1.30903,0.0503818,0,0,0,0,0,0,-2.81087,0.0303302,
780,0,0,0,0,0,0,0.107357,0.00387552,0,0,0,0,0,0,1.32196,0,0,0,0,0,0,0,-2.83482,-0.00606604,0,0,0,0,0,0,-0.057974,0,0,0,0,0,0,0,1.30258,0,0,0,0,0,0,0,-2.80471,0.0202201,0,0,0,0,0,0,-0.296732,0.0581329,0,0,0,0,0,0,1.31639,0.0387552,0,0,0,0,0,0,-2.81373,0.0101101,0,0,0,0,0,0,0.31614,0.0426308,0,0,0,0,0,0,1.30903,0.0503818,0,0,0,0,0,0,-2.81087,0.0202201,
781,0,0,0,0,0,0,0.107326,-0.0581329,0,0,0,0,0,0,1.32196,0,0,0,0,0,0,0,-2.83484,-0.0303302,0,0,0,0,0,0,-0.0580346,-0.0930126,0,0,0,0,0,0,1.30258,0.0155021,0,0,0,0,0,0,-2.80473,-0.0121321,0,0,0,0,0,0,-0.296732,0.081386,0,0,0,0,0,0,1.31639,0.0503818,0,0,0,0,0,0,-2.81373,0.0101101,0,0,0,0,0,0,0.31614,0.0387552,0,0,0,0,0,0,1.309,0,0,0,0,0,0,0,-2.81087,0.0283082,
782,0,0,0,0,0,0,0.107326,-0.0310042,0,0,0,0,0,0,1.32199,0.0581329,0,0,0,0,0,0,-2.83484,-0.0363962,0,0,0,0,0,0,-0.057974,0.0271287,0,0,0,0,0,0,1.30258,0.0155021,0,0,0,0,0,0,-2.80473,0.00404402,0,0,0,0,0,0,-0.296763,0,0,0,0,0,0,0,1.31632,-0.0581329,0,0,0,0,0,0,-2.81375,-0.0202201,0,0,0,0,0,0,0.31614,0.0387552,0,0,0,0,0,0,1.30903,0.0620084,0,0,0,0,0,0,-2.81089,-0.00202201,
783,0,0,0,0,0,0,0.107296,-0.0387552,0,0,0,0,0,0,1.32199,0.0581329,0,0,0,0,0,0,-2.83482,-0.00202201,0,0,0,0,0,0,-0.057974,0.00387552,0,0,0,0,0,0,1.30255,-0.0620084,0,0,0,0,0,0,-2.80473,0.00202201,0,0,0,0,0,0,-0.296763,0.0271287,0,0,0,0,0,0,1.31635,-0.0116266,0,0,0,0,0,0,-2.81375,-0.0202201,0,0,0,0,0,0,0.31614,0.0310042,0,0,0,0,0,0,1.30897,-0.0387552,0,0,0,0,0,0,-2.81087,0.0202201,
784,0,0,0,0,0,0,0.107326,-0.0465063,0,0,0,0,0,0,1.32199,0.0542573,0,0,0,0,0,0,-2.83485,-0.0586384,0,0,0,0,0,0,-0.057974,-0.00387552,0,0,0,0,0,0,1.30258,0.00775105,0,0,0,0,0,0,-2.80471,0.0323522,0,0,0,0,0,0,-0.296732,0.081386,0,0,0,0,0,0,1.31635,0,0,0,0,0,0,0,-2.81375,-0.0242641,0,0,0,0,0,0,0.31614,0.0426308,0,0,0,0,0,0,1.309,0,0,0,0,0,0,0,-2.81089,-0.00202201,
785,0,0,0,0,0,0,0.107326,-0.0387552,0,0,0,0,0,0,1.32199,0.0581329,0,0,0,0,0,0,-2.83484,-0.0181981,0,0,0,0,0,0,-0.057974,0.0193776,0,0,0,0,0,0,1.30258,0,0,0,0,0,0,0,-2.80471,0.0262862,0,0,0,0,0,0,-0.296793,-0.0193776,0,0,0,0,0,0,1.31639,0.0426308,0,0,0,0,0,0,-2.81373,0.00808805,0,0,0,0,0,0,0.31614,0.0387552,0,0,0,0,0,0,1.30903,0.0503818,0,0,0,0,0,0,-2.81089,0.00202201,
786,0,0,0,0,0,0,0.107326,-0.0155021,0,0,0,0,0,0,1.32196,0.0116266,0,0,0,0,0,0,-2.83482,-0.00808805,0,0,0,0,0,0,-0.057974,0.0193776,0,0,0,0,0,0,1.30258,0.0155021,0,0,0,0,0,0,-2.80471,0.0121321,0,0,0,0,0,0,-0.296763,0.0271287,0,0,0,0,0,0,1.31632,-0.0658839,0,0,0,0,0,0,-2.81373,0.0101101,0,0,0,0,0,0,0.31614,0.0387552,0,0,0,0,0,0,1.309,0.0116266,0,0,0,0,0,0,-2.81086,0.0545943,
787,0,0,0,0,0,0,0.107296,-0.0852615,0,0,0,0,0,0,1.32196,0.00775105,0,0,0,0,0,0,-2.83484,-0.0505503,0,0,0,0,0,0,-0.057974,0.00775105,0,0,0,0,0,0,1.30258,0.00387552,0,0,0,0,0,0,-2.80475,-0.0181981,0,0,0,0,0,0,-0.296763,0.0193776,0,0,0,0,0,0,1.31635,-0.0271287,0,0,0,0,0,0,-2.81375,-0.0202201,0,0,0,0,0,0,0.31608,0.0503818,0,0,0,0,0,0,1.30897,0,0,0,0,0,0,0,-2.81089,0.00808805,
788,0,0,0,0,0,0,0.107326,-0.073635,0,0,0,0,0,0,1.32199,0.0581329,0,0,0,0,0,0,-2.83481,0.0222421,0,0,0,0,0,0,-0.0580043,-0.0271287,0,0,0,0,0,0,1.30258,-0.0116266,0,0,0,0,0,0,-2.8047,0.0525723,0,0,0,0,0,0,-0.296732,0.081386,0,0,0,0,0,0,1.31639,0.0348797,0,0,0,0,0,0,-2.81375,0.00808805,0,0,0,0,0,0,0.31614,0.0387552,0,0,0,0,0,0,1.309,-0.0116266,0,0,0,0,0,0,-2.81089,-0.00404402,
789,0,0,0,0,0,0,0.107326,-0.0426308,0,0,0,0,0,0,1.32199,0.0310042,0,0,0,0,0,0,-2.83484,-0.0323522,0,0,0,0,0,0,-0.0580043,-0.0426308,0,0,0,0,0,0,1.30258,0,0,0,0,0,0,0,-2.80473,-0.00606604,0,0,0,0,0,0,-0.296763,0.0193776,0,0,0,0,0,0,1.31639,0.0387552,0,0,0,0,0,0,-2.81375,-0.0202201,0,0,0,0,0,0,0.31614,0.0426308,0,0,0,0,0,0,1.30897,-0.073635,0,0,0,0,0,0,-2.81089,-0.00606604,
790,0,0,0,0,0,0,0.107357,0.0348797,0,0,0,0,0,0,1.32196,0,0,0,0,0,0,0,-2.83484,-0.0303302,0,0,0,0,0,0,-0.057974,0,0,0,0,0,0,0,1.30258,0.0193776,0,0,0,0,0,0,-2.80473,0,0,0,0,0,0,0,-0.296763,-0.0232531,0,0,0,0,0,0,1.31642,0.081386,0,0,0,0,0,0,-2.81375,-0.0222421,0,0,0,0,0,0,0.31614,0.0503818,0,0,0,0,0,0,1.30897,-0.073635,0,0,0,0,0,0,-2.81089,-0.00808805,
791,0,0,0,0,0,0,0.107326,-0.0232531,0,0,0,0,0,0,1.32199,0.0542573,0,0,0,0,0,0,-2.83484,-0.0242641,0,0,0,0,0,0,-0.057974,-0.00775105,0,0,0,0,0,0,1.30258,-0.00775105,0,0,0,0,0,0,-2.80471,0.0303302,0,0,0,0,0,0,-0.296793,-0.0232531,0,0,0,0,0,0,1.31635,-0.0193776,0,0,0,0,0,0,-2.81375,-0.0202201,0,0,0,0,0,0,0.31614,0.0387552,0,0,0,0,0,0,1.309,0,0,0,0,0,0,0,-2.81089,-0.00808805,
792,0,0,0,0,0,0,0.107326,-0.0348797,0,0,0,0,0,0,1.32196,0,0,0,0,0,0,0,-2.83482,-0.00404402,0,0,0,0,0,0,-0.0580346,-0.0503818,0,0,0,0,0,0,1.30252,-0.0930126,0,0,0,0,0,0,-2.80471,0.0202201,0,0,0,0,0,0,-0.296732,0.0193776,0,0,0,0,0,0,1.31639,0.0387552,0,0,0,0,0,0,-2.81375,-0.0202201,0,0,0,0,0,0,0.31614,0.0387552,0,0,0,0,0,0,1.309,0,0,0,0,0,0,0,-2.81087,0.0202201,
793,0,0,0,0,0,0,0.107326,-0.00387552,0,0,0,0,0,0,1.32199,0.0581329,0,0,0,0,0,0,-2.83481,0.0303302,0,0,0,0,0,0,-0.057974,0.0387552,0,0,0,0,0,0,1.30258,0,0,0,0,0,0,0,-2.80471,0.0181981,0,0,0,0,0,0,-0.296763,0.0387552,0,0,0,0,0,0,1.31635,-0.0155021,0,0,0,0,0,0,-2.81373,0,0,0,0,0,0,0,0.31611,-0.0193776,0,0,0,0,0,0,1.309,0,0,0,0,0,0,0,-2.81086,0.0485283,
794,0,0,0,0,0,0,0.107357,0.0387552,0,0,0,0,0,0,1.32196,0,0,0,0,0,0,0,-2.83482,-0.00202201,0,0,0,0,0,0,-0.0580043,-0.0581329,0,0,0,0,0,0,1.30258,0,0,0,0,0,0,0,-2.80471,0.0202201,0,0,0,0,0,0,-0.296793,-0.0155021,0,0,0,0,0,0,1.31635,-0.0232531,0,0,0,0,0,0,-2.81373,0.00808805,0,0,0,0,0,0,0.31611,-0.0193776,0,0,0,0,0,0,1.309,-0.0193776,0,0,0,0,0,0,-2.81089,0,
795,0,0,0,0,0,0,0.107326,0.0542573,0,0,0,0,0,0,1.32199,0.0426308,0,0,0,0,0,0,-2.83481,0.0181981,0,0,0,0,0,0,-0.0580346,-0.0426308,0,0,0,0,0,0,1.30255,-0.0310042,0,0,0,0,0,0,-2.80471,0.0262862,0,0,0,0,0,0,-0.296763,0.0930126,0,0,0,0,0,0,1.31635,-0.0155021,0,0,0,0,0,0,-2.81375,-0.0161761,0,0,0,0,0,0,0.31611,-0.0116266,0,0,0,0,0,0,1.30897,-0.0620084,0,0,0,0,0,0,-2.81087,0.0222421,
796,0,0,0,0,0,0,0.107357,-0.0620084,0,0,0,0,0,0,1.32199,0.0620084,0,0,0,0,0,0,-2.83481,0.0242641,0,0,0,0,0,0,-0.057974,0.0116266,0,0,0,0,0,0,1.30258,0,0,0,0,0,0,0,-2.80473,0.00202201,0,0,0,0,0,0,-0.296763,0.0387552,0,0,0,0,0,0,1.31635,-0.00387552,0,0,0,0,0,0,-2.81375,-0.0202201,0,0,0,0,0,0,0.31611,-0.0193776,0,0,0,0,0,0,1.309,0,0,0,0,0,0,0,-2.81087,-0.0101101,
797,0,0,0,0,0,0,0.107357,0.0232531,0,0,0,0,0,0,1.32196,0.0155021,0,0,0,0,0,0,-2.83482,-0.0141541,0,0,0,0,0,0,-0.057974,0.0387552,0,0,0,0,0,0,1.30258,0.00387552,0,0,0,0,0,0,-2.80473,-0.00404402,0,0,0,0,0,0,-0.296763,0.0387552,0,0,0,0,0,0,1.31639,0.0581329,0,0,0,0,0,0,-2.81373,0.00404402,0,0,0,0,0,0,0.31614,0.0426308,0,0,0,0,0,0,1.30903,0.0193776,0,0,0,0,0,0,-2.81087,0.0202201,
798,0,0,0,0,0,0,0.107326,-0.0387552,0,0,0,0,0,0,1.32196,-0.00775105,0,0,0,0,0,0,-2.83484,-0.0323522,0,0,0,0,0,0,-0.0580346,-0.0581329,0,0,0,0,0,0,1.30258,0.0193776,0,0,0,0,0,0,-2.80471,0.0161761,0,0,0,0,0,0,-0.296763,0.0271287,0,0,0,0,0,0,1.31635,0,0,0,0,0,0,0,-2.81373,0.0101101,0,0,0,0,0,0,0.31614,0.0503818,0,0,0,0,0,0,1.309,-0.0155021,0,0,0,0,0,0,-2.81089,0,
799,0,0,0,0,0,0,0.107357,0.0116266,0,0,0,0,0,0,1.32199,0.0426308,0,0,0,0,0,0,-2.83482,-0.00808805,0,0,0,0,0,0,-0.0580346,-0.081386,0,0,0,0,0,0,1.30258,-0.00387552,0,0,0,0,0,0,-2.80471,0.0283082,0,0,0,0,0,0,-0.296763,0.0387552,0,0,0,0,0,0,1.31635,0.00387552,0,0,0,0,0,0,-2.81375,-0.0121321,0,0,0,0,0,0,0.31611,-0.00775105,0,0,0,0,0,0,1.309,-0.0348797,0,0,0,0,0,0,-2.81087,0.0262862,
800,0,0,0,0,0,0,0.107357,0.0271287,0,0,0,0,0,0,1.32199,0.0658839,0,0,0,0,0,0,-2.83484,-0.0424623,0,0,0,0,0,0,-0.0580043,-0.00387552,0,0,0,0,0,0,1.30258,0.00387552,0,0,0,0,0,0,-2.80471,0.0202201,0,0,0,0,0,0,-0.296793,-0.0348797,0,0,0,0,0,0,1.31635,-0.00775105,0,0,0,0,0,0,-2.81375,-0.0262862,0,0,0,0,0,0,0.31611,0,0,0,0,0,0,0,1.309,-0.0232531,0,0,0,0,0,0,-2.81089,-0.00404402,
801,0,0,0,0,0,0,0.107326,-0.0465063,0,0,0,0,0,0,1.32196,-0.00387552,0,0,0,0,0,0,-2.83484,-0.0202201,0,0,0,0,0,0,-0.0580346,-0.0581329,0,0,0,0,0,0,1.30255,-0.0310042,0,0,0,0,0,0,-2.80471,0.0202201,0,0,0,0,0,0,-0.296763,0.0232531,0,0,0,0,0,0,1.31639,0.0503818,0,0,0,0,0,0,-2.81373,0.00606604,0,0,0,0,0,0,0.31611,-0.00775105,0,0,0,0,0,0,1.30897,-0.0620084,0,0,0,0,0,0,-2.81089,-0.00404402,
802,0,0,0,0,0,0,0.107357,0.0387552,0,0,0,0,0,0,1.32196,0,0,0,0,0,0,0,-2.83484,-0.0323522,0,0,0,0,0,0,-0.057974,0.0193776,0,0,0,0,0,0,1.30258,-0.0116266,0,0,0,0,0,0,-2.80473,0.00404402,0,0,0,0,0,0,-0.296763,0.0271287,0,0,0,0,0,0,1.31635,-0.0348797,0,0,0,0,0,0,-2.81375,-0.0202201,0,0,0,0,0,0,0.31614,0.0542573,0,0,0,0,0,0,1.309,-0.0348797,0,0,0,0,0,0,-2.81087,0.0202201,
803,0,0,0,0,0,0,0.107357,0.0310042,0,0,0,0,0,0,1.32196,0.0426308,0,0,0,0,0,0,-2.83482,0.00202201,0,0,0,0,0,0,-0.0580346,-0.073635,0,0,0,0,0,0,1.30258,0.0116266,0,0,0,0,0,0,-2.80471,0.0181981,0,0,0,0,0,0,-0.296763,-0.0116266,0,0,0,0,0,0,1.31639,0.0387552,0,0,0,0,0,0,-2.81375,-0.0202201,0,0,0,0,0,0,0.31611,0,0,0,0,0,0,0,1.309,-0.0387552,0,0,0,0,0,0,-2.81089,-0.00808805,
804,0,0,0,0,0,0,0.107326,-0.0271287,0,0,0,0,0,0,1.32196,0.0426308,0,0,0,0,0,0,-2.83481,0.0262862,0,0,0,0,0,0,-0.057974,0.0310042,0,0,0,0,0,0,1.30255,-0.0465063,0,0,0,0,0,0,-2.80471,0.0141541,0,0,0,0,0,0,-0.296763,0.0348797,0,0,0,0,0,0,1.31635,0,0,0,0,0,0,0,-2.81375,-0.0262862,0,0,0,0,0,0,0.31611,0,0,0,0,0,0,0,1.30903,0.0387552,0,0,0,0,0,0,-2.81089,-0.00808805,
805,0,0,0,0,0,0,0.107357,0.0232531,0,0,0,0,0,0,1.32199,0.0581329,0,0,0,0,0,0,-2.83482,0.00808805,0,0,0,0,0,0,-0.0580043,-0.0271287,0,0,0,0,0,0,1.30255,-0.0581329,0,0,0,0,0,0,-2.80473,0,0,0,0,0,0,0,-0.296732,0.089137,0,0,0,0,0,0,1.31635,-0.0193776,0,0,0,0,0,0,-2.81375,-0.0181981,0,0,0,0,0,0,0.31614,0.0387552,0,0,0,0,0,0,1.309,-0.0155021,0,0,0,0,0,0,-2.81089,-0.00404402,
806,0,0,0,0,0,0,0.107296,-0.073635,0,0,0,0,0,0,1.32199,0.0426308,0,0,0,0,0,0,-2.83484,-0.0202201,0,0,0,0,0,0,-0.0580043,-0.00775105,0,0,0,0,0,0,1.30255,-0.0542573,0,0,0,0,0,0,-2.80475,-0.0303302,0,0,0,0,0,0,-0.296793,-0.0271287,0,0,0,0,0,0,1.31635,0,0,0,0,0,0,0,-2.81375,-0.0222421,0,0,0,0,0,0,0.31611,-0.0232531,0,0,0,0,0,0,1.309,0,0,0,0,0,0,0,-2.81089,-0.0101101,
807,0,0,0,0,0,0,0.107357,0.0232531,0,0,0,0,0,0,1.32199,0.0426308,0,0,0,0,0,0,-2.83482,0,0,0,0,0,0,0,-0.0580346,-0.0775105,0,0,0,0,0,0,1.30255,-0.0387552,0,0,0,0,0,0,-2.80471,0.0141541,0,0,0,0,0,0,-0.296763,0.0155021,0,0,0,0,0,0,1.31639,0.0581329,0,0,0,0,0,0,-2.81375,-0.0202201,0,0,0,0,0,0,0.31611,-0.0193776,0,0,0,0,0,0,1.30897,-0.0658839,0,0,0,0,0,0,-2.81087,0.0202201,
808,0,0,0,0,0,0,0.107326,-0.0542573,0,0,0,0,0,0,1.32199,0.0542573,0,0,0,0,0,0,-2.83482,0.00808805,0,0,0,0,0,0,-0.0580043,-0.0310042,0,0,0,0,0,0,1.30258,-0.0348797,0,0,0,0,0,0,-2.80471,0.0181981,0,0,0,0,0,0,-0.296763,0.0426308,0,0,0,0,0,0,1.31639,0.0348797,0,0,0,0,0,0,-2.81373,0.00808805,0,0,0,0,0,0,0.31611,-0.00775105,0,0,0,0,0,0,1.309,0,0,0,0,0,0,0,-2.81089,-0.0101101,
809,0,0,0,0,0,0,0.107357,0.0310042,0,0,0,0,0,0,1.32196,-0.00387552,0,0,0,0,0,0,-2.83484,-0.0202201,0,0,0,0,0,0,-0.057974,0.0193776,0,0,0,0,0,0,1.30255,-0.0387552,0,0,0,0,0,0,-2.80471,0.0262862,0,0,0,0,0,0,-0.296763,0.0348797,0,0,0,0,0,0,1.31635,-0.00387552,0,0,0,0,0,0,-2.81375,-0.0202201,0,0,0,0,0,0,0.31614,0.0387552,0,0,0,0,0,0,1.30897,-0.0697594,0,0,0,0,0,0,-2.81089,-0.00606604,
810,0,0,0,0,0,0,0.107357,0.0271287,0,0,0,0,0,0,1.32196,0.00775105,0,0,0,0,0,0,-2.83484,-0.0323522,0,0,0,0,0,0,-0.057974,0.0232531,0,0,0,0,0,0,1.30258,0.00387552,0,0,0,0,0,0,-2.80471,0.0181981,0,0,0,0,0,0,-0.296793,-0.0426308,0,0,0,0,0,0,1.31639,0.0620084,0,0,0,0,0,0,-2.81373,0.00808805,0,0,0,0,0,0,0.31611,-0.0193776,0,0,0,0,0,0,1.309,-0.0232531,0,0,0,0,0,0,-2.81087,0.0202201,
